lesion_id,image_id,dx,dx_type,age,sex,localization,cache_index,split
HAM_0000118,ISIC_0027419,bkl,histo,80.0,male,scalp,0,train
HAM_0000118,ISIC_0025030,bkl,histo,80.0,male,scalp,1,train
HAM_0002730,ISIC_0026769,bkl,histo,80.0,male,scalp,2,train
HAM_0002730,ISIC_0025661,bkl,histo,80.0,male,scalp,3,train
HAM_0001466,ISIC_0031633,bkl,histo,75.0,male,ear,4,train
HAM_0001466,ISIC_0027850,bkl,histo,75.0,male,ear,5,train
HAM_0001396,ISIC_0025276,bkl,histo,55.0,female,trunk,10,train
HAM_0004234,ISIC_0029396,bkl,histo,85.0,female,chest,11,train
HAM_0004234,ISIC_0025984,bkl,histo,85.0,female,chest,12,train
HAM_0001949,ISIC_0025767,bkl,histo,70.0,male,trunk,13,train
HAM_0001949,ISIC_0032417,bkl,histo,70.0,male,trunk,14,train
HAM_0007207,ISIC_0031326,bkl,histo,65.0,male,back,15,train
HAM_0006071,ISIC_0032343,bkl,histo,70.0,female,face,20,train
HAM_0003301,ISIC_0025033,bkl,histo,60.0,male,back,21,train
HAM_0003301,ISIC_0027310,bkl,histo,60.0,male,back,22,train
HAM_0004884,ISIC_0032128,bkl,histo,75.0,male,upper extremity,23,train
HAM_0004884,ISIC_0025937,bkl,histo,75.0,male,upper extremity,24,train
HAM_0002521,ISIC_0027828,bkl,histo,40.0,male,upper extremity,25,train
HAM_0002521,ISIC_0029291,bkl,histo,40.0,male,upper extremity,26,train
HAM_0005772,ISIC_0031159,bkl,histo,60.0,female,face,31,train
HAM_0005772,ISIC_0031017,bkl,histo,60.0,female,face,32,train
HAM_0005612,ISIC_0024981,bkl,histo,80.0,male,scalp,33,train
HAM_0000351,ISIC_0024324,bkl,histo,85.0,male,back,35,train
HAM_0000351,ISIC_0029559,bkl,histo,85.0,male,back,36,train
HAM_0003847,ISIC_0030661,bkl,histo,85.0,male,upper extremity,37,train
HAM_0003847,ISIC_0027053,bkl,histo,85.0,male,upper extremity,38,train
HAM_0003847,ISIC_0028560,bkl,histo,85.0,male,upper extremity,39,train
HAM_0003847,ISIC_0031650,bkl,histo,85.0,male,upper extremity,40,train
HAM_0002299,ISIC_0025819,bkl,histo,75.0,female,face,46,train
HAM_0002299,ISIC_0032013,bkl,histo,75.0,female,face,47,train
HAM_0007010,ISIC_0031691,bkl,histo,40.0,male,trunk,48,train
HAM_0007010,ISIC_0025419,bkl,histo,40.0,male,trunk,49,train
HAM_0003670,ISIC_0030105,bkl,histo,80.0,female,unknown,50,train
HAM_0007125,ISIC_0025016,bkl,histo,75.0,male,back,51,train
HAM_0007125,ISIC_0029147,bkl,histo,75.0,male,back,52,train
HAM_0001221,ISIC_0029301,bkl,histo,45.0,male,upper extremity,53,train
HAM_0001221,ISIC_0026637,bkl,histo,45.0,male,upper extremity,54,train
HAM_0001983,ISIC_0030377,bkl,histo,70.0,male,back,55,train
HAM_0003569,ISIC_0027960,bkl,histo,75.0,male,unknown,56,train
HAM_0003569,ISIC_0026955,bkl,histo,75.0,male,unknown,57,train
HAM_0000700,ISIC_0028052,bkl,histo,60.0,male,face,58,train
HAM_0000728,ISIC_0025286,bkl,histo,50.0,male,lower extremity,59,train
HAM_0000959,ISIC_0029288,bkl,histo,75.0,female,face,62,train
HAM_0000959,ISIC_0031008,bkl,histo,75.0,female,face,63,train
HAM_0004569,ISIC_0031495,bkl,histo,40.0,male,upper extremity,65,train
HAM_0004569,ISIC_0026104,bkl,histo,40.0,male,upper extremity,66,train
HAM_0004641,ISIC_0025099,bkl,histo,60.0,male,abdomen,67,train
HAM_0004641,ISIC_0031485,bkl,histo,60.0,male,abdomen,68,train
HAM_0004341,ISIC_0031967,bkl,histo,70.0,female,scalp,71,train
HAM_0004341,ISIC_0031584,bkl,histo,70.0,female,scalp,72,train
HAM_0001469,ISIC_0029289,bkl,histo,60.0,female,trunk,75,train
HAM_0001469,ISIC_0029912,bkl,histo,60.0,female,trunk,76,train
HAM_0001728,ISIC_0033539,bkl,histo,60.0,male,back,77,train
HAM_0000959,ISIC_0030189,bkl,histo,75.0,female,face,80,train
HAM_0000959,ISIC_0026532,bkl,histo,75.0,female,face,81,train
HAM_0001773,ISIC_0024832,bkl,histo,40.0,female,face,82,train
HAM_0001773,ISIC_0026958,bkl,histo,40.0,female,face,83,train
HAM_0002127,ISIC_0030768,bkl,histo,40.0,male,face,84,train
HAM_0002127,ISIC_0029837,bkl,histo,40.0,male,face,85,train
HAM_0005075,ISIC_0030607,bkl,histo,80.0,male,upper extremity,88,train
HAM_0005075,ISIC_0029060,bkl,histo,80.0,male,upper extremity,89,train
HAM_0002921,ISIC_0029308,bkl,histo,60.0,female,face,90,train
HAM_0003410,ISIC_0024635,bkl,histo,60.0,female,face,91,train
HAM_0003410,ISIC_0029425,bkl,histo,60.0,female,face,92,train
HAM_0000746,ISIC_0027023,bkl,histo,60.0,male,face,95,train
HAM_0003007,ISIC_0025388,bkl,histo,40.0,female,abdomen,97,train
HAM_0003007,ISIC_0028080,bkl,histo,40.0,female,abdomen,98,train
HAM_0001853,ISIC_0032306,bkl,histo,55.0,male,face,104,train
HAM_0001665,ISIC_0027957,bkl,histo,50.0,male,lower extremity,107,train
HAM_0001665,ISIC_0031212,bkl,histo,50.0,male,lower extremity,108,train
HAM_0000114,ISIC_0029674,bkl,histo,65.0,male,face,111,train
HAM_0000114,ISIC_0028607,bkl,histo,65.0,male,face,112,train
HAM_0004673,ISIC_0029418,bkl,histo,50.0,male,back,115,train
HAM_0004673,ISIC_0027455,bkl,histo,50.0,male,back,116,train
HAM_0007179,ISIC_0025906,bkl,histo,0.0,female,back,117,train
HAM_0007179,ISIC_0027151,bkl,histo,0.0,female,back,118,train
HAM_0005077,ISIC_0028646,bkl,histo,75.0,male,upper extremity,119,train
HAM_0000566,ISIC_0026794,bkl,histo,60.0,female,face,120,train
HAM_0000344,ISIC_0034318,bkl,histo,55.0,male,trunk,121,train
HAM_0000344,ISIC_0032972,bkl,histo,55.0,male,trunk,122,train
HAM_0004332,ISIC_0032534,bkl,histo,55.0,male,trunk,123,train
HAM_0004332,ISIC_0033785,bkl,histo,55.0,male,trunk,124,train
HAM_0004332,ISIC_0033184,bkl,histo,55.0,male,trunk,125,train
HAM_0003321,ISIC_0032929,bkl,histo,75.0,female,face,126,train
HAM_0003321,ISIC_0032963,bkl,histo,75.0,female,face,127,train
HAM_0006085,ISIC_0032949,bkl,histo,85.0,female,face,128,train
HAM_0006085,ISIC_0033322,bkl,histo,85.0,female,face,129,train
HAM_0006085,ISIC_0033127,bkl,histo,85.0,female,face,130,train
HAM_0002040,ISIC_0033041,bkl,histo,50.0,female,lower extremity,131,train
HAM_0002040,ISIC_0033900,bkl,histo,50.0,female,lower extremity,132,train
HAM_0002040,ISIC_0033361,bkl,histo,50.0,female,lower extremity,133,train
HAM_0004075,ISIC_0030276,bkl,histo,60.0,male,face,137,train
HAM_0000112,ISIC_0033583,bkl,histo,55.0,female,face,138,train
HAM_0000112,ISIC_0033465,bkl,histo,55.0,female,face,139,train
HAM_0003001,ISIC_0032514,bkl,histo,75.0,male,face,143,train
HAM_0006654,ISIC_0033691,bkl,histo,75.0,male,back,144,train
HAM_0006654,ISIC_0033910,bkl,histo,75.0,male,back,145,train
HAM_0006654,ISIC_0032556,bkl,histo,75.0,male,back,146,train
HAM_0003743,ISIC_0033646,bkl,histo,50.0,male,upper extremity,147,train
HAM_0003743,ISIC_0033592,bkl,histo,50.0,male,upper extremity,148,train
HAM_0003743,ISIC_0033899,bkl,histo,50.0,male,upper extremity,149,train
HAM_0007101,ISIC_0032842,bkl,histo,60.0,male,lower extremity,150,train
HAM_0007101,ISIC_0032618,bkl,histo,60.0,male,lower extremity,151,train
HAM_0007101,ISIC_0032513,bkl,histo,60.0,male,lower extremity,152,train
HAM_0003770,ISIC_0032877,bkl,histo,80.0,male,face,156,train
HAM_0003770,ISIC_0034175,bkl,histo,80.0,male,face,157,train
HAM_0003770,ISIC_0033523,bkl,histo,80.0,male,face,158,train
HAM_0000779,ISIC_0032978,bkl,histo,70.0,male,chest,160,train
HAM_0001385,ISIC_0033280,bkl,histo,50.0,female,neck,164,train
HAM_0001385,ISIC_0033212,bkl,histo,50.0,female,neck,165,train
HAM_0001385,ISIC_0033770,bkl,histo,50.0,female,neck,166,train
HAM_0003978,ISIC_0033284,bkl,histo,80.0,male,trunk,169,train
HAM_0003978,ISIC_0033908,bkl,histo,80.0,male,trunk,170,train
HAM_0005258,ISIC_0033400,bkl,histo,60.0,female,lower extremity,171,train
HAM_0005258,ISIC_0033677,bkl,histo,60.0,female,lower extremity,172,train
HAM_0005258,ISIC_0033262,bkl,histo,60.0,female,lower extremity,173,train
HAM_0000802,ISIC_0033437,bkl,histo,60.0,female,lower extremity,174,train
HAM_0006801,ISIC_0032688,bkl,histo,60.0,female,lower extremity,175,train
HAM_0000802,ISIC_0033195,bkl,histo,60.0,female,lower extremity,176,train
HAM_0000802,ISIC_0032553,bkl,histo,60.0,female,lower extremity,177,train
HAM_0006801,ISIC_0033252,bkl,histo,60.0,female,lower extremity,178,train
HAM_0006801,ISIC_0032570,bkl,histo,60.0,female,lower extremity,179,train
HAM_0002008,ISIC_0033379,bkl,histo,60.0,female,face,182,train
HAM_0002008,ISIC_0033438,bkl,histo,60.0,female,face,183,train
HAM_0002008,ISIC_0032983,bkl,histo,60.0,female,face,184,train
HAM_0002008,ISIC_0034024,bkl,histo,60.0,female,face,185,train
HAM_0004975,ISIC_0033778,bkl,histo,85.0,male,chest,186,train
HAM_0004975,ISIC_0032863,bkl,histo,85.0,male,chest,187,train
HAM_0004975,ISIC_0034168,bkl,histo,85.0,male,chest,188,train
HAM_0007384,ISIC_0033410,bkl,histo,65.0,female,face,191,train
HAM_0007384,ISIC_0032725,bkl,histo,65.0,female,face,192,train
HAM_0000516,ISIC_0033952,bkl,histo,85.0,male,back,193,train
HAM_0004255,ISIC_0033264,bkl,histo,85.0,male,back,194,train
HAM_0002327,ISIC_0033606,bkl,histo,60.0,female,neck,195,train
HAM_0002327,ISIC_0034103,bkl,histo,60.0,female,neck,196,train
HAM_0002327,ISIC_0032883,bkl,histo,60.0,female,neck,197,train
HAM_0002928,ISIC_0032665,bkl,histo,80.0,male,trunk,198,train
HAM_0002928,ISIC_0033130,bkl,histo,80.0,male,trunk,199,train
HAM_0001354,ISIC_0033321,bkl,histo,65.0,male,lower extremity,200,train
HAM_0001954,ISIC_0032776,bkl,histo,55.0,male,trunk,206,train
HAM_0001954,ISIC_0033828,bkl,histo,55.0,male,trunk,207,train
HAM_0001858,ISIC_0033235,bkl,histo,85.0,male,scalp,208,train
HAM_0001858,ISIC_0026085,bkl,histo,85.0,male,scalp,209,train
HAM_0000087,ISIC_0034070,bkl,histo,45.0,male,upper extremity,210,train
HAM_0000087,ISIC_0033709,bkl,histo,45.0,male,upper extremity,211,train
HAM_0002894,ISIC_0033776,bkl,histo,40.0,female,abdomen,214,train
HAM_0002894,ISIC_0033056,bkl,histo,40.0,female,abdomen,215,train
HAM_0003265,ISIC_0025180,bkl,histo,35.0,female,chest,216,train
HAM_0003265,ISIC_0026107,bkl,histo,35.0,female,chest,217,train
HAM_0004458,ISIC_0033853,bkl,histo,80.0,male,back,218,train
HAM_0004458,ISIC_0033453,bkl,histo,80.0,male,back,219,train
HAM_0004458,ISIC_0034126,bkl,histo,80.0,male,back,220,train
HAM_0003050,ISIC_0033744,bkl,histo,70.0,male,face,221,train
HAM_0003050,ISIC_0033659,bkl,histo,70.0,male,face,222,train
HAM_0003927,ISIC_0032567,bkl,histo,60.0,female,lower extremity,223,train
HAM_0003927,ISIC_0033088,bkl,histo,60.0,female,lower extremity,224,train
HAM_0003927,ISIC_0032756,bkl,histo,60.0,female,lower extremity,225,train
HAM_0000790,ISIC_0032654,bkl,histo,75.0,male,face,226,train
HAM_0000790,ISIC_0032576,bkl,histo,75.0,male,face,227,train
HAM_0004091,ISIC_0033587,bkl,histo,75.0,male,back,228,train
HAM_0004091,ISIC_0032675,bkl,histo,75.0,male,back,229,train
HAM_0001855,ISIC_0033581,bkl,histo,75.0,male,back,232,train
HAM_0001855,ISIC_0033913,bkl,histo,75.0,male,back,233,train
HAM_0005131,ISIC_0034235,bkl,histo,80.0,male,scalp,234,train
HAM_0005131,ISIC_0034007,bkl,histo,80.0,male,scalp,235,train
HAM_0002372,ISIC_0034303,bkl,histo,65.0,male,neck,236,train
HAM_0002372,ISIC_0034031,bkl,histo,65.0,male,neck,237,train
HAM_0002372,ISIC_0033124,bkl,histo,65.0,male,neck,238,train
HAM_0007341,ISIC_0032898,bkl,histo,50.0,female,lower extremity,241,train
HAM_0007341,ISIC_0033488,bkl,histo,50.0,female,lower extremity,242,train
HAM_0007341,ISIC_0033758,bkl,histo,50.0,female,lower extremity,243,train
HAM_0006281,ISIC_0033507,bkl,histo,75.0,male,lower extremity,248,train
HAM_0006281,ISIC_0033791,bkl,histo,75.0,male,lower extremity,249,train
HAM_0004555,ISIC_0034259,bkl,histo,75.0,male,lower extremity,250,train
HAM_0004555,ISIC_0033446,bkl,histo,75.0,male,lower extremity,251,train
HAM_0004555,ISIC_0033200,bkl,histo,75.0,male,lower extremity,252,train
HAM_0004029,ISIC_0029472,bkl,histo,65.0,male,upper extremity,253,train
HAM_0004029,ISIC_0029682,bkl,histo,65.0,male,upper extremity,254,train
HAM_0006018,ISIC_0033642,bkl,histo,75.0,male,trunk,255,train
HAM_0006018,ISIC_0033486,bkl,histo,75.0,male,trunk,256,train
HAM_0001309,ISIC_0033629,bkl,histo,60.0,female,lower extremity,259,train
HAM_0001309,ISIC_0034037,bkl,histo,60.0,female,lower extremity,260,train
HAM_0001309,ISIC_0032876,bkl,histo,60.0,female,lower extremity,261,train
HAM_0001837,ISIC_0033635,bkl,histo,80.0,male,trunk,262,train
HAM_0001837,ISIC_0033868,bkl,histo,80.0,male,trunk,263,train
HAM_0004406,ISIC_0034125,bkl,histo,80.0,male,back,264,train
HAM_0004406,ISIC_0033060,bkl,histo,80.0,male,back,265,train
HAM_0004807,ISIC_0030124,bkl,histo,65.0,male,back,269,train
HAM_0001927,ISIC_0029600,bkl,histo,85.0,female,abdomen,271,train
HAM_0005862,ISIC_0031376,bkl,histo,65.0,female,face,272,train
HAM_0004748,ISIC_0027513,bkl,histo,55.0,male,upper extremity,273,train
HAM_0002810,ISIC_0031876,bkl,histo,70.0,female,chest,274,train
HAM_0007431,ISIC_0031620,bkl,histo,50.0,male,face,275,train
HAM_0002810,ISIC_0030542,bkl,histo,70.0,female,chest,276,train
HAM_0000113,ISIC_0029548,bkl,histo,75.0,female,hand,277,train
HAM_0000113,ISIC_0027989,bkl,histo,75.0,female,hand,278,train
HAM_0001738,ISIC_0027218,bkl,histo,50.0,female,lower extremity,281,train
HAM_0003090,ISIC_0028020,bkl,histo,50.0,female,lower extremity,284,train
HAM_0002691,ISIC_0031345,bkl,histo,80.0,female,hand,285,train
HAM_0006630,ISIC_0032063,bkl,histo,50.0,male,trunk,286,train
HAM_0006128,ISIC_0028701,bkl,histo,55.0,female,lower extremity,289,train
HAM_0001562,ISIC_0027713,bkl,histo,80.0,male,face,290,train
HAM_0005891,ISIC_0026060,bkl,histo,70.0,female,face,291,train
HAM_0007100,ISIC_0031989,bkl,histo,50.0,male,face,295,train
HAM_0006325,ISIC_0027739,bkl,histo,50.0,male,lower extremity,299,train
HAM_0004114,ISIC_0026844,bkl,histo,75.0,male,back,300,train
HAM_0005465,ISIC_0026827,bkl,histo,60.0,female,back,302,train
HAM_0000582,ISIC_0025885,bkl,histo,85.0,male,lower extremity,304,train
HAM_0003293,ISIC_0029010,bkl,histo,55.0,male,back,306,train
HAM_0001995,ISIC_0024581,bkl,histo,40.0,male,lower extremity,307,train
HAM_0004947,ISIC_0029003,bkl,histo,75.0,male,abdomen,308,train
HAM_0004947,ISIC_0024711,bkl,histo,75.0,male,abdomen,309,train
HAM_0002839,ISIC_0032280,bkl,histo,60.0,female,lower extremity,310,train
HAM_0002839,ISIC_0025982,bkl,histo,60.0,female,lower extremity,311,train
HAM_0003000,ISIC_0025326,bkl,histo,50.0,female,upper extremity,314,train
HAM_0006190,ISIC_0025507,bkl,histo,65.0,female,lower extremity,318,train
HAM_0007260,ISIC_0028336,bkl,histo,60.0,male,chest,319,train
HAM_0001362,ISIC_0025838,bkl,histo,75.0,male,chest,320,train
HAM_0007332,ISIC_0027780,bkl,histo,70.0,male,lower extremity,321,train
HAM_0003613,ISIC_0030118,bkl,histo,80.0,female,back,323,train
HAM_0006769,ISIC_0030721,bkl,histo,85.0,male,back,326,train
HAM_0006122,ISIC_0031556,bkl,histo,60.0,male,scalp,327,train
HAM_0007296,ISIC_0027068,bkl,histo,65.0,female,upper extremity,328,train
HAM_0006350,ISIC_0031130,bkl,histo,50.0,female,chest,330,train
HAM_0003752,ISIC_0028308,bkl,histo,50.0,female,chest,331,train
HAM_0003868,ISIC_0024708,bkl,histo,80.0,male,back,332,train
HAM_0000122,ISIC_0028354,bkl,histo,50.0,male,face,333,train
HAM_0000364,ISIC_0024505,bkl,histo,40.0,female,face,334,train
HAM_0004382,ISIC_0025743,bkl,histo,85.0,male,face,335,train
HAM_0002988,ISIC_0025337,bkl,histo,35.0,male,face,339,train
HAM_0003140,ISIC_0027037,bkl,histo,70.0,female,lower extremity,340,train
HAM_0002121,ISIC_0032486,bkl,histo,70.0,female,lower extremity,341,train
HAM_0006987,ISIC_0027649,bkl,histo,85.0,female,upper extremity,343,train
HAM_0007529,ISIC_0026607,bkl,histo,50.0,male,chest,344,train
HAM_0005865,ISIC_0030731,bkl,histo,70.0,male,chest,345,train
HAM_0002392,ISIC_0028233,bkl,histo,55.0,male,face,346,train
HAM_0003014,ISIC_0031542,bkl,histo,45.0,male,upper extremity,347,train
HAM_0003076,ISIC_0029062,bkl,histo,65.0,female,face,348,train
HAM_0005260,ISIC_0025485,bkl,histo,65.0,male,scalp,350,train
HAM_0000884,ISIC_0026728,bkl,histo,65.0,male,upper extremity,352,train
HAM_0002335,ISIC_0031812,bkl,histo,85.0,male,upper extremity,353,train
HAM_0002335,ISIC_0030465,bkl,histo,85.0,male,upper extremity,354,train
HAM_0003089,ISIC_0030706,bkl,histo,85.0,male,back,357,train
HAM_0002199,ISIC_0029522,bkl,histo,75.0,male,lower extremity,358,train
HAM_0004928,ISIC_0031424,bkl,histo,65.0,male,neck,359,train
HAM_0004928,ISIC_0029770,bkl,histo,65.0,male,neck,360,train
HAM_0004917,ISIC_0026301,bkl,histo,65.0,male,lower extremity,361,train
HAM_0004917,ISIC_0030227,bkl,histo,65.0,male,lower extremity,362,train
HAM_0002585,ISIC_0027026,bkl,histo,85.0,female,neck,364,train
HAM_0005674,ISIC_0031060,bkl,histo,70.0,female,back,367,train
HAM_0001546,ISIC_0027584,bkl,histo,45.0,male,chest,368,train
HAM_0003830,ISIC_0028496,bkl,histo,65.0,male,upper extremity,370,train
HAM_0000245,ISIC_0027454,bkl,histo,75.0,female,back,371,train
HAM_0002169,ISIC_0031593,bkl,histo,65.0,male,upper extremity,372,train
HAM_0001389,ISIC_0026775,bkl,histo,75.0,male,lower extremity,373,train
HAM_0006294,ISIC_0032348,bkl,histo,75.0,female,chest,375,train
HAM_0006472,ISIC_0027394,bkl,histo,75.0,male,back,377,train
HAM_0002169,ISIC_0032200,bkl,histo,65.0,male,upper extremity,380,train
HAM_0004131,ISIC_0025583,bkl,histo,60.0,female,face,381,train
HAM_0003069,ISIC_0027344,bkl,histo,70.0,male,lower extremity,385,train
HAM_0005022,ISIC_0027367,bkl,histo,70.0,female,lower extremity,388,train
HAM_0006065,ISIC_0028952,bkl,histo,40.0,female,lower extremity,389,train
HAM_0006513,ISIC_0030783,bkl,histo,70.0,female,lower extremity,392,train
HAM_0001788,ISIC_0029100,bkl,histo,65.0,male,chest,394,train
HAM_0000243,ISIC_0024445,bkl,histo,55.0,male,lower extremity,398,train
HAM_0004945,ISIC_0029358,bkl,histo,85.0,male,back,399,train
HAM_0004945,ISIC_0031766,bkl,histo,85.0,male,back,400,train
HAM_0004945,ISIC_0030258,bkl,histo,85.0,male,back,401,train
HAM_0007513,ISIC_0025297,bkl,histo,75.0,female,face,403,train
HAM_0007513,ISIC_0024676,bkl,histo,75.0,female,face,404,train
HAM_0002306,ISIC_0027606,bkl,histo,65.0,male,upper extremity,405,train
HAM_0000110,ISIC_0025703,bkl,histo,70.0,male,back,406,train
HAM_0002902,ISIC_0026443,bkl,histo,80.0,female,lower extremity,408,train
HAM_0003140,ISIC_0030459,bkl,histo,70.0,female,lower extremity,410,train
HAM_0003140,ISIC_0029776,bkl,histo,70.0,female,lower extremity,411,train
HAM_0003152,ISIC_0027996,bkl,histo,40.0,female,face,412,train
HAM_0005514,ISIC_0024453,bkl,histo,65.0,female,face,413,train
HAM_0005546,ISIC_0029519,bkl,histo,60.0,male,back,414,train
HAM_0004259,ISIC_0026644,bkl,histo,60.0,female,neck,415,train
HAM_0001325,ISIC_0030522,bkl,histo,70.0,male,scalp,416,train
HAM_0004545,ISIC_0025985,bkl,histo,70.0,male,back,418,train
HAM_0007232,ISIC_0025830,bkl,histo,80.0,male,back,420,train
HAM_0003152,ISIC_0030208,bkl,histo,40.0,female,face,422,train
HAM_0003452,ISIC_0032006,bkl,histo,75.0,male,chest,423,train
HAM_0003452,ISIC_0028920,bkl,histo,75.0,male,chest,424,train
HAM_0000782,ISIC_0030723,bkl,histo,75.0,female,face,425,train
HAM_0001493,ISIC_0032373,bkl,histo,70.0,female,chest,426,train
HAM_0002301,ISIC_0028555,bkl,histo,50.0,male,scalp,427,train
HAM_0002301,ISIC_0029568,bkl,histo,50.0,male,scalp,428,train
HAM_0002316,ISIC_0029217,bkl,histo,35.0,male,face,429,train
HAM_0004377,ISIC_0030561,bkl,histo,40.0,female,foot,431,train
HAM_0004506,ISIC_0027320,bkl,histo,85.0,female,neck,432,train
HAM_0006123,ISIC_0025275,bkl,histo,70.0,female,back,434,train
HAM_0006123,ISIC_0026606,bkl,histo,70.0,female,back,435,train
HAM_0006123,ISIC_0025986,bkl,histo,70.0,female,back,436,train
HAM_0000898,ISIC_0025529,bkl,histo,80.0,male,scalp,441,train
HAM_0007332,ISIC_0026481,bkl,histo,70.0,male,lower extremity,442,train
HAM_0007563,ISIC_0025075,bkl,histo,60.0,male,upper extremity,443,train
HAM_0004105,ISIC_0030007,bkl,histo,85.0,female,hand,444,train
HAM_0005606,ISIC_0025928,bkl,histo,85.0,female,back,445,train
HAM_0005558,ISIC_0030812,bkl,histo,85.0,male,face,446,train
HAM_0005558,ISIC_0029802,bkl,histo,85.0,male,face,447,train
HAM_0006170,ISIC_0027969,bkl,histo,70.0,female,face,448,train
HAM_0006128,ISIC_0031770,bkl,histo,55.0,female,lower extremity,449,train
HAM_0006170,ISIC_0029557,bkl,histo,70.0,female,face,450,train
HAM_0000992,ISIC_0026661,bkl,histo,65.0,female,chest,451,train
HAM_0006170,ISIC_0032123,bkl,histo,70.0,female,face,452,train
HAM_0004691,ISIC_0025805,bkl,histo,60.0,female,lower extremity,453,train
HAM_0004691,ISIC_0029166,bkl,histo,60.0,female,lower extremity,454,train
HAM_0005883,ISIC_0026018,bkl,histo,65.0,male,back,455,train
HAM_0006563,ISIC_0026477,bkl,histo,50.0,female,lower extremity,456,train
HAM_0001562,ISIC_0029789,bkl,histo,80.0,male,face,457,train
HAM_0004988,ISIC_0025659,bkl,histo,75.0,male,lower extremity,466,train
HAM_0007573,ISIC_0029420,bkl,histo,35.0,male,back,468,train
HAM_0000202,ISIC_0027219,bkl,histo,50.0,male,face,472,train
HAM_0001597,ISIC_0026265,bkl,histo,50.0,male,back,475,train
HAM_0001597,ISIC_0024426,bkl,histo,50.0,male,back,476,train
HAM_0006945,ISIC_0026044,bkl,histo,60.0,female,lower extremity,478,train
HAM_0003899,ISIC_0029991,bkl,histo,75.0,male,back,485,train
HAM_0003476,ISIC_0029603,bkl,histo,70.0,male,lower extremity,487,train
HAM_0001510,ISIC_0028100,bkl,histo,60.0,female,lower extremity,488,train
HAM_0001539,ISIC_0026444,bkl,histo,70.0,male,back,491,train
HAM_0001605,ISIC_0024422,bkl,histo,75.0,male,upper extremity,492,train
HAM_0005672,ISIC_0030806,bkl,histo,50.0,female,face,496,train
HAM_0005672,ISIC_0028388,bkl,histo,50.0,female,face,497,train
HAM_0005708,ISIC_0029791,bkl,histo,70.0,female,upper extremity,498,train
HAM_0001273,ISIC_0027806,bkl,histo,80.0,female,back,499,train
HAM_0005728,ISIC_0025781,bkl,histo,75.0,male,upper extremity,502,train
HAM_0005968,ISIC_0024758,bkl,histo,70.0,female,face,506,train
HAM_0001226,ISIC_0030636,bkl,histo,70.0,female,back,507,train
HAM_0003766,ISIC_0027760,bkl,histo,80.0,male,face,508,train
HAM_0003766,ISIC_0026538,bkl,histo,80.0,male,face,509,train
HAM_0003856,ISIC_0024760,bkl,histo,50.0,male,upper extremity,510,train
HAM_0007591,ISIC_0025351,bkl,histo,75.0,male,upper extremity,515,train
HAM_0001605,ISIC_0028881,bkl,histo,75.0,male,upper extremity,516,train
HAM_0001958,ISIC_0029580,bkl,histo,60.0,female,face,517,train
HAM_0001979,ISIC_0027527,bkl,histo,55.0,male,face,518,train
HAM_0003476,ISIC_0028972,bkl,histo,70.0,male,lower extremity,519,train
HAM_0003943,ISIC_0031078,bkl,histo,80.0,female,lower extremity,520,train
HAM_0003943,ISIC_0031464,bkl,histo,80.0,female,lower extremity,521,train
HAM_0000207,ISIC_0027451,bkl,histo,75.0,female,chest,524,train
HAM_0003279,ISIC_0030329,bkl,histo,70.0,female,lower extremity,525,train
HAM_0002592,ISIC_0029311,bkl,histo,60.0,female,lower extremity,526,train
HAM_0004545,ISIC_0026849,bkl,histo,70.0,male,back,527,train
HAM_0002058,ISIC_0024893,bkl,histo,65.0,female,ear,529,train
HAM_0006827,ISIC_0031702,bkl,histo,70.0,male,face,530,train
HAM_0004143,ISIC_0029031,bkl,histo,50.0,male,chest,531,train
HAM_0002400,ISIC_0024772,bkl,histo,70.0,male,lower extremity,532,train
HAM_0000973,ISIC_0025222,bkl,histo,65.0,female,face,534,train
HAM_0003943,ISIC_0025973,bkl,histo,80.0,female,lower extremity,537,train
HAM_0004050,ISIC_0025086,bkl,histo,75.0,female,lower extremity,538,train
HAM_0003605,ISIC_0026895,bkl,histo,55.0,male,face,539,train
HAM_0001200,ISIC_0025716,bkl,histo,85.0,male,face,540,train
HAM_0000299,ISIC_0024471,bkl,histo,55.0,male,upper extremity,541,train
HAM_0000299,ISIC_0029878,bkl,histo,55.0,male,upper extremity,542,train
HAM_0005335,ISIC_0025627,bkl,histo,40.0,male,upper extremity,546,train
HAM_0005335,ISIC_0031580,bkl,histo,40.0,male,upper extremity,547,train
HAM_0005335,ISIC_0028389,bkl,histo,40.0,male,upper extremity,548,train
HAM_0000318,ISIC_0028750,bkl,histo,55.0,female,face,550,train
HAM_0000519,ISIC_0030758,bkl,histo,70.0,male,neck,551,train
HAM_0005968,ISIC_0027355,bkl,histo,70.0,female,face,552,train
HAM_0004801,ISIC_0030365,bkl,histo,50.0,male,back,553,train
HAM_0000386,ISIC_0026787,bkl,histo,65.0,male,upper extremity,554,train
HAM_0000979,ISIC_0028043,bkl,histo,70.0,male,scalp,556,train
HAM_0005913,ISIC_0028640,bkl,histo,70.0,male,back,557,train
HAM_0006240,ISIC_0030188,bkl,histo,80.0,male,upper extremity,560,train
HAM_0001024,ISIC_0027192,bkl,histo,45.0,male,face,561,train
HAM_0001944,ISIC_0029810,bkl,histo,55.0,female,ear,566,train
HAM_0000259,ISIC_0028550,bkl,histo,60.0,male,back,567,train
HAM_0000259,ISIC_0024477,bkl,histo,60.0,male,back,568,train
HAM_0000259,ISIC_0026493,bkl,histo,60.0,male,back,569,train
HAM_0003647,ISIC_0028840,bkl,histo,60.0,male,chest,570,train
HAM_0000383,ISIC_0029678,bkl,histo,85.0,male,back,571,train
HAM_0000833,ISIC_0031937,bkl,histo,40.0,male,face,572,train
HAM_0000833,ISIC_0025719,bkl,histo,40.0,male,face,573,train
HAM_0000843,ISIC_0029260,bkl,histo,70.0,male,face,574,train
HAM_0001024,ISIC_0030683,bkl,histo,45.0,male,face,575,train
HAM_0007607,ISIC_0025883,bkl,histo,75.0,male,back,579,train
HAM_0006868,ISIC_0031050,bkl,histo,70.0,female,lower extremity,581,train
HAM_0006343,ISIC_0024997,bkl,histo,60.0,male,back,582,train
HAM_0005053,ISIC_0024761,bkl,histo,65.0,male,face,583,train
HAM_0006211,ISIC_0025519,bkl,histo,50.0,male,neck,589,train
HAM_0003605,ISIC_0029841,bkl,histo,55.0,male,face,590,train
HAM_0003508,ISIC_0030319,bkl,histo,85.0,female,upper extremity,591,train
HAM_0002357,ISIC_0031783,bkl,histo,70.0,male,neck,595,train
HAM_0002357,ISIC_0030137,bkl,histo,70.0,male,neck,596,train
HAM_0000425,ISIC_0026947,bkl,histo,50.0,male,scalp,598,train
HAM_0000425,ISIC_0024839,bkl,histo,50.0,male,scalp,599,train
HAM_0002400,ISIC_0026316,bkl,histo,70.0,male,lower extremity,601,train
HAM_0002424,ISIC_0028104,bkl,histo,65.0,male,back,602,train
HAM_0002548,ISIC_0027470,bkl,histo,50.0,female,lower extremity,605,train
HAM_0005865,ISIC_0031522,bkl,histo,70.0,male,chest,606,train
HAM_0000238,ISIC_0024910,bkl,histo,70.0,female,face,608,train
HAM_0003739,ISIC_0026675,bkl,histo,35.0,female,face,609,train
HAM_0003856,ISIC_0026335,bkl,histo,50.0,male,upper extremity,610,train
HAM_0001094,ISIC_0031150,bkl,histo,70.0,female,upper extremity,611,train
HAM_0002303,ISIC_0032024,bkl,histo,65.0,female,upper extremity,613,train
HAM_0005952,ISIC_0027916,bkl,histo,80.0,male,back,615,train
HAM_0006031,ISIC_0025374,bkl,histo,75.0,female,scalp,616,train
HAM_0006173,ISIC_0031961,bkl,histo,60.0,female,face,617,train
HAM_0006670,ISIC_0027335,bkl,histo,75.0,male,back,622,train
HAM_0002548,ISIC_0028656,bkl,histo,50.0,female,lower extremity,624,train
HAM_0002358,ISIC_0028650,bkl,histo,85.0,female,face,627,train
HAM_0002358,ISIC_0027973,bkl,histo,85.0,female,face,628,train
HAM_0006466,ISIC_0024495,bkl,histo,45.0,female,lower extremity,629,train
HAM_0004908,ISIC_0031138,bkl,histo,45.0,female,hand,631,train
HAM_0004921,ISIC_0025389,bkl,histo,65.0,male,neck,632,train
HAM_0004908,ISIC_0028710,bkl,histo,45.0,female,hand,633,train
HAM_0003281,ISIC_0031903,bkl,histo,70.0,male,upper extremity,634,train
HAM_0001486,ISIC_0029384,bkl,histo,40.0,male,face,635,train
HAM_0003682,ISIC_0031630,bkl,histo,55.0,female,face,636,train
HAM_0004423,ISIC_0027982,bkl,histo,65.0,female,upper extremity,638,train
HAM_0004423,ISIC_0030318,bkl,histo,65.0,female,upper extremity,639,train
HAM_0004423,ISIC_0026737,bkl,histo,65.0,female,upper extremity,640,train
HAM_0006173,ISIC_0032445,bkl,histo,60.0,female,face,643,train
HAM_0003120,ISIC_0028593,bkl,histo,55.0,female,face,644,train
HAM_0006181,ISIC_0026961,bkl,histo,65.0,male,upper extremity,645,train
HAM_0006181,ISIC_0030849,bkl,histo,65.0,male,upper extremity,646,train
HAM_0006201,ISIC_0024420,bkl,histo,55.0,male,face,647,train
HAM_0006201,ISIC_0030801,bkl,histo,55.0,male,face,648,train
HAM_0006267,ISIC_0032358,bkl,histo,50.0,female,back,649,train
HAM_0006267,ISIC_0031200,bkl,histo,50.0,female,back,650,train
HAM_0006287,ISIC_0029101,bkl,histo,50.0,male,lower extremity,651,train
HAM_0000383,ISIC_0024612,bkl,histo,85.0,male,back,652,train
HAM_0000383,ISIC_0031707,bkl,histo,85.0,male,back,653,train
HAM_0003877,ISIC_0031537,bkl,histo,60.0,female,back,655,train
HAM_0006531,ISIC_0027681,bkl,histo,85.0,male,face,659,train
HAM_0006472,ISIC_0029032,bkl,histo,75.0,male,back,660,train
HAM_0003120,ISIC_0029243,bkl,histo,55.0,female,face,661,train
HAM_0004338,ISIC_0026704,bkl,histo,65.0,female,face,665,train
HAM_0006737,ISIC_0029302,bkl,histo,45.0,female,face,666,train
HAM_0006907,ISIC_0027953,bkl,histo,35.0,female,lower extremity,667,train
HAM_0006945,ISIC_0028995,bkl,histo,60.0,female,lower extremity,668,train
HAM_0004338,ISIC_0026523,bkl,histo,65.0,female,face,669,train
HAM_0006945,ISIC_0026142,bkl,histo,60.0,female,lower extremity,670,train
HAM_0001292,ISIC_0031951,bkl,histo,60.0,male,back,672,train
HAM_0007029,ISIC_0030608,bkl,histo,45.0,male,back,674,train
HAM_0001721,ISIC_0029040,bkl,histo,40.0,male,face,677,train
HAM_0001721,ISIC_0029588,bkl,histo,40.0,male,face,678,train
HAM_0001721,ISIC_0031181,bkl,histo,40.0,male,face,679,train
HAM_0001721,ISIC_0024947,bkl,histo,40.0,male,face,680,train
HAM_0001475,ISIC_0024446,bkl,histo,45.0,male,upper extremity,681,train
HAM_0003205,ISIC_0031287,bkl,histo,75.0,female,lower extremity,682,train
HAM_0003206,ISIC_0032365,bkl,histo,60.0,female,lower extremity,683,train
HAM_0002809,ISIC_0026139,bkl,histo,45.0,female,face,684,train
HAM_0002809,ISIC_0027967,bkl,histo,45.0,female,face,685,train
HAM_0002809,ISIC_0024338,bkl,histo,45.0,female,face,686,train
HAM_0004158,ISIC_0028229,bkl,histo,70.0,female,face,690,train
HAM_0003206,ISIC_0025199,bkl,histo,60.0,female,lower extremity,692,train
HAM_0000881,ISIC_0030372,bkl,histo,80.0,male,lower extremity,693,train
HAM_0000881,ISIC_0028404,bkl,histo,80.0,male,lower extremity,694,train
HAM_0003605,ISIC_0029849,bkl,histo,55.0,male,face,697,train
HAM_0004630,ISIC_0025292,bkl,histo,85.0,male,face,698,train
HAM_0004106,ISIC_0028943,bkl,histo,70.0,male,face,699,train
HAM_0001359,ISIC_0024312,bkl,histo,75.0,male,lower extremity,700,train
HAM_0001312,ISIC_0024871,bkl,histo,65.0,male,face,702,train
HAM_0001312,ISIC_0028830,bkl,histo,65.0,male,face,703,train
HAM_0004630,ISIC_0028376,bkl,histo,85.0,male,face,704,train
HAM_0004630,ISIC_0026576,bkl,histo,85.0,male,face,705,train
HAM_0004660,ISIC_0027504,bkl,histo,80.0,male,scalp,706,train
HAM_0000920,ISIC_0028707,bkl,histo,60.0,male,upper extremity,711,train
HAM_0004695,ISIC_0028611,bkl,histo,80.0,female,lower extremity,715,train
HAM_0001292,ISIC_0027094,bkl,histo,60.0,male,back,717,train
HAM_0001359,ISIC_0028628,bkl,histo,75.0,male,lower extremity,718,train
HAM_0001515,ISIC_0028842,bkl,histo,70.0,male,face,723,train
HAM_0001240,ISIC_0026871,bkl,histo,55.0,male,face,725,train
HAM_0000001,ISIC_0027859,bkl,histo,70.0,female,face,726,train
HAM_0004338,ISIC_0028451,bkl,histo,65.0,female,face,727,train
HAM_0001820,ISIC_0026744,bkl,histo,85.0,male,back,729,train
HAM_0002844,ISIC_0029329,bkl,histo,85.0,male,back,732,train
HAM_0004383,ISIC_0031261,bkl,histo,75.0,male,face,736,train
HAM_0004389,ISIC_0028121,bkl,histo,65.0,female,chest,737,train
HAM_0004422,ISIC_0027239,bkl,histo,70.0,female,upper extremity,742,train
HAM_0004422,ISIC_0030700,bkl,histo,70.0,female,upper extremity,745,train
HAM_0001878,ISIC_0025434,bkl,histo,60.0,female,chest,747,train
HAM_0001878,ISIC_0028165,bkl,histo,60.0,female,chest,748,train
HAM_0000821,ISIC_0025623,bkl,histo,75.0,male,back,749,train
HAM_0000821,ISIC_0031465,bkl,histo,75.0,male,back,750,train
HAM_0004463,ISIC_0027770,bkl,histo,75.0,male,face,752,train
HAM_0004832,ISIC_0024709,bkl,histo,65.0,female,hand,753,train
HAM_0007359,ISIC_0027354,bkl,histo,55.0,female,chest,754,train
HAM_0002192,ISIC_0027388,bkl,histo,80.0,female,lower extremity,755,train
HAM_0001820,ISIC_0030605,bkl,histo,85.0,male,back,758,train
HAM_0002193,ISIC_0031000,bkl,histo,85.0,male,upper extremity,759,train
HAM_0002227,ISIC_0024786,bkl,histo,70.0,male,lower extremity,760,train
HAM_0001763,ISIC_0029029,bkl,histo,60.0,female,hand,761,train
HAM_0001743,ISIC_0030130,bkl,histo,85.0,male,hand,762,train
HAM_0002193,ISIC_0027392,bkl,histo,85.0,male,upper extremity,763,train
HAM_0002303,ISIC_0031037,bkl,histo,65.0,female,upper extremity,764,train
HAM_0004453,ISIC_0031825,bkl,confocal,65.0,female,face,767,train
HAM_0004453,ISIC_0030677,bkl,confocal,65.0,female,face,768,train
HAM_0005743,ISIC_0025038,bkl,confocal,60.0,female,face,769,train
HAM_0000710,ISIC_0024489,bkl,confocal,75.0,female,face,776,train
HAM_0000710,ISIC_0026276,bkl,confocal,75.0,female,face,777,train
HAM_0000696,ISIC_0026277,bkl,confocal,75.0,male,face,781,train
HAM_0005967,ISIC_0032395,bkl,confocal,65.0,female,face,782,train
HAM_0005967,ISIC_0032031,bkl,confocal,65.0,female,face,783,train
HAM_0003398,ISIC_0031888,bkl,confocal,85.0,female,face,784,train
HAM_0000083,ISIC_0028622,bkl,confocal,60.0,female,face,785,train
HAM_0000083,ISIC_0031872,bkl,confocal,60.0,female,face,786,train
HAM_0002042,ISIC_0028294,bkl,confocal,75.0,female,face,787,train
HAM_0002042,ISIC_0028662,bkl,confocal,75.0,female,face,788,train
HAM_0002042,ISIC_0031349,bkl,confocal,75.0,female,face,789,train
HAM_0002042,ISIC_0026263,bkl,confocal,75.0,female,face,790,train
HAM_0003574,ISIC_0024877,bkl,confocal,50.0,male,face,791,train
HAM_0003574,ISIC_0030835,bkl,confocal,50.0,male,face,792,train
HAM_0006346,ISIC_0026280,bkl,confocal,50.0,male,face,793,train
HAM_0006346,ISIC_0027811,bkl,confocal,50.0,male,face,794,train
HAM_0005632,ISIC_0029232,bkl,confocal,85.0,female,face,795,train
HAM_0005632,ISIC_0025470,bkl,confocal,85.0,female,face,796,train
HAM_0002903,ISIC_0027737,bkl,confocal,35.0,female,face,801,train
HAM_0002903,ISIC_0024774,bkl,confocal,35.0,female,face,802,train
HAM_0004224,ISIC_0026248,bkl,confocal,80.0,male,face,803,train
HAM_0004224,ISIC_0027194,bkl,confocal,80.0,male,face,804,train
HAM_0003789,ISIC_0026016,bkl,confocal,55.0,female,face,805,train
HAM_0003789,ISIC_0029505,bkl,confocal,55.0,female,face,806,train
HAM_0005896,ISIC_0027735,bkl,confocal,50.0,female,face,809,train
HAM_0005896,ISIC_0024814,bkl,confocal,50.0,female,face,810,train
HAM_0002683,ISIC_0031677,bkl,confocal,75.0,male,face,811,train
HAM_0000524,ISIC_0026069,bkl,confocal,65.0,female,face,812,train
HAM_0000524,ISIC_0026524,bkl,confocal,65.0,female,face,813,train
HAM_0005610,ISIC_0027608,bkl,confocal,65.0,female,face,815,train
HAM_0005610,ISIC_0025312,bkl,confocal,65.0,female,face,816,train
HAM_0003789,ISIC_0031277,bkl,confocal,55.0,female,face,817,train
HAM_0003789,ISIC_0031853,bkl,confocal,55.0,female,face,819,train
HAM_0007590,ISIC_0031528,bkl,confocal,40.0,male,unknown,821,train
HAM_0007590,ISIC_0028615,bkl,confocal,40.0,male,unknown,822,train
HAM_0004632,ISIC_0032159,bkl,confocal,70.0,male,face,826,train
HAM_0004632,ISIC_0024382,bkl,confocal,70.0,male,face,827,train
HAM_0001642,ISIC_0028490,bkl,confocal,65.0,male,face,828,train
HAM_0003030,ISIC_0028876,bkl,consensus,75.0,female,face,832,train
HAM_0003030,ISIC_0029527,bkl,consensus,75.0,female,face,833,train
HAM_0001781,ISIC_0031987,bkl,consensus,30.0,female,back,836,train
HAM_0001781,ISIC_0028623,bkl,consensus,30.0,female,back,837,train
HAM_0001781,ISIC_0025515,bkl,consensus,30.0,female,back,838,train
HAM_0001781,ISIC_0029823,bkl,consensus,30.0,female,back,839,train
HAM_0000985,ISIC_0026631,bkl,consensus,75.0,male,face,840,train
HAM_0000985,ISIC_0024490,bkl,consensus,75.0,male,face,841,train
HAM_0001529,ISIC_0025103,bkl,consensus,70.0,female,face,842,train
HAM_0001529,ISIC_0025710,bkl,consensus,70.0,female,face,843,train
HAM_0005404,ISIC_0028094,bkl,consensus,70.0,male,face,844,train
HAM_0005404,ISIC_0029455,bkl,consensus,70.0,male,face,845,train
HAM_0001620,ISIC_0025466,bkl,consensus,70.0,male,face,846,train
HAM_0005324,ISIC_0029931,bkl,consensus,60.0,male,lower extremity,849,train
HAM_0007043,ISIC_0029135,bkl,consensus,75.0,male,face,852,train
HAM_0007043,ISIC_0029947,bkl,consensus,75.0,male,face,853,train
HAM_0003317,ISIC_0024435,bkl,consensus,55.0,male,face,856,train
HAM_0003317,ISIC_0026590,bkl,consensus,55.0,male,face,857,train
HAM_0006099,ISIC_0026311,bkl,consensus,55.0,female,face,858,train
HAM_0006099,ISIC_0029270,bkl,consensus,55.0,female,face,859,train
HAM_0001053,ISIC_0030998,bkl,consensus,55.0,female,chest,860,train
HAM_0005580,ISIC_0029235,bkl,consensus,80.0,male,face,861,train
HAM_0003920,ISIC_0028992,bkl,consensus,55.0,male,face,863,train
HAM_0003920,ISIC_0026351,bkl,consensus,55.0,male,face,864,train
HAM_0006186,ISIC_0029320,bkl,consensus,0.0,male,lower extremity,865,train
HAM_0006186,ISIC_0029427,bkl,consensus,0.0,male,lower extremity,866,train
HAM_0003789,ISIC_0029464,bkl,confocal,55.0,female,face,867,train
HAM_0003789,ISIC_0024915,bkl,confocal,55.0,female,face,869,train
HAM_0001011,ISIC_0027202,bkl,consensus,55.0,male,face,876,train
HAM_0001011,ISIC_0032498,bkl,consensus,55.0,male,face,877,train
HAM_0002757,ISIC_0024909,bkl,consensus,85.0,female,face,878,train
HAM_0002757,ISIC_0028258,bkl,consensus,85.0,female,face,879,train
HAM_0007090,ISIC_0029555,bkl,consensus,75.0,female,upper extremity,883,train
HAM_0002821,ISIC_0028479,bkl,consensus,75.0,female,face,887,train
HAM_0000106,ISIC_0024770,bkl,consensus,50.0,male,face,888,train
HAM_0002096,ISIC_0028209,bkl,consensus,50.0,male,face,889,train
HAM_0002096,ISIC_0029518,bkl,consensus,50.0,male,face,890,train
HAM_0002527,ISIC_0026717,bkl,consensus,70.0,male,face,893,train
HAM_0006009,ISIC_0026174,bkl,consensus,65.0,male,face,900,train
HAM_0006009,ISIC_0027279,bkl,consensus,65.0,male,face,901,train
HAM_0002462,ISIC_0024498,bkl,consensus,70.0,male,face,903,train
HAM_0002462,ISIC_0025005,bkl,consensus,70.0,male,face,904,train
HAM_0001991,ISIC_0028347,bkl,consensus,80.0,male,upper extremity,906,train
HAM_0000754,ISIC_0034315,bkl,consensus,50.0,male,back,909,train
HAM_0000754,ISIC_0032967,bkl,consensus,50.0,male,back,910,train
HAM_0003218,ISIC_0033305,bkl,consensus,75.0,male,back,914,train
HAM_0005903,ISIC_0032179,bkl,consensus,65.0,male,upper extremity,915,train
HAM_0005463,ISIC_0032315,bkl,consensus,45.0,male,back,917,train
HAM_0005463,ISIC_0028411,bkl,consensus,45.0,male,back,918,train
HAM_0000208,ISIC_0032681,bkl,consensus,70.0,male,scalp,919,train
HAM_0000208,ISIC_0033509,bkl,consensus,70.0,male,scalp,920,train
HAM_0000208,ISIC_0032694,bkl,consensus,70.0,male,scalp,921,train
HAM_0005442,ISIC_0034197,bkl,consensus,70.0,male,scalp,922,train
HAM_0005442,ISIC_0034057,bkl,consensus,70.0,male,scalp,923,train
HAM_0004142,ISIC_0033260,bkl,consensus,80.0,male,trunk,924,train
HAM_0004142,ISIC_0032643,bkl,consensus,80.0,male,trunk,925,train
HAM_0004142,ISIC_0033732,bkl,consensus,80.0,male,trunk,926,train
HAM_0006003,ISIC_0032827,bkl,consensus,85.0,female,lower extremity,927,train
HAM_0006003,ISIC_0033022,bkl,consensus,85.0,female,lower extremity,928,train
HAM_0004258,ISIC_0033783,bkl,consensus,85.0,male,chest,933,train
HAM_0004258,ISIC_0033693,bkl,consensus,85.0,male,chest,934,train
HAM_0001772,ISIC_0032636,bkl,consensus,85.0,male,back,938,train
HAM_0001772,ISIC_0033270,bkl,consensus,85.0,male,back,939,train
HAM_0005749,ISIC_0033246,bkl,consensus,85.0,male,back,940,train
HAM_0005749,ISIC_0032843,bkl,consensus,85.0,male,back,941,train
HAM_0000571,ISIC_0032773,bkl,consensus,70.0,male,back,949,train
HAM_0000571,ISIC_0033156,bkl,consensus,70.0,male,back,950,train
HAM_0004245,ISIC_0033701,bkl,consensus,70.0,male,back,951,train
HAM_0004245,ISIC_0033884,bkl,consensus,70.0,male,back,953,train
HAM_0000309,ISIC_0034142,bkl,consensus,70.0,male,back,954,train
HAM_0000332,ISIC_0033784,bkl,consensus,80.0,female,upper extremity,955,train
HAM_0000332,ISIC_0033307,bkl,consensus,80.0,female,upper extremity,956,train
HAM_0006148,ISIC_0033987,bkl,consensus,80.0,female,back,957,train
HAM_0005898,ISIC_0033553,bkl,consensus,80.0,female,back,958,train
HAM_0005898,ISIC_0033401,bkl,consensus,80.0,female,back,959,train
HAM_0002792,ISIC_0033169,bkl,consensus,80.0,female,back,960,train
HAM_0006157,ISIC_0033855,bkl,consensus,80.0,female,back,961,train
HAM_0007427,ISIC_0033660,bkl,consensus,60.0,female,back,962,train
HAM_0007427,ISIC_0034221,bkl,consensus,60.0,female,back,963,train
HAM_0007427,ISIC_0033945,bkl,consensus,60.0,female,back,964,train
HAM_0007427,ISIC_0033491,bkl,consensus,60.0,female,back,965,train
HAM_0007427,ISIC_0034280,bkl,consensus,60.0,female,back,966,train
HAM_0006238,ISIC_0034151,bkl,consensus,60.0,male,unknown,967,train
HAM_0001186,ISIC_0033391,bkl,consensus,,unknown,unknown,968,train
HAM_0000372,ISIC_0033685,bkl,consensus,,unknown,unknown,970,train
HAM_0000948,ISIC_0033631,bkl,consensus,,unknown,unknown,971,train
HAM_0007281,ISIC_0034283,bkl,consensus,,unknown,unknown,973,train
HAM_0001561,ISIC_0032740,bkl,consensus,,unknown,unknown,974,train
HAM_0000825,ISIC_0034186,bkl,consensus,,unknown,unknown,975,train
HAM_0001487,ISIC_0031601,bkl,consensus,60.0,male,neck,976,train
HAM_0005779,ISIC_0026790,bkl,consensus,55.0,male,back,979,train
HAM_0004232,ISIC_0030323,bkl,consensus,55.0,male,abdomen,981,train
HAM_0002371,ISIC_0032271,bkl,consensus,50.0,male,chest,985,train
HAM_0004322,ISIC_0027142,bkl,consensus,55.0,male,trunk,986,train
HAM_0005932,ISIC_0027747,bkl,consensus,55.0,male,back,988,train
HAM_0002355,ISIC_0029202,bkl,consensus,35.0,male,abdomen,991,train
HAM_0006912,ISIC_0026205,bkl,consensus,35.0,male,back,992,train
HAM_0004466,ISIC_0031396,bkl,consensus,45.0,male,abdomen,994,train
HAM_0005834,ISIC_0032249,bkl,consensus,45.0,male,lower extremity,996,train
HAM_0005136,ISIC_0024337,bkl,consensus,50.0,female,lower extremity,997,train
HAM_0004078,ISIC_0026566,bkl,consensus,70.0,female,trunk,999,train
HAM_0004309,ISIC_0028681,bkl,consensus,70.0,female,trunk,1000,train
HAM_0000716,ISIC_0029801,bkl,consensus,70.0,female,trunk,1002,train
HAM_0002536,ISIC_0032124,bkl,consensus,70.0,female,trunk,1003,train
HAM_0007151,ISIC_0029793,bkl,consensus,70.0,female,trunk,1004,train
HAM_0007395,ISIC_0031133,bkl,consensus,70.0,female,trunk,1005,train
HAM_0003011,ISIC_0030959,bkl,consensus,70.0,female,trunk,1006,train
HAM_0001997,ISIC_0029251,bkl,consensus,70.0,female,abdomen,1007,train
HAM_0002190,ISIC_0026046,bkl,consensus,70.0,female,trunk,1008,train
HAM_0001429,ISIC_0027875,bkl,consensus,80.0,male,abdomen,1009,train
HAM_0005616,ISIC_0029107,bkl,consensus,80.0,male,face,1010,train
HAM_0000685,ISIC_0026291,bkl,consensus,80.0,male,trunk,1013,train
HAM_0003926,ISIC_0026422,bkl,consensus,80.0,male,face,1014,train
HAM_0000441,ISIC_0030316,bkl,consensus,80.0,male,face,1015,train
HAM_0006533,ISIC_0028497,bkl,consensus,80.0,male,face,1016,train
HAM_0003260,ISIC_0029345,bkl,consensus,80.0,male,back,1017,train
HAM_0003287,ISIC_0026846,bkl,consensus,80.0,male,upper extremity,1018,train
HAM_0005993,ISIC_0026441,bkl,consensus,80.0,male,lower extremity,1019,train
HAM_0005291,ISIC_0026907,bkl,consensus,55.0,male,back,1020,train
HAM_0001167,ISIC_0028448,bkl,consensus,55.0,male,trunk,1022,train
HAM_0002209,ISIC_0031226,bkl,consensus,70.0,male,trunk,1025,train
HAM_0006876,ISIC_0032460,bkl,consensus,70.0,male,back,1026,train
HAM_0000121,ISIC_0027025,bkl,consensus,70.0,male,trunk,1027,train
HAM_0001589,ISIC_0030067,bkl,consensus,70.0,male,face,1028,train
HAM_0006243,ISIC_0031436,bkl,consensus,75.0,male,upper extremity,1029,train
HAM_0003049,ISIC_0027041,bkl,consensus,75.0,male,hand,1030,train
HAM_0000659,ISIC_0030088,bkl,consensus,75.0,male,trunk,1031,train
HAM_0003426,ISIC_0026959,bkl,consensus,75.0,male,lower extremity,1032,train
HAM_0003859,ISIC_0027167,bkl,consensus,75.0,male,back,1033,train
HAM_0002034,ISIC_0027954,bkl,consensus,5.0,male,abdomen,1035,train
HAM_0005443,ISIC_0025758,bkl,consensus,45.0,female,abdomen,1038,train
HAM_0002161,ISIC_0025392,bkl,consensus,45.0,female,abdomen,1039,train
HAM_0002043,ISIC_0030160,bkl,consensus,80.0,male,lower extremity,1041,train
HAM_0002962,ISIC_0028331,bkl,consensus,80.0,male,back,1042,train
HAM_0000089,ISIC_0026783,bkl,consensus,75.0,male,face,1043,train
HAM_0000643,ISIC_0029731,bkl,consensus,75.0,male,face,1044,train
HAM_0005751,ISIC_0028386,bkl,consensus,50.0,female,upper extremity,1045,train
HAM_0001402,ISIC_0031558,bkl,consensus,50.0,female,upper extremity,1046,train
HAM_0000453,ISIC_0025330,bkl,consensus,50.0,female,lower extremity,1047,train
HAM_0005338,ISIC_0031577,bkl,consensus,45.0,female,upper extremity,1048,train
HAM_0001443,ISIC_0025804,bkl,consensus,50.0,male,lower extremity,1049,train
HAM_0002280,ISIC_0027275,bkl,consensus,50.0,male,abdomen,1050,train
HAM_0002677,ISIC_0031024,bkl,consensus,50.0,male,abdomen,1052,train
HAM_0003129,ISIC_0029195,bkl,consensus,75.0,female,trunk,1054,train
HAM_0006772,ISIC_0026135,bkl,consensus,75.0,female,trunk,1055,train
HAM_0003757,ISIC_0029233,bkl,consensus,75.0,female,abdomen,1056,train
HAM_0007027,ISIC_0026967,bkl,consensus,75.0,female,back,1058,train
HAM_0000069,ISIC_0030226,bkl,consensus,35.0,male,trunk,1061,train
HAM_0004713,ISIC_0031125,bkl,consensus,60.0,female,trunk,1063,train
HAM_0007219,ISIC_0029227,bkl,consensus,70.0,male,hand,1064,train
HAM_0004289,ISIC_0025879,bkl,consensus,45.0,female,abdomen,1066,train
HAM_0001990,ISIC_0027612,bkl,consensus,55.0,male,abdomen,1067,train
HAM_0002503,ISIC_0029676,bkl,consensus,75.0,male,back,1068,train
HAM_0003691,ISIC_0027428,bkl,consensus,75.0,female,back,1070,train
HAM_0002965,ISIC_0026446,bkl,consensus,75.0,female,lower extremity,1071,train
HAM_0003582,ISIC_0027332,bkl,consensus,70.0,female,trunk,1076,train
HAM_0005096,ISIC_0029741,bkl,consensus,70.0,female,trunk,1077,train
HAM_0002005,ISIC_0026556,bkl,consensus,70.0,female,back,1079,train
HAM_0000105,ISIC_0031362,bkl,consensus,70.0,female,trunk,1080,train
HAM_0003715,ISIC_0026941,bkl,consensus,70.0,female,trunk,1081,train
HAM_0002742,ISIC_0025654,bkl,consensus,70.0,female,back,1082,train
HAM_0007604,ISIC_0027027,bkl,consensus,70.0,female,trunk,1084,train
HAM_0000955,ISIC_0029036,bkl,consensus,70.0,female,trunk,1085,train
HAM_0002366,ISIC_0029880,bkl,consensus,70.0,female,back,1086,train
HAM_0000215,ISIC_0025484,bkl,consensus,70.0,female,lower extremity,1087,train
HAM_0005262,ISIC_0030488,bkl,consensus,70.0,female,trunk,1088,train
HAM_0000296,ISIC_0031761,bkl,consensus,35.0,female,trunk,1089,train
HAM_0000465,ISIC_0030583,bkl,consensus,35.0,female,trunk,1090,train
HAM_0007000,ISIC_0026042,bkl,consensus,75.0,male,chest,1091,train
HAM_0001838,ISIC_0028797,bkl,consensus,75.0,male,trunk,1092,train
HAM_0005874,ISIC_0027326,bkl,consensus,75.0,male,abdomen,1093,train
HAM_0001164,ISIC_0030021,df,histo,50.0,female,upper extremity,1099,train
HAM_0001164,ISIC_0027118,df,histo,50.0,female,upper extremity,1100,train
HAM_0004330,ISIC_0029760,df,histo,70.0,male,lower extremity,1103,train
HAM_0004330,ISIC_0030555,df,histo,70.0,male,lower extremity,1104,train
HAM_0007526,ISIC_0030244,df,histo,50.0,male,lower extremity,1105,train
HAM_0007526,ISIC_0031827,df,histo,50.0,male,lower extremity,1106,train
HAM_0005518,ISIC_0032410,df,histo,30.0,male,lower extremity,1109,train
HAM_0004756,ISIC_0029248,df,histo,55.0,male,lower extremity,1116,train
HAM_0004756,ISIC_0030442,df,histo,55.0,male,lower extremity,1117,train
HAM_0003555,ISIC_0030321,df,histo,30.0,male,upper extremity,1120,train
HAM_0004317,ISIC_0029039,df,histo,50.0,female,lower extremity,1122,train
HAM_0004317,ISIC_0025504,df,histo,50.0,female,lower extremity,1123,train
HAM_0004036,ISIC_0027727,df,histo,55.0,male,upper extremity,1124,train
HAM_0004036,ISIC_0027107,df,histo,55.0,male,upper extremity,1125,train
HAM_0004036,ISIC_0027648,df,histo,55.0,male,upper extremity,1126,train
HAM_0004960,ISIC_0029967,df,histo,65.0,female,lower extremity,1127,train
HAM_0004960,ISIC_0027876,df,histo,65.0,female,lower extremity,1128,train
HAM_0002895,ISIC_0029578,df,histo,60.0,male,lower extremity,1133,train
HAM_0004371,ISIC_0030011,df,histo,45.0,female,upper extremity,1134,train
HAM_0004371,ISIC_0030427,df,histo,45.0,female,upper extremity,1135,train
HAM_0004371,ISIC_0027626,df,histo,45.0,female,upper extremity,1136,train
HAM_0007227,ISIC_0024973,df,histo,75.0,male,lower extremity,1137,train
HAM_0007227,ISIC_0029891,df,histo,75.0,male,lower extremity,1138,train
HAM_0003290,ISIC_0030757,df,histo,80.0,male,upper extremity,1139,train
HAM_0003290,ISIC_0031358,df,histo,80.0,male,upper extremity,1140,train
HAM_0003290,ISIC_0031735,df,histo,80.0,male,upper extremity,1141,train
HAM_0003110,ISIC_0026473,df,histo,65.0,male,lower extremity,1142,train
HAM_0003110,ISIC_0032114,df,histo,65.0,male,lower extremity,1143,train
HAM_0003110,ISIC_0026789,df,histo,65.0,male,lower extremity,1144,train
HAM_0005861,ISIC_0031344,df,histo,65.0,female,lower extremity,1145,train
HAM_0005861,ISIC_0028346,df,histo,65.0,female,lower extremity,1146,train
HAM_0001177,ISIC_0025154,df,histo,55.0,male,upper extremity,1147,train
HAM_0007410,ISIC_0029962,df,histo,65.0,male,foot,1148,train
HAM_0007410,ISIC_0031457,df,histo,65.0,male,foot,1149,train
HAM_0005362,ISIC_0029824,df,consensus,50.0,male,lower extremity,1150,train
HAM_0005362,ISIC_0025622,df,consensus,50.0,male,lower extremity,1151,train
HAM_0007418,ISIC_0031372,df,consensus,50.0,male,lower extremity,1152,train
HAM_0007418,ISIC_0026313,df,consensus,50.0,male,lower extremity,1153,train
HAM_0005663,ISIC_0026417,df,consensus,30.0,male,lower extremity,1154,train
HAM_0005663,ISIC_0028735,df,consensus,30.0,male,lower extremity,1155,train
HAM_0002450,ISIC_0024318,df,consensus,65.0,female,lower extremity,1159,train
HAM_0002450,ISIC_0024396,df,consensus,65.0,female,lower extremity,1160,train
HAM_0006188,ISIC_0024330,df,consensus,40.0,male,lower extremity,1161,train
HAM_0006188,ISIC_0027188,df,consensus,40.0,male,lower extremity,1162,train
HAM_0007396,ISIC_0033891,df,consensus,35.0,female,lower extremity,1170,train
HAM_0007396,ISIC_0033554,df,consensus,35.0,female,lower extremity,1171,train
HAM_0007396,ISIC_0033810,df,consensus,35.0,female,lower extremity,1172,train
HAM_0003597,ISIC_0033422,df,consensus,45.0,male,lower extremity,1175,train
HAM_0003597,ISIC_0027488,df,consensus,45.0,male,lower extremity,1176,train
HAM_0003081,ISIC_0033808,df,consensus,45.0,male,abdomen,1177,train
HAM_0003081,ISIC_0033847,df,consensus,45.0,male,abdomen,1178,train
HAM_0003081,ISIC_0033860,df,consensus,45.0,male,abdomen,1179,train
HAM_0002960,ISIC_0024994,df,consensus,40.0,female,lower extremity,1180,train
HAM_0006794,ISIC_0030830,df,consensus,50.0,female,genital,1181,train
HAM_0000902,ISIC_0027745,df,consensus,50.0,female,lower extremity,1182,train
HAM_0004648,ISIC_0025911,df,consensus,65.0,female,lower extremity,1185,train
HAM_0006816,ISIC_0026254,df,consensus,45.0,male,lower extremity,1186,train
HAM_0002463,ISIC_0029052,df,consensus,75.0,female,lower extremity,1188,train
HAM_0005529,ISIC_0025980,df,consensus,55.0,female,lower extremity,1189,train
HAM_0004090,ISIC_0031271,df,consensus,45.0,female,lower extremity,1190,train
HAM_0002129,ISIC_0025903,df,consensus,60.0,male,abdomen,1191,train
HAM_0005359,ISIC_0030665,df,consensus,55.0,female,lower extremity,1193,train
HAM_0003023,ISIC_0031257,df,consensus,55.0,female,upper extremity,1195,train
HAM_0004065,ISIC_0026629,df,consensus,65.0,female,lower extremity,1197,train
HAM_0002045,ISIC_0029973,df,consensus,60.0,male,lower extremity,1198,train
HAM_0000049,ISIC_0029130,df,consensus,70.0,male,lower extremity,1201,train
HAM_0005918,ISIC_0029177,df,consensus,35.0,female,lower extremity,1203,train
HAM_0000757,ISIC_0025314,df,consensus,35.0,female,lower extremity,1204,train
HAM_0007569,ISIC_0025373,df,consensus,35.0,female,lower extremity,1205,train
HAM_0001841,ISIC_0025771,df,consensus,35.0,female,lower extremity,1206,train
HAM_0006707,ISIC_0030870,df,consensus,45.0,female,lower extremity,1207,train
HAM_0002153,ISIC_0029297,df,consensus,40.0,female,lower extremity,1208,train
HAM_0007129,ISIC_0027216,df,consensus,60.0,female,lower extremity,1209,train
HAM_0000871,ISIC_0025964,mel,histo,40.0,female,chest,1211,train
HAM_0000871,ISIC_0030623,mel,histo,40.0,female,chest,1212,train
HAM_0000040,ISIC_0027190,mel,histo,80.0,male,upper extremity,1213,train
HAM_0005191,ISIC_0031177,mel,histo,40.0,female,back,1216,train
HAM_0007310,ISIC_0026120,mel,histo,55.0,male,back,1218,train
HAM_0007310,ISIC_0028412,mel,histo,55.0,male,back,1219,train
HAM_0003832,ISIC_0025450,mel,histo,60.0,female,lower extremity,1225,train
HAM_0003832,ISIC_0024586,mel,histo,60.0,female,lower extremity,1226,train
HAM_0002143,ISIC_0025451,mel,histo,25.0,female,foot,1227,train
HAM_0002119,ISIC_0032248,mel,histo,75.0,male,neck,1228,train
HAM_0000492,ISIC_0028445,mel,histo,75.0,male,abdomen,1229,train
HAM_0000492,ISIC_0027076,mel,histo,75.0,male,abdomen,1230,train
HAM_0004784,ISIC_0029512,mel,histo,55.0,female,foot,1231,train
HAM_0004784,ISIC_0027872,mel,histo,55.0,female,foot,1232,train
HAM_0001150,ISIC_0030486,mel,histo,80.0,male,ear,1233,train
HAM_0003182,ISIC_0029028,mel,histo,85.0,female,trunk,1234,train
HAM_0003182,ISIC_0027125,mel,histo,85.0,female,trunk,1235,train
HAM_0001747,ISIC_0029575,mel,histo,45.0,male,back,1236,train
HAM_0001747,ISIC_0028361,mel,histo,45.0,male,back,1237,train
HAM_0005557,ISIC_0030119,mel,histo,75.0,female,lower extremity,1240,train
HAM_0005557,ISIC_0028215,mel,histo,75.0,female,lower extremity,1241,train
HAM_0003558,ISIC_0025303,mel,histo,55.0,male,back,1242,train
HAM_0003558,ISIC_0030129,mel,histo,55.0,male,back,1243,train
HAM_0007454,ISIC_0032214,mel,histo,70.0,male,scalp,1244,train
HAM_0001726,ISIC_0029281,mel,histo,35.0,female,back,1247,train
HAM_0001726,ISIC_0024367,mel,histo,35.0,female,back,1248,train
HAM_0003315,ISIC_0030281,mel,histo,50.0,female,trunk,1249,train
HAM_0003315,ISIC_0024481,mel,histo,50.0,female,trunk,1250,train
HAM_0006900,ISIC_0031118,mel,histo,75.0,male,upper extremity,1251,train
HAM_0006900,ISIC_0030080,mel,histo,75.0,male,upper extremity,1252,train
HAM_0000060,ISIC_0031953,mel,histo,55.0,male,abdomen,1253,train
HAM_0000060,ISIC_0031406,mel,histo,55.0,male,abdomen,1254,train
HAM_0004607,ISIC_0026150,mel,histo,50.0,female,back,1260,train
HAM_0004607,ISIC_0031642,mel,histo,50.0,female,back,1261,train
HAM_0007390,ISIC_0027043,mel,histo,50.0,male,abdomen,1262,train
HAM_0007390,ISIC_0027174,mel,histo,50.0,male,abdomen,1263,train
HAM_0002720,ISIC_0025277,mel,histo,75.0,male,ear,1264,train
HAM_0004739,ISIC_0025234,mel,histo,70.0,male,back,1267,train
HAM_0001446,ISIC_0026754,mel,histo,65.0,female,scalp,1271,train
HAM_0000095,ISIC_0033186,mel,histo,55.0,male,lower extremity,1277,train
HAM_0002534,ISIC_0024898,mel,histo,80.0,male,lower extremity,1284,train
HAM_0002534,ISIC_0029538,mel,histo,80.0,male,lower extremity,1285,train
HAM_0007171,ISIC_0029913,mel,histo,30.0,female,lower extremity,1288,train
HAM_0007171,ISIC_0026909,mel,histo,30.0,female,lower extremity,1289,train
HAM_0003802,ISIC_0032308,mel,histo,75.0,male,face,1292,train
HAM_0003031,ISIC_0030445,mel,histo,75.0,male,back,1295,train
HAM_0001913,ISIC_0030798,mel,histo,80.0,male,upper extremity,1296,train
HAM_0004979,ISIC_0026596,mel,histo,85.0,male,back,1297,train
HAM_0004979,ISIC_0028056,mel,histo,85.0,male,back,1298,train
HAM_0003194,ISIC_0032019,mel,histo,50.0,male,trunk,1299,train
HAM_0006521,ISIC_0025155,mel,histo,80.0,male,lower extremity,1300,train
HAM_0006521,ISIC_0031557,mel,histo,80.0,male,lower extremity,1301,train
HAM_0001847,ISIC_0024792,mel,histo,50.0,male,back,1302,train
HAM_0001847,ISIC_0030898,mel,histo,50.0,male,back,1303,train
HAM_0000152,ISIC_0032244,mel,histo,75.0,female,face,1304,train
HAM_0006739,ISIC_0028901,mel,histo,35.0,female,ear,1305,train
HAM_0006739,ISIC_0032098,mel,histo,35.0,female,ear,1306,train
HAM_0004579,ISIC_0025603,mel,histo,75.0,male,trunk,1307,train
HAM_0001353,ISIC_0030759,mel,histo,55.0,female,face,1310,train
HAM_0001353,ISIC_0024886,mel,histo,55.0,female,face,1311,train
HAM_0003782,ISIC_0027102,mel,histo,35.0,female,abdomen,1312,train
HAM_0006692,ISIC_0029163,mel,histo,80.0,male,scalp,1317,train
HAM_0006692,ISIC_0029630,mel,histo,80.0,male,scalp,1318,train
HAM_0000210,ISIC_0024624,mel,histo,75.0,female,face,1319,train
HAM_0000531,ISIC_0025674,mel,histo,85.0,male,face,1320,train
HAM_0000531,ISIC_0031369,mel,histo,85.0,male,face,1321,train
HAM_0007165,ISIC_0029547,mel,histo,80.0,male,unknown,1322,train
HAM_0007165,ISIC_0026622,mel,histo,80.0,male,unknown,1323,train
HAM_0002471,ISIC_0028326,mel,histo,40.0,female,lower extremity,1324,train
HAM_0002471,ISIC_0027060,mel,histo,40.0,female,lower extremity,1325,train
HAM_0007538,ISIC_0031941,mel,histo,55.0,male,trunk,1326,train
HAM_0007538,ISIC_0024315,mel,histo,55.0,male,trunk,1327,train
HAM_0002838,ISIC_0030818,mel,histo,65.0,female,lower extremity,1328,train
HAM_0003990,ISIC_0026360,mel,histo,60.0,male,back,1329,train
HAM_0003990,ISIC_0025996,mel,histo,60.0,male,back,1330,train
HAM_0005588,ISIC_0025219,mel,histo,80.0,female,lower extremity,1331,train
HAM_0005588,ISIC_0026458,mel,histo,80.0,female,lower extremity,1332,train
HAM_0001284,ISIC_0024972,mel,histo,75.0,female,ear,1336,train
HAM_0001284,ISIC_0031779,mel,histo,75.0,female,ear,1337,train
HAM_0001328,ISIC_0028442,mel,histo,75.0,male,unknown,1338,train
HAM_0001671,ISIC_0031745,mel,histo,55.0,female,lower extremity,1339,train
HAM_0001671,ISIC_0031586,mel,histo,55.0,female,lower extremity,1340,train
HAM_0002182,ISIC_0031972,mel,histo,65.0,female,face,1341,train
HAM_0002182,ISIC_0030539,mel,histo,65.0,female,face,1342,train
HAM_0003212,ISIC_0028519,mel,histo,80.0,male,back,1346,train
HAM_0003212,ISIC_0024767,mel,histo,80.0,male,back,1347,train
HAM_0006433,ISIC_0029370,mel,histo,85.0,female,upper extremity,1351,train
HAM_0006433,ISIC_0031958,mel,histo,85.0,female,upper extremity,1352,train
HAM_0006522,ISIC_0026369,mel,histo,30.0,female,lower extremity,1353,train
HAM_0006522,ISIC_0030521,mel,histo,30.0,female,lower extremity,1354,train
HAM_0007620,ISIC_0030089,mel,histo,55.0,female,back,1357,train
HAM_0007620,ISIC_0027616,mel,histo,55.0,female,back,1358,train
HAM_0005084,ISIC_0027261,mel,histo,75.0,male,ear,1359,train
HAM_0005084,ISIC_0028505,mel,histo,75.0,male,ear,1360,train
HAM_0005381,ISIC_0025153,mel,histo,45.0,female,lower extremity,1361,train
HAM_0005381,ISIC_0031598,mel,histo,45.0,female,lower extremity,1362,train
HAM_0001600,ISIC_0024675,mel,histo,65.0,female,lower extremity,1369,train
HAM_0001600,ISIC_0025891,mel,histo,65.0,female,lower extremity,1370,train
HAM_0004980,ISIC_0027693,mel,histo,45.0,female,back,1371,train
HAM_0004980,ISIC_0029017,mel,histo,45.0,female,back,1372,train
HAM_0003521,ISIC_0032220,mel,histo,70.0,female,back,1373,train
HAM_0005911,ISIC_0028127,mel,histo,70.0,female,back,1374,train
HAM_0005911,ISIC_0030165,mel,histo,70.0,female,back,1375,train
HAM_0002557,ISIC_0025927,mel,histo,50.0,female,upper extremity,1376,train
HAM_0006214,ISIC_0031189,mel,histo,60.0,male,upper extremity,1377,train
HAM_0006214,ISIC_0032190,mel,histo,60.0,male,upper extremity,1378,train
HAM_0000417,ISIC_0025783,mel,histo,65.0,male,back,1379,train
HAM_0007420,ISIC_0031890,mel,histo,85.0,male,face,1383,train
HAM_0007229,ISIC_0031545,mel,histo,75.0,female,back,1384,train
HAM_0007617,ISIC_0024875,mel,histo,85.0,female,face,1387,train
HAM_0007617,ISIC_0026950,mel,histo,85.0,female,face,1388,train
HAM_0000059,ISIC_0027033,mel,histo,85.0,male,face,1389,train
HAM_0000059,ISIC_0027822,mel,histo,85.0,male,face,1390,train
HAM_0004676,ISIC_0026247,mel,histo,85.0,male,back,1393,train
HAM_0004676,ISIC_0028467,mel,histo,85.0,male,back,1394,train
HAM_0003448,ISIC_0026158,mel,histo,75.0,male,upper extremity,1395,train
HAM_0004153,ISIC_0029216,mel,histo,80.0,male,foot,1396,train
HAM_0004153,ISIC_0026489,mel,histo,80.0,male,foot,1397,train
HAM_0006635,ISIC_0029884,mel,histo,70.0,male,face,1401,train
HAM_0006635,ISIC_0028900,mel,histo,70.0,male,face,1402,train
HAM_0006896,ISIC_0027387,mel,histo,45.0,female,back,1403,train
HAM_0006896,ISIC_0024911,mel,histo,45.0,female,back,1404,train
HAM_0004364,ISIC_0027721,mel,histo,75.0,male,face,1408,train
HAM_0004364,ISIC_0026697,mel,histo,75.0,male,face,1409,train
HAM_0005624,ISIC_0030760,mel,histo,55.0,female,upper extremity,1410,train
HAM_0005624,ISIC_0028565,mel,histo,55.0,female,upper extremity,1411,train
HAM_0000709,ISIC_0034006,mel,histo,45.0,female,lower extremity,1412,train
HAM_0002981,ISIC_0028087,mel,histo,65.0,female,back,1413,train
HAM_0002981,ISIC_0026664,mel,histo,65.0,female,back,1414,train
HAM_0001703,ISIC_0029660,mel,histo,60.0,female,lower extremity,1415,train
HAM_0001703,ISIC_0024496,mel,histo,60.0,female,lower extremity,1416,train
HAM_0003330,ISIC_0028696,mel,histo,75.0,male,abdomen,1419,train
HAM_0003330,ISIC_0029343,mel,histo,75.0,male,abdomen,1420,train
HAM_0002897,ISIC_0030552,mel,histo,75.0,male,back,1421,train
HAM_0006208,ISIC_0028916,mel,histo,60.0,female,face,1425,train
HAM_0007243,ISIC_0028029,mel,histo,75.0,female,neck,1426,train
HAM_0000330,ISIC_0030824,mel,histo,60.0,male,chest,1427,train
HAM_0003497,ISIC_0031310,mel,histo,50.0,female,lower extremity,1430,train
HAM_0005752,ISIC_0028317,mel,histo,65.0,female,face,1438,train
HAM_0005752,ISIC_0031013,mel,histo,65.0,female,face,1439,train
HAM_0005328,ISIC_0028969,mel,histo,75.0,male,abdomen,1440,train
HAM_0005328,ISIC_0032441,mel,histo,75.0,male,abdomen,1441,train
HAM_0003376,ISIC_0025394,mel,histo,45.0,male,trunk,1443,train
HAM_0002391,ISIC_0027260,mel,histo,70.0,male,upper extremity,1444,train
HAM_0002391,ISIC_0027604,mel,histo,70.0,male,upper extremity,1445,train
HAM_0002391,ISIC_0029434,mel,histo,70.0,male,upper extremity,1446,train
HAM_0001741,ISIC_0026963,mel,histo,65.0,male,face,1447,train
HAM_0001741,ISIC_0028211,mel,histo,65.0,male,face,1448,train
HAM_0003350,ISIC_0027300,mel,histo,60.0,male,chest,1449,train
HAM_0003350,ISIC_0028512,mel,histo,60.0,male,chest,1450,train
HAM_0003350,ISIC_0024310,mel,histo,60.0,male,chest,1451,train
HAM_0001734,ISIC_0033496,mel,histo,55.0,male,upper extremity,1452,train
HAM_0001734,ISIC_0032927,mel,histo,55.0,male,upper extremity,1453,train
HAM_0001734,ISIC_0024865,mel,histo,55.0,male,upper extremity,1454,train
HAM_0004397,ISIC_0030681,mel,histo,55.0,female,neck,1457,train
HAM_0004397,ISIC_0027327,mel,histo,55.0,female,neck,1458,train
HAM_0004397,ISIC_0025589,mel,histo,55.0,female,neck,1459,train
HAM_0007272,ISIC_0024756,mel,histo,60.0,male,lower extremity,1460,train
HAM_0005719,ISIC_0029562,mel,histo,40.0,female,upper extremity,1461,train
HAM_0005719,ISIC_0029453,mel,histo,40.0,female,upper extremity,1462,train
HAM_0006435,ISIC_0034071,mel,histo,50.0,male,back,1463,train
HAM_0006435,ISIC_0033573,mel,histo,50.0,male,back,1464,train
HAM_0005403,ISIC_0026086,mel,histo,55.0,male,upper extremity,1465,train
HAM_0002032,ISIC_0030575,mel,histo,25.0,male,back,1472,train
HAM_0005490,ISIC_0033931,mel,histo,70.0,male,upper extremity,1473,train
HAM_0007163,ISIC_0033268,mel,histo,50.0,female,lower extremity,1474,train
HAM_0007163,ISIC_0032750,mel,histo,50.0,female,lower extremity,1475,train
HAM_0002939,ISIC_0032888,mel,histo,55.0,male,lower extremity,1476,train
HAM_0002939,ISIC_0033968,mel,histo,55.0,male,lower extremity,1477,train
HAM_0006445,ISIC_0033333,mel,histo,60.0,female,lower extremity,1478,train
HAM_0006445,ISIC_0033717,mel,histo,60.0,female,lower extremity,1479,train
HAM_0006445,ISIC_0034120,mel,histo,60.0,female,lower extremity,1480,train
HAM_0004405,ISIC_0032532,mel,histo,80.0,male,back,1481,train
HAM_0004405,ISIC_0033500,mel,histo,80.0,male,back,1482,train
HAM_0001409,ISIC_0026188,mel,histo,70.0,male,trunk,1488,train
HAM_0003983,ISIC_0033975,mel,histo,85.0,male,abdomen,1492,train
HAM_0003983,ISIC_0033278,mel,histo,85.0,male,abdomen,1493,train
HAM_0003983,ISIC_0033679,mel,histo,85.0,male,abdomen,1494,train
HAM_0001135,ISIC_0033152,mel,histo,65.0,female,back,1498,train
HAM_0005500,ISIC_0033636,mel,histo,75.0,male,trunk,1499,train
HAM_0001266,ISIC_0029909,mel,histo,75.0,female,ear,1500,train
HAM_0001174,ISIC_0033027,mel,histo,70.0,male,scalp,1504,train
HAM_0002824,ISIC_0034118,mel,histo,25.0,female,lower extremity,1505,train
HAM_0002824,ISIC_0033476,mel,histo,25.0,female,lower extremity,1506,train
HAM_0002824,ISIC_0033047,mel,histo,25.0,female,lower extremity,1507,train
HAM_0002824,ISIC_0025987,mel,histo,25.0,female,lower extremity,1508,train
HAM_0007343,ISIC_0033946,mel,histo,70.0,male,chest,1510,train
HAM_0007343,ISIC_0033369,mel,histo,70.0,male,chest,1511,train
HAM_0007343,ISIC_0032447,mel,histo,70.0,male,chest,1512,train
HAM_0007343,ISIC_0033655,mel,histo,70.0,male,chest,1513,train
HAM_0007343,ISIC_0033831,mel,histo,70.0,male,chest,1514,train
HAM_0000006,ISIC_0032583,mel,histo,70.0,male,back,1515,train
HAM_0000006,ISIC_0034162,mel,histo,70.0,male,back,1516,train
HAM_0000006,ISIC_0032187,mel,histo,70.0,male,back,1517,train
HAM_0003386,ISIC_0033416,mel,histo,70.0,male,abdomen,1524,train
HAM_0003386,ISIC_0032662,mel,histo,70.0,male,abdomen,1525,train
HAM_0003386,ISIC_0033452,mel,histo,70.0,male,abdomen,1526,train
HAM_0006886,ISIC_0033204,mel,histo,55.0,male,back,1530,train
HAM_0006886,ISIC_0033953,mel,histo,55.0,male,back,1531,train
HAM_0006886,ISIC_0032823,mel,histo,55.0,male,back,1532,train
HAM_0000321,ISIC_0032733,mel,histo,70.0,male,back,1533,train
HAM_0000321,ISIC_0033183,mel,histo,70.0,male,back,1534,train
HAM_0000321,ISIC_0032564,mel,histo,70.0,male,back,1535,train
HAM_0005636,ISIC_0034140,mel,histo,70.0,male,back,1536,train
HAM_0005636,ISIC_0034256,mel,histo,70.0,male,back,1537,train
HAM_0005636,ISIC_0032984,mel,histo,70.0,male,back,1538,train
HAM_0007234,ISIC_0033362,mel,histo,85.0,female,back,1539,train
HAM_0005545,ISIC_0033947,mel,histo,40.0,female,face,1540,train
HAM_0005545,ISIC_0033881,mel,histo,40.0,female,face,1541,train
HAM_0005400,ISIC_0029363,mel,histo,80.0,male,back,1542,train
HAM_0003625,ISIC_0032875,mel,histo,75.0,male,abdomen,1545,train
HAM_0003625,ISIC_0033802,mel,histo,75.0,male,abdomen,1546,train
HAM_0003625,ISIC_0033429,mel,histo,75.0,male,abdomen,1547,train
HAM_0002956,ISIC_0032637,mel,histo,35.0,female,abdomen,1551,train
HAM_0002956,ISIC_0032993,mel,histo,35.0,female,abdomen,1552,train
HAM_0005336,ISIC_0033154,mel,histo,30.0,male,trunk,1556,train
HAM_0005336,ISIC_0033192,mel,histo,30.0,male,trunk,1557,train
HAM_0000048,ISIC_0033902,mel,histo,75.0,male,lower extremity,1562,train
HAM_0000048,ISIC_0032774,mel,histo,75.0,male,lower extremity,1563,train
HAM_0003679,ISIC_0032840,mel,histo,55.0,male,lower extremity,1564,train
HAM_0003679,ISIC_0034313,mel,histo,55.0,male,lower extremity,1565,train
HAM_0003679,ISIC_0033570,mel,histo,55.0,male,lower extremity,1566,train
HAM_0004811,ISIC_0032602,mel,histo,50.0,female,back,1567,train
HAM_0004811,ISIC_0032724,mel,histo,50.0,female,back,1568,train
HAM_0004811,ISIC_0033129,mel,histo,50.0,female,back,1569,train
HAM_0005010,ISIC_0033180,mel,histo,30.0,female,upper extremity,1570,train
HAM_0005010,ISIC_0033962,mel,histo,30.0,female,upper extremity,1571,train
HAM_0005010,ISIC_0033603,mel,histo,30.0,female,upper extremity,1572,train
HAM_0005777,ISIC_0033325,mel,histo,60.0,male,chest,1573,train
HAM_0005777,ISIC_0034208,mel,histo,60.0,male,chest,1574,train
HAM_0000097,ISIC_0034262,mel,histo,65.0,male,foot,1578,train
HAM_0000097,ISIC_0033103,mel,histo,65.0,male,foot,1579,train
HAM_0000097,ISIC_0034106,mel,histo,65.0,male,foot,1580,train
HAM_0005535,ISIC_0029632,mel,histo,55.0,male,back,1586,train
HAM_0003354,ISIC_0032892,mel,histo,85.0,female,back,1590,train
HAM_0005581,ISIC_0033337,mel,histo,50.0,male,back,1594,train
HAM_0005581,ISIC_0033594,mel,histo,50.0,male,back,1595,train
HAM_0000319,ISIC_0029209,mel,histo,50.0,male,upper extremity,1596,train
HAM_0000358,ISIC_0026976,mel,histo,60.0,male,back,1597,train
HAM_0004927,ISIC_0032921,mel,histo,70.0,male,abdomen,1604,train
HAM_0004927,ISIC_0034117,mel,histo,70.0,male,abdomen,1605,train
HAM_0004927,ISIC_0033415,mel,histo,70.0,male,abdomen,1606,train
HAM_0005303,ISIC_0033240,mel,histo,70.0,male,scalp,1607,train
HAM_0005303,ISIC_0032782,mel,histo,70.0,male,scalp,1608,train
HAM_0005303,ISIC_0032522,mel,histo,70.0,male,scalp,1609,train
HAM_0007180,ISIC_0032726,mel,histo,65.0,male,face,1616,train
HAM_0007180,ISIC_0033272,mel,histo,65.0,male,face,1617,train
HAM_0003202,ISIC_0032718,mel,histo,65.0,male,chest,1618,train
HAM_0003202,ISIC_0032736,mel,histo,65.0,male,chest,1619,train
HAM_0000662,ISIC_0033317,mel,histo,80.0,male,face,1620,train
HAM_0000662,ISIC_0034269,mel,histo,80.0,male,face,1621,train
HAM_0000662,ISIC_0033956,mel,histo,80.0,male,face,1622,train
HAM_0006545,ISIC_0033241,mel,histo,50.0,female,back,1623,train
HAM_0006545,ISIC_0032598,mel,histo,50.0,female,back,1624,train
HAM_0006545,ISIC_0034289,mel,histo,50.0,female,back,1625,train
HAM_0004593,ISIC_0024900,mel,histo,65.0,female,back,1630,train
HAM_0004593,ISIC_0032072,mel,histo,65.0,female,back,1631,train
HAM_0004571,ISIC_0033578,mel,histo,65.0,male,face,1632,train
HAM_0004571,ISIC_0034100,mel,histo,65.0,male,face,1633,train
HAM_0003620,ISIC_0032511,mel,histo,70.0,male,scalp,1635,train
HAM_0000107,ISIC_0033299,mel,histo,85.0,male,trunk,1638,train
HAM_0004321,ISIC_0033479,mel,histo,40.0,female,back,1639,train
HAM_0004321,ISIC_0033522,mel,histo,40.0,female,back,1640,train
HAM_0005711,ISIC_0033911,mel,histo,35.0,male,back,1641,train
HAM_0005711,ISIC_0033779,mel,histo,35.0,male,back,1642,train
HAM_0005711,ISIC_0032638,mel,histo,35.0,male,back,1643,train
HAM_0000064,ISIC_0032603,mel,histo,30.0,female,lower extremity,1644,train
HAM_0000064,ISIC_0033871,mel,histo,30.0,female,lower extremity,1645,train
HAM_0000064,ISIC_0032955,mel,histo,30.0,female,lower extremity,1646,train
HAM_0005748,ISIC_0032812,mel,histo,50.0,male,trunk,1647,train
HAM_0005748,ISIC_0033619,mel,histo,50.0,male,trunk,1648,train
HAM_0005748,ISIC_0034065,mel,histo,50.0,male,trunk,1649,train
HAM_0004984,ISIC_0033630,mel,histo,80.0,male,face,1652,train
HAM_0004984,ISIC_0032879,mel,histo,80.0,male,face,1653,train
HAM_0001465,ISIC_0033209,mel,histo,65.0,male,ear,1657,train
HAM_0001465,ISIC_0034074,mel,histo,65.0,male,ear,1658,train
HAM_0001465,ISIC_0032699,mel,histo,65.0,male,ear,1659,train
HAM_0000002,ISIC_0033848,mel,histo,65.0,female,lower extremity,1660,train
HAM_0000002,ISIC_0032622,mel,histo,65.0,female,lower extremity,1661,train
HAM_0000002,ISIC_0034246,mel,histo,65.0,female,lower extremity,1662,train
HAM_0001524,ISIC_0032915,mel,histo,75.0,male,lower extremity,1663,train
HAM_0004949,ISIC_0033883,mel,histo,55.0,male,back,1665,train
HAM_0004949,ISIC_0034145,mel,histo,55.0,male,back,1666,train
HAM_0004949,ISIC_0032981,mel,histo,55.0,male,back,1667,train
HAM_0003421,ISIC_0033470,mel,histo,55.0,female,upper extremity,1668,train
HAM_0003421,ISIC_0034094,mel,histo,55.0,female,upper extremity,1669,train
HAM_0003421,ISIC_0033560,mel,histo,55.0,female,upper extremity,1670,train
HAM_0007086,ISIC_0033863,mel,histo,65.0,female,back,1677,train
HAM_0007086,ISIC_0034180,mel,histo,65.0,female,back,1678,train
HAM_0007086,ISIC_0033267,mel,histo,65.0,female,back,1679,train
HAM_0006763,ISIC_0034005,mel,histo,75.0,male,foot,1680,train
HAM_0006101,ISIC_0033872,mel,histo,75.0,male,back,1681,train
HAM_0006101,ISIC_0032617,mel,histo,75.0,male,back,1682,train
HAM_0005483,ISIC_0032965,mel,histo,45.0,female,upper extremity,1683,train
HAM_0005483,ISIC_0034242,mel,histo,45.0,female,upper extremity,1684,train
HAM_0005483,ISIC_0033117,mel,histo,45.0,female,upper extremity,1685,train
HAM_0002993,ISIC_0034104,mel,histo,55.0,male,upper extremity,1686,train
HAM_0002993,ISIC_0032547,mel,histo,55.0,male,upper extremity,1687,train
HAM_0002993,ISIC_0033644,mel,histo,55.0,male,upper extremity,1688,train
HAM_0004881,ISIC_0033806,mel,histo,85.0,male,abdomen,1689,train
HAM_0004881,ISIC_0032913,mel,histo,85.0,male,abdomen,1690,train
HAM_0004998,ISIC_0033651,mel,histo,60.0,female,lower extremity,1691,train
HAM_0004998,ISIC_0033304,mel,histo,60.0,female,lower extremity,1692,train
HAM_0005970,ISIC_0032806,mel,histo,65.0,male,chest,1693,train
HAM_0006189,ISIC_0033269,mel,histo,55.0,female,back,1703,train
HAM_0005256,ISIC_0033728,mel,histo,80.0,male,back,1710,train
HAM_0001863,ISIC_0032797,mel,histo,70.0,male,upper extremity,1714,train
HAM_0001863,ISIC_0032596,mel,histo,70.0,male,upper extremity,1715,train
HAM_0001863,ISIC_0032856,mel,histo,70.0,male,upper extremity,1716,train
HAM_0001863,ISIC_0033193,mel,histo,70.0,male,upper extremity,1717,train
HAM_0001863,ISIC_0033125,mel,histo,70.0,male,upper extremity,1718,train
HAM_0001863,ISIC_0032810,mel,histo,70.0,male,upper extremity,1719,train
HAM_0006437,ISIC_0033469,mel,histo,65.0,female,ear,1723,train
HAM_0004240,ISIC_0033663,mel,histo,50.0,male,back,1724,train
HAM_0004240,ISIC_0034284,mel,histo,50.0,male,back,1725,train
HAM_0000282,ISIC_0031709,mel,histo,65.0,male,neck,1726,train
HAM_0004240,ISIC_0032517,mel,histo,50.0,male,back,1727,train
HAM_0003566,ISIC_0032684,mel,histo,50.0,male,abdomen,1728,train
HAM_0003566,ISIC_0034052,mel,histo,50.0,male,abdomen,1729,train
HAM_0003566,ISIC_0033171,mel,histo,50.0,male,abdomen,1730,train
HAM_0002732,ISIC_0034022,mel,histo,65.0,male,chest,1731,train
HAM_0002732,ISIC_0033017,mel,histo,65.0,male,chest,1732,train
HAM_0002732,ISIC_0033874,mel,histo,65.0,male,chest,1733,train
HAM_0004687,ISIC_0033754,mel,histo,70.0,male,trunk,1734,train
HAM_0004687,ISIC_0032938,mel,histo,70.0,male,trunk,1735,train
HAM_0004767,ISIC_0025531,mel,histo,80.0,male,face,1736,train
HAM_0006802,ISIC_0032610,mel,histo,40.0,male,upper extremity,1737,train
HAM_0001143,ISIC_0033426,mel,histo,55.0,male,back,1743,train
HAM_0003495,ISIC_0032869,mel,histo,85.0,male,back,1745,train
HAM_0003495,ISIC_0033524,mel,histo,85.0,male,back,1746,train
HAM_0004853,ISIC_0034101,mel,histo,80.0,male,upper extremity,1747,train
HAM_0004853,ISIC_0030333,mel,histo,80.0,male,upper extremity,1748,train
HAM_0004853,ISIC_0032695,mel,histo,80.0,male,upper extremity,1749,train
HAM_0007583,ISIC_0033081,mel,histo,55.0,female,upper extremity,1754,train
HAM_0007570,ISIC_0026430,mel,histo,60.0,female,back,1758,train
HAM_0005274,ISIC_0033141,mel,histo,55.0,male,upper extremity,1759,train
HAM_0005274,ISIC_0033261,mel,histo,55.0,male,upper extremity,1760,train
HAM_0005274,ISIC_0032766,mel,histo,55.0,male,upper extremity,1761,train
HAM_0007102,ISIC_0030031,mel,histo,55.0,male,neck,1762,train
HAM_0007102,ISIC_0028655,mel,histo,55.0,male,neck,1763,train
HAM_0005409,ISIC_0032531,mel,histo,45.0,male,back,1764,train
HAM_0005409,ISIC_0032970,mel,histo,45.0,male,back,1765,train
HAM_0006556,ISIC_0027402,mel,histo,60.0,male,lower extremity,1766,train
HAM_0000337,ISIC_0030391,mel,histo,50.0,female,back,1767,train
HAM_0000375,ISIC_0030238,mel,histo,45.0,male,back,1770,train
HAM_0001272,ISIC_0032968,mel,histo,85.0,male,upper extremity,1771,train
HAM_0001272,ISIC_0029265,mel,histo,85.0,male,upper extremity,1772,train
HAM_0001274,ISIC_0032462,mel,histo,70.0,male,upper extremity,1773,train
HAM_0004578,ISIC_0034239,mel,histo,85.0,male,lower extremity,1775,train
HAM_0004578,ISIC_0034287,mel,histo,85.0,male,lower extremity,1776,train
HAM_0000274,ISIC_0031479,mel,histo,75.0,female,lower extremity,1777,train
HAM_0005249,ISIC_0033166,mel,histo,40.0,female,lower extremity,1778,train
HAM_0005249,ISIC_0033320,mel,histo,40.0,female,lower extremity,1779,train
HAM_0005249,ISIC_0032526,mel,histo,40.0,female,lower extremity,1780,train
HAM_0000423,ISIC_0033813,mel,histo,55.0,male,lower extremity,1781,train
HAM_0004129,ISIC_0032624,mel,histo,70.0,female,upper extremity,1782,train
HAM_0004129,ISIC_0033977,mel,histo,70.0,female,upper extremity,1783,train
HAM_0004129,ISIC_0034002,mel,histo,70.0,female,upper extremity,1784,train
HAM_0001105,ISIC_0033387,mel,histo,55.0,female,lower extremity,1785,train
HAM_0001105,ISIC_0025592,mel,histo,55.0,female,lower extremity,1786,train
HAM_0001105,ISIC_0032552,mel,histo,55.0,female,lower extremity,1787,train
HAM_0006802,ISIC_0033279,mel,histo,40.0,male,upper extremity,1788,train
HAM_0006802,ISIC_0032887,mel,histo,40.0,male,upper extremity,1789,train
HAM_0007583,ISIC_0034205,mel,histo,55.0,female,upper extremity,1790,train
HAM_0007583,ISIC_0033612,mel,histo,55.0,female,upper extremity,1791,train
HAM_0007589,ISIC_0034049,mel,histo,70.0,male,back,1792,train
HAM_0003700,ISIC_0033300,mel,histo,40.0,female,lower extremity,1793,train
HAM_0003700,ISIC_0033616,mel,histo,40.0,female,lower extremity,1794,train
HAM_0003700,ISIC_0029606,mel,histo,40.0,female,lower extremity,1795,train
HAM_0003700,ISIC_0033099,mel,histo,40.0,female,lower extremity,1796,train
HAM_0004284,ISIC_0032730,mel,histo,80.0,female,face,1803,train
HAM_0004284,ISIC_0032709,mel,histo,80.0,female,face,1804,train
HAM_0004284,ISIC_0033206,mel,histo,80.0,female,face,1805,train
HAM_0000799,ISIC_0033611,mel,histo,65.0,male,upper extremity,1813,train
HAM_0000799,ISIC_0033586,mel,histo,65.0,male,upper extremity,1814,train
HAM_0000799,ISIC_0033226,mel,histo,65.0,male,upper extremity,1815,train
HAM_0004326,ISIC_0030883,mel,histo,75.0,female,back,1820,train
HAM_0003335,ISIC_0032509,mel,histo,70.0,female,foot,1825,train
HAM_0003335,ISIC_0034068,mel,histo,70.0,female,foot,1826,train
HAM_0003174,ISIC_0033392,mel,histo,85.0,male,trunk,1827,train
HAM_0003174,ISIC_0032873,mel,histo,85.0,male,trunk,1828,train
HAM_0005809,ISIC_0034107,mel,histo,40.0,female,chest,1829,train
HAM_0005809,ISIC_0033368,mel,histo,40.0,female,chest,1830,train
HAM_0006923,ISIC_0032656,mel,histo,80.0,male,foot,1833,train
HAM_0006923,ISIC_0032592,mel,histo,80.0,male,foot,1834,train
HAM_0006184,ISIC_0033024,mel,histo,75.0,male,foot,1835,train
HAM_0006184,ISIC_0034134,mel,histo,75.0,male,foot,1836,train
HAM_0003351,ISIC_0033878,mel,histo,80.0,female,face,1837,train
HAM_0001344,ISIC_0032687,mel,histo,45.0,male,back,1838,train
HAM_0001344,ISIC_0033055,mel,histo,45.0,male,back,1839,train
HAM_0006426,ISIC_0033559,mel,histo,80.0,female,upper extremity,1840,train
HAM_0006426,ISIC_0032922,mel,histo,80.0,female,upper extremity,1841,train
HAM_0006517,ISIC_0032672,mel,histo,55.0,female,lower extremity,1842,train
HAM_0006517,ISIC_0034076,mel,histo,55.0,female,lower extremity,1843,train
HAM_0006462,ISIC_0033520,mel,histo,55.0,male,neck,1844,train
HAM_0006462,ISIC_0034028,mel,histo,55.0,male,neck,1845,train
HAM_0005627,ISIC_0033607,mel,histo,45.0,male,back,1847,train
HAM_0005627,ISIC_0033568,mel,histo,45.0,male,back,1848,train
HAM_0004914,ISIC_0034062,mel,histo,80.0,female,face,1856,train
HAM_0004914,ISIC_0034170,mel,histo,80.0,female,face,1857,train
HAM_0001506,ISIC_0033061,mel,histo,25.0,female,lower extremity,1858,train
HAM_0001506,ISIC_0033967,mel,histo,25.0,female,lower extremity,1859,train
HAM_0001506,ISIC_0033051,mel,histo,25.0,female,lower extremity,1860,train
HAM_0003439,ISIC_0033050,mel,histo,75.0,female,back,1861,train
HAM_0003439,ISIC_0033526,mel,histo,75.0,female,back,1862,train
HAM_0000176,ISIC_0032862,mel,histo,65.0,male,upper extremity,1863,train
HAM_0000176,ISIC_0033073,mel,histo,65.0,male,upper extremity,1864,train
HAM_0000176,ISIC_0033696,mel,histo,65.0,male,upper extremity,1865,train
HAM_0007592,ISIC_0027149,mel,histo,80.0,male,upper extremity,1866,train
HAM_0001793,ISIC_0028520,mel,histo,75.0,male,back,1872,train
HAM_0001793,ISIC_0034000,mel,histo,75.0,male,back,1873,train
HAM_0002488,ISIC_0032807,mel,histo,50.0,male,face,1874,train
HAM_0002488,ISIC_0032645,mel,histo,50.0,male,face,1875,train
HAM_0002051,ISIC_0033498,mel,histo,50.0,female,foot,1876,train
HAM_0002051,ISIC_0031784,mel,histo,50.0,female,foot,1877,train
HAM_0000392,ISIC_0034275,mel,histo,70.0,male,trunk,1878,train
HAM_0000392,ISIC_0033440,mel,histo,70.0,male,trunk,1879,train
HAM_0001974,ISIC_0033807,mel,histo,65.0,female,lower extremity,1880,train
HAM_0001974,ISIC_0033533,mel,histo,65.0,female,lower extremity,1881,train
HAM_0005021,ISIC_0034173,mel,histo,75.0,male,face,1882,train
HAM_0005021,ISIC_0033454,mel,histo,75.0,male,face,1883,train
HAM_0001349,ISIC_0028225,mel,histo,70.0,female,lower extremity,1885,train
HAM_0000169,ISIC_0032960,mel,histo,,male,face,1886,train
HAM_0000169,ISIC_0033708,mel,histo,,male,face,1887,train
HAM_0006400,ISIC_0031741,mel,histo,45.0,female,back,1889,train
HAM_0000079,ISIC_0033752,mel,histo,50.0,female,face,1893,train
HAM_0000079,ISIC_0033424,mel,histo,50.0,female,face,1894,train
HAM_0003869,ISIC_0032152,mel,histo,50.0,male,lower extremity,1896,train
HAM_0001647,ISIC_0033730,mel,histo,70.0,female,back,1897,train
HAM_0001647,ISIC_0032975,mel,histo,70.0,female,back,1898,train
HAM_0002723,ISIC_0034243,mel,histo,45.0,female,lower extremity,1899,train
HAM_0002723,ISIC_0034050,mel,histo,45.0,female,lower extremity,1900,train
HAM_0000709,ISIC_0033114,mel,histo,45.0,female,lower extremity,1901,train
HAM_0000709,ISIC_0032559,mel,histo,45.0,female,lower extremity,1902,train
HAM_0004844,ISIC_0033394,mel,histo,50.0,male,trunk,1904,train
HAM_0004844,ISIC_0034233,mel,histo,50.0,male,trunk,1905,train
HAM_0004620,ISIC_0033122,mel,histo,55.0,male,trunk,1906,train
HAM_0004620,ISIC_0033713,mel,histo,55.0,male,trunk,1907,train
HAM_0000337,ISIC_0026081,mel,histo,50.0,female,back,1908,train
HAM_0005040,ISIC_0033638,mel,histo,40.0,female,upper extremity,1909,train
HAM_0005040,ISIC_0033805,mel,histo,40.0,female,upper extremity,1910,train
HAM_0005040,ISIC_0033302,mel,histo,40.0,female,upper extremity,1911,train
HAM_0000206,ISIC_0033925,mel,histo,65.0,female,upper extremity,1912,train
HAM_0000206,ISIC_0033431,mel,histo,65.0,female,upper extremity,1913,train
HAM_0000880,ISIC_0033089,mel,histo,60.0,male,face,1914,train
HAM_0000880,ISIC_0033562,mel,histo,60.0,male,face,1915,train
HAM_0000375,ISIC_0031233,mel,histo,45.0,male,back,1916,train
HAM_0001570,ISIC_0032872,mel,histo,55.0,male,back,1920,train
HAM_0001570,ISIC_0033178,mel,histo,55.0,male,back,1921,train
HAM_0004011,ISIC_0033023,mel,histo,80.0,male,upper extremity,1922,train
HAM_0004011,ISIC_0033258,mel,histo,80.0,male,upper extremity,1924,train
HAM_0007245,ISIC_0032870,mel,histo,85.0,male,upper extremity,1925,train
HAM_0003176,ISIC_0028148,mel,histo,85.0,male,chest,1929,train
HAM_0003617,ISIC_0029502,mel,histo,50.0,female,upper extremity,1931,train
HAM_0005846,ISIC_0024459,mel,histo,80.0,male,back,1932,train
HAM_0007305,ISIC_0029933,mel,histo,45.0,female,upper extremity,1933,train
HAM_0001299,ISIC_0031208,mel,histo,55.0,female,back,1934,train
HAM_0001299,ISIC_0026545,mel,histo,55.0,female,back,1935,train
HAM_0006017,ISIC_0027282,mel,histo,60.0,female,back,1937,train
HAM_0004427,ISIC_0029092,mel,histo,65.0,female,upper extremity,1938,train
HAM_0000373,ISIC_0024806,mel,histo,70.0,female,back,1940,train
HAM_0001819,ISIC_0032424,mel,histo,70.0,female,back,1941,train
HAM_0001819,ISIC_0028584,mel,histo,70.0,female,back,1942,train
HAM_0007016,ISIC_0027838,mel,histo,35.0,female,abdomen,1943,train
HAM_0000433,ISIC_0031554,mel,histo,55.0,male,back,1944,train
HAM_0000433,ISIC_0025472,mel,histo,55.0,male,back,1945,train
HAM_0005927,ISIC_0028173,mel,histo,45.0,male,back,1946,train
HAM_0005061,ISIC_0032466,mel,histo,60.0,male,lower extremity,1948,train
HAM_0002186,ISIC_0028463,mel,histo,60.0,female,back,1951,train
HAM_0004779,ISIC_0024962,mel,histo,35.0,male,back,1953,train
HAM_0004779,ISIC_0024823,mel,histo,35.0,male,back,1954,train
HAM_0002196,ISIC_0026089,mel,histo,60.0,male,back,1956,train
HAM_0002196,ISIC_0024930,mel,histo,60.0,male,back,1957,train
HAM_0001950,ISIC_0024449,mel,histo,55.0,male,back,1958,train
HAM_0002834,ISIC_0032110,mel,histo,75.0,female,back,1959,train
HAM_0002834,ISIC_0026500,mel,histo,75.0,female,back,1960,train
HAM_0001986,ISIC_0025512,mel,histo,50.0,male,upper extremity,1961,train
HAM_0001986,ISIC_0024999,mel,histo,50.0,male,upper extremity,1962,train
HAM_0006467,ISIC_0027622,mel,histo,40.0,female,upper extremity,1963,train
HAM_0001444,ISIC_0026352,mel,histo,40.0,female,lower extremity,1964,train
HAM_0001444,ISIC_0024688,mel,histo,40.0,female,lower extremity,1965,train
HAM_0004850,ISIC_0026438,mel,histo,30.0,female,trunk,1967,train
HAM_0004850,ISIC_0028126,mel,histo,30.0,female,trunk,1968,train
HAM_0002711,ISIC_0027669,mel,histo,65.0,male,lower extremity,1969,train
HAM_0002711,ISIC_0031795,mel,histo,65.0,male,lower extremity,1970,train
HAM_0001378,ISIC_0025313,mel,histo,35.0,female,lower extremity,1972,train
HAM_0000888,ISIC_0025085,mel,histo,75.0,male,upper extremity,1975,train
HAM_0000888,ISIC_0031034,mel,histo,75.0,male,upper extremity,1976,train
HAM_0000775,ISIC_0025097,mel,histo,55.0,male,chest,1977,train
HAM_0000775,ISIC_0031666,mel,histo,55.0,male,chest,1978,train
HAM_0004642,ISIC_0025524,mel,histo,50.0,female,upper extremity,1983,train
HAM_0004642,ISIC_0025963,mel,histo,50.0,female,upper extremity,1984,train
HAM_0004642,ISIC_0025121,mel,histo,50.0,female,upper extremity,1985,train
HAM_0002430,ISIC_0032134,mel,histo,70.0,female,upper extremity,1986,train
HAM_0002430,ISIC_0028114,mel,histo,70.0,female,upper extremity,1987,train
HAM_0002430,ISIC_0027673,mel,histo,70.0,female,upper extremity,1988,train
HAM_0003176,ISIC_0030756,mel,histo,85.0,male,chest,1991,train
HAM_0002622,ISIC_0030187,mel,histo,35.0,male,upper extremity,1994,train
HAM_0003497,ISIC_0030970,mel,histo,50.0,female,lower extremity,1995,train
HAM_0006207,ISIC_0030034,mel,histo,50.0,female,back,1997,train
HAM_0006538,ISIC_0029397,mel,histo,5.0,male,back,1998,train
HAM_0003761,ISIC_0025316,mel,histo,45.0,female,lower extremity,1999,train
HAM_0006978,ISIC_0029316,mel,histo,45.0,female,neck,2000,train
HAM_0007091,ISIC_0027552,mel,histo,40.0,male,face,2001,train
HAM_0003194,ISIC_0026954,mel,histo,50.0,male,trunk,2002,train
HAM_0006088,ISIC_0028760,mel,histo,30.0,female,abdomen,2003,train
HAM_0002534,ISIC_0027620,mel,histo,80.0,male,lower extremity,2004,train
HAM_0000373,ISIC_0027407,mel,histo,70.0,female,back,2007,train
HAM_0001726,ISIC_0024700,mel,histo,35.0,female,trunk,2008,train
HAM_0006870,ISIC_0027793,mel,histo,35.0,female,neck,2009,train
HAM_0003558,ISIC_0026989,mel,histo,55.0,male,back,2010,train
HAM_0000492,ISIC_0029859,mel,histo,75.0,male,abdomen,2012,train
HAM_0003484,ISIC_0028003,mel,histo,30.0,male,lower extremity,2013,train
HAM_0000871,ISIC_0026506,mel,histo,40.0,female,trunk,2014,train
HAM_0002477,ISIC_0025145,mel,histo,80.0,female,lower extremity,2015,train
HAM_0003522,ISIC_0029013,mel,histo,45.0,female,abdomen,2016,train
HAM_0005826,ISIC_0031077,mel,histo,65.0,female,trunk,2017,train
HAM_0002764,ISIC_0030366,mel,histo,60.0,female,back,2019,train
HAM_0004979,ISIC_0032245,mel,histo,85.0,male,back,2020,train
HAM_0000417,ISIC_0031386,mel,histo,65.0,male,back,2023,train
HAM_0006497,ISIC_0027302,mel,histo,35.0,female,lower extremity,2025,train
HAM_0000133,ISIC_0028548,mel,histo,60.0,female,back,2027,train
HAM_0004637,ISIC_0032036,mel,histo,65.0,female,lower extremity,2033,train
HAM_0004171,ISIC_0024644,mel,histo,85.0,female,lower extremity,2034,train
HAM_0007188,ISIC_0031543,mel,histo,60.0,female,upper extremity,2035,train
HAM_0005533,ISIC_0027065,mel,histo,85.0,female,upper extremity,2036,train
HAM_0003608,ISIC_0028228,mel,histo,75.0,female,back,2037,train
HAM_0000856,ISIC_0028537,mel,histo,35.0,male,back,2039,train
HAM_0004817,ISIC_0025238,mel,histo,55.0,male,lower extremity,2040,train
HAM_0005425,ISIC_0029698,mel,histo,70.0,female,lower extremity,2041,train
HAM_0000766,ISIC_0029937,mel,histo,40.0,male,chest,2042,train
HAM_0002696,ISIC_0027171,mel,histo,45.0,female,foot,2043,train
HAM_0002696,ISIC_0026207,mel,histo,45.0,female,foot,2044,train
HAM_0000075,ISIC_0025651,mel,histo,70.0,male,back,2046,train
HAM_0000563,ISIC_0027900,mel,histo,40.0,female,lower extremity,2047,train
HAM_0000220,ISIC_0030360,mel,histo,65.0,male,upper extremity,2048,train
HAM_0002752,ISIC_0025748,mel,histo,70.0,male,lower extremity,2051,train
HAM_0004654,ISIC_0027130,mel,histo,70.0,male,chest,2052,train
HAM_0007019,ISIC_0029454,mel,histo,80.0,male,back,2053,train
HAM_0006636,ISIC_0028051,mel,histo,45.0,male,back,2054,train
HAM_0006696,ISIC_0026094,mel,histo,20.0,male,back,2055,train
HAM_0006699,ISIC_0024571,mel,histo,65.0,male,face,2056,train
HAM_0000282,ISIC_0027155,mel,histo,65.0,male,neck,2057,train
HAM_0000887,ISIC_0030501,mel,histo,50.0,male,back,2059,train
HAM_0000952,ISIC_0024546,mel,histo,80.0,female,lower extremity,2060,train
HAM_0002719,ISIC_0029033,mel,histo,30.0,female,upper extremity,2064,train
HAM_0002079,ISIC_0029146,mel,histo,65.0,male,face,2065,train
HAM_0000952,ISIC_0026009,mel,histo,80.0,female,lower extremity,2067,train
HAM_0000624,ISIC_0029089,mel,histo,70.0,male,back,2068,train
HAM_0000952,ISIC_0030689,mel,histo,80.0,female,lower extremity,2070,train
HAM_0003055,ISIC_0032420,mel,histo,65.0,female,neck,2072,train
HAM_0006196,ISIC_0025248,mel,histo,70.0,male,back,2073,train
HAM_0002436,ISIC_0026266,mel,histo,60.0,male,upper extremity,2074,train
HAM_0007114,ISIC_0028418,mel,histo,45.0,female,face,2075,train
HAM_0003749,ISIC_0025268,mel,histo,65.0,male,upper extremity,2076,train
HAM_0003782,ISIC_0029744,mel,histo,35.0,female,abdomen,2077,train
HAM_0004021,ISIC_0025800,mel,histo,65.0,male,back,2078,train
HAM_0001349,ISIC_0032425,mel,histo,70.0,female,lower extremity,2079,train
HAM_0001349,ISIC_0024351,mel,histo,70.0,female,lower extremity,2082,train
HAM_0001655,ISIC_0030110,mel,histo,50.0,female,upper extremity,2083,train
HAM_0000247,ISIC_0025132,mel,histo,80.0,male,back,2084,train
HAM_0006004,ISIC_0027702,mel,histo,70.0,female,back,2089,train
HAM_0006006,ISIC_0028847,mel,histo,75.0,male,chest,2090,train
HAM_0006006,ISIC_0024961,mel,histo,75.0,male,chest,2091,train
HAM_0002436,ISIC_0025127,mel,histo,60.0,male,upper extremity,2094,train
HAM_0001397,ISIC_0026796,mel,histo,70.0,male,back,2097,train
HAM_0002525,ISIC_0026811,mel,histo,55.0,male,face,2098,train
HAM_0002113,ISIC_0029839,mel,histo,65.0,male,back,2099,train
HAM_0002906,ISIC_0026604,mel,histo,70.0,male,ear,2101,train
HAM_0000125,ISIC_0028777,mel,histo,60.0,male,lower extremity,2102,train
HAM_0000125,ISIC_0027964,mel,histo,60.0,male,lower extremity,2104,train
HAM_0003095,ISIC_0025755,mel,histo,60.0,female,back,2107,train
HAM_0007488,ISIC_0029157,mel,histo,60.0,male,back,2108,train
HAM_0007488,ISIC_0024952,mel,histo,60.0,male,back,2109,train
HAM_0007498,ISIC_0025546,mel,histo,55.0,male,upper extremity,2110,train
HAM_0005251,ISIC_0026868,mel,histo,75.0,male,lower extremity,2112,train
HAM_0005747,ISIC_0027105,mel,histo,45.0,male,lower extremity,2114,train
HAM_0005747,ISIC_0027502,mel,histo,45.0,male,lower extremity,2115,train
HAM_0001657,ISIC_0031529,mel,histo,40.0,female,abdomen,2116,train
HAM_0001551,ISIC_0027420,mel,histo,60.0,male,upper extremity,2117,train
HAM_0001069,ISIC_0030843,mel,histo,60.0,female,lower extremity,2118,train
HAM_0001069,ISIC_0028898,mel,histo,60.0,female,lower extremity,2119,train
HAM_0005535,ISIC_0025391,mel,histo,55.0,male,back,2123,train
HAM_0002493,ISIC_0024323,mel,histo,50.0,male,lower extremity,2126,train
HAM_0002493,ISIC_0027436,mel,histo,50.0,male,lower extremity,2127,train
HAM_0000125,ISIC_0032372,mel,histo,60.0,male,lower extremity,2128,train
HAM_0002869,ISIC_0026694,mel,histo,50.0,female,back,2129,train
HAM_0002869,ISIC_0024313,mel,histo,50.0,female,back,2130,train
HAM_0000588,ISIC_0028929,mel,histo,65.0,female,back,2132,train
HAM_0000588,ISIC_0026746,mel,histo,65.0,female,back,2133,train
HAM_0007242,ISIC_0026774,mel,histo,70.0,female,upper extremity,2134,train
HAM_0007242,ISIC_0030047,mel,histo,70.0,female,upper extremity,2135,train
HAM_0001598,ISIC_0030910,mel,histo,65.0,male,back,2136,train
HAM_0001598,ISIC_0029238,mel,histo,65.0,male,back,2137,train
HAM_0006423,ISIC_0028685,mel,histo,55.0,male,back,2138,train
HAM_0006355,ISIC_0027663,mel,histo,40.0,male,back,2139,train
HAM_0006130,ISIC_0031670,mel,histo,80.0,female,upper extremity,2142,train
HAM_0001744,ISIC_0031339,mel,histo,60.0,male,back,2143,train
HAM_0002906,ISIC_0027517,mel,histo,70.0,male,ear,2148,train
HAM_0004507,ISIC_0029958,mel,histo,65.0,female,face,2150,train
HAM_0001744,ISIC_0032476,mel,histo,60.0,male,back,2151,train
HAM_0003428,ISIC_0031170,mel,histo,85.0,female,upper extremity,2152,train
HAM_0003428,ISIC_0024652,mel,histo,85.0,female,upper extremity,2154,train
HAM_0001744,ISIC_0029353,mel,histo,60.0,male,back,2155,train
HAM_0001791,ISIC_0032504,mel,histo,50.0,female,upper extremity,2156,train
HAM_0001791,ISIC_0027956,mel,histo,50.0,female,upper extremity,2157,train
HAM_0001835,ISIC_0029995,mel,histo,65.0,male,back,2159,train
HAM_0002772,ISIC_0031908,mel,histo,75.0,male,back,2160,train
HAM_0002772,ISIC_0026897,mel,histo,75.0,male,back,2161,train
HAM_0003957,ISIC_0030653,mel,histo,65.0,female,back,2162,train
HAM_0001976,ISIC_0026586,mel,histo,85.0,male,upper extremity,2163,train
HAM_0001835,ISIC_0027101,mel,histo,65.0,male,back,2164,train
HAM_0001976,ISIC_0025732,mel,histo,85.0,male,upper extremity,2165,train
HAM_0006160,ISIC_0030950,mel,histo,70.0,female,hand,2166,train
HAM_0006594,ISIC_0025195,mel,histo,60.0,female,back,2167,train
HAM_0001835,ISIC_0026652,mel,histo,65.0,male,back,2168,train
HAM_0000856,ISIC_0029885,mel,histo,35.0,male,back,2169,train
HAM_0002197,ISIC_0028709,mel,histo,50.0,male,back,2171,train
HAM_0002693,ISIC_0031550,mel,histo,80.0,female,chest,2174,train
HAM_0006964,ISIC_0027163,mel,histo,60.0,female,lower extremity,2176,train
HAM_0006964,ISIC_0029642,mel,histo,60.0,female,lower extremity,2177,train
HAM_0006699,ISIC_0029893,mel,histo,65.0,male,face,2178,train
HAM_0004507,ISIC_0024554,mel,histo,65.0,female,face,2184,train
HAM_0005532,ISIC_0030183,mel,histo,70.0,male,chest,2186,train
HAM_0000593,ISIC_0024679,mel,histo,50.0,male,back,2187,train
HAM_0000619,ISIC_0026690,mel,histo,50.0,male,lower extremity,2188,train
HAM_0000593,ISIC_0031401,mel,histo,50.0,male,back,2189,train
HAM_0002800,ISIC_0027089,mel,histo,55.0,male,chest,2190,train
HAM_0002800,ISIC_0026239,mel,histo,55.0,male,chest,2191,train
HAM_0002817,ISIC_0030255,mel,histo,70.0,female,upper extremity,2192,train
HAM_0002817,ISIC_0029495,mel,histo,70.0,female,upper extremity,2193,train
HAM_0003256,ISIC_0032269,mel,histo,60.0,male,back,2194,train
HAM_0003172,ISIC_0025832,mel,histo,65.0,male,back,2196,train
HAM_0003172,ISIC_0026105,mel,histo,65.0,male,back,2197,train
HAM_0002970,ISIC_0026930,mel,histo,60.0,male,chest,2200,train
HAM_0002970,ISIC_0027350,mel,histo,60.0,male,chest,2202,train
HAM_0003256,ISIC_0028218,mel,histo,60.0,male,back,2203,train
HAM_0005724,ISIC_0024805,mel,histo,75.0,male,upper extremity,2204,train
HAM_0005724,ISIC_0030032,mel,histo,75.0,male,upper extremity,2205,train
HAM_0005735,ISIC_0025543,mel,histo,85.0,female,face,2206,train
HAM_0003587,ISIC_0026870,mel,histo,75.0,female,back,2207,train
HAM_0006137,ISIC_0026738,mel,histo,85.0,female,face,2208,train
HAM_0006171,ISIC_0026131,mel,histo,75.0,female,upper extremity,2209,train
HAM_0006171,ISIC_0025663,mel,histo,75.0,female,upper extremity,2210,train
HAM_0006955,ISIC_0025105,mel,histo,65.0,male,back,2211,train
HAM_0006779,ISIC_0028860,mel,histo,65.0,male,back,2212,train
HAM_0006744,ISIC_0031561,mel,histo,55.0,male,back,2213,train
HAM_0003869,ISIC_0025766,mel,histo,50.0,male,lower extremity,2214,train
HAM_0003782,ISIC_0031410,mel,histo,35.0,female,abdomen,2215,train
HAM_0001964,ISIC_0032149,mel,histo,50.0,male,neck,2220,train
HAM_0001964,ISIC_0024733,mel,histo,50.0,male,neck,2221,train
HAM_0005692,ISIC_0031931,mel,histo,70.0,female,face,2224,train
HAM_0005789,ISIC_0028033,mel,histo,55.0,male,chest,2230,train
HAM_0005789,ISIC_0032204,mel,histo,55.0,male,chest,2231,train
HAM_0005789,ISIC_0032095,mel,histo,55.0,male,chest,2232,train
HAM_0003957,ISIC_0031821,mel,histo,65.0,female,back,2234,train
HAM_0003601,ISIC_0030795,mel,histo,60.0,male,back,2235,train
HAM_0003601,ISIC_0027507,mel,histo,60.0,male,back,2236,train
HAM_0007511,ISIC_0024630,mel,histo,85.0,male,lower extremity,2240,train
HAM_0007511,ISIC_0024333,mel,histo,85.0,male,lower extremity,2241,train
HAM_0004559,ISIC_0028220,mel,histo,60.0,male,face,2246,train
HAM_0004622,ISIC_0028666,mel,histo,75.0,male,upper extremity,2248,train
HAM_0007293,ISIC_0026735,mel,histo,85.0,female,face,2249,train
HAM_0006423,ISIC_0028352,mel,histo,55.0,male,back,2250,train
HAM_0006527,ISIC_0029094,mel,histo,45.0,female,upper extremity,2251,train
HAM_0005909,ISIC_0026045,mel,histo,65.0,male,upper extremity,2253,train
HAM_0001607,ISIC_0028508,mel,histo,75.0,male,back,2254,train
HAM_0001953,ISIC_0031498,mel,histo,65.0,male,back,2255,train
HAM_0002109,ISIC_0028897,mel,histo,75.0,female,back,2256,train
HAM_0007498,ISIC_0028156,mel,histo,55.0,male,upper extremity,2257,train
HAM_0007530,ISIC_0024918,mel,histo,30.0,male,chest,2258,train
HAM_0006223,ISIC_0032287,mel,histo,80.0,male,foot,2259,train
HAM_0006223,ISIC_0025791,mel,histo,80.0,male,foot,2260,train
HAM_0002131,ISIC_0030901,mel,histo,55.0,male,upper extremity,2261,train
HAM_0002131,ISIC_0030995,mel,histo,55.0,male,upper extremity,2262,train
HAM_0002576,ISIC_0031368,mel,histo,55.0,male,lower extremity,2263,train
HAM_0001113,ISIC_0031900,mel,histo,55.0,male,back,2264,train
HAM_0003520,ISIC_0026516,mel,histo,45.0,female,abdomen,2265,train
HAM_0003520,ISIC_0025724,mel,histo,45.0,female,abdomen,2266,train
HAM_0002130,ISIC_0029570,mel,histo,50.0,female,lower extremity,2267,train
HAM_0002576,ISIC_0025414,mel,histo,55.0,male,lower extremity,2269,train
HAM_0007530,ISIC_0024410,mel,histo,30.0,male,chest,2271,train
HAM_0002613,ISIC_0030925,mel,histo,45.0,male,lower extremity,2274,train
HAM_0003171,ISIC_0030122,mel,histo,55.0,male,back,2275,train
HAM_0003509,ISIC_0031778,mel,histo,75.0,male,lower extremity,2277,train
HAM_0002613,ISIC_0030604,mel,histo,45.0,male,lower extremity,2280,train
HAM_0002613,ISIC_0024958,mel,histo,45.0,male,lower extremity,2281,train
HAM_0004767,ISIC_0028285,mel,histo,80.0,male,face,2289,train
HAM_0000534,ISIC_0026258,mel,histo,45.0,female,lower extremity,2290,train
HAM_0000534,ISIC_0025235,mel,histo,45.0,female,lower extremity,2291,train
HAM_0001095,ISIC_0026647,mel,histo,75.0,male,lower extremity,2295,train
HAM_0004428,ISIC_0025317,mel,histo,80.0,male,upper extremity,2296,train
HAM_0004428,ISIC_0026420,mel,histo,80.0,male,upper extremity,2297,train
HAM_0004746,ISIC_0028764,mel,histo,65.0,female,back,2298,train
HAM_0004746,ISIC_0029021,mel,histo,65.0,female,back,2299,train
HAM_0000536,ISIC_0027359,mel,histo,45.0,female,lower extremity,2300,train
HAM_0007031,ISIC_0025616,mel,histo,70.0,female,upper extremity,2301,train
HAM_0003530,ISIC_0030929,mel,histo,55.0,female,upper extremity,2304,train
HAM_0003534,ISIC_0028493,mel,histo,85.0,male,chest,2305,train
HAM_0001910,ISIC_0028968,mel,histo,55.0,male,upper extremity,2306,train
HAM_0001910,ISIC_0024739,mel,histo,55.0,male,upper extremity,2307,train
HAM_0002525,ISIC_0025188,mel,histo,55.0,male,face,2308,train
HAM_0003102,ISIC_0032389,mel,histo,65.0,male,face,2310,train
HAM_0003102,ISIC_0025709,mel,histo,65.0,male,face,2311,train
HAM_0003534,ISIC_0031746,mel,histo,85.0,male,chest,2312,train
HAM_0003171,ISIC_0025941,mel,histo,55.0,male,back,2315,train
HAM_0003509,ISIC_0027832,mel,histo,75.0,male,lower extremity,2316,train
HAM_0000536,ISIC_0031844,mel,histo,45.0,female,lower extremity,2317,train
HAM_0001953,ISIC_0025611,mel,histo,65.0,male,back,2319,train
HAM_0006889,ISIC_0031197,vasc,histo,20.0,male,upper extremity,2320,train
HAM_0006889,ISIC_0031270,vasc,histo,20.0,male,upper extremity,2321,train
HAM_0005155,ISIC_0032076,vasc,histo,85.0,male,lower extremity,2324,train
HAM_0005155,ISIC_0025321,vasc,histo,85.0,male,lower extremity,2325,train
HAM_0002692,ISIC_0029404,vasc,histo,10.0,male,trunk,2326,train
HAM_0002692,ISIC_0030275,vasc,histo,10.0,male,trunk,2327,train
HAM_0006617,ISIC_0028163,vasc,histo,25.0,female,abdomen,2330,train
HAM_0006617,ISIC_0024669,vasc,histo,25.0,female,abdomen,2331,train
HAM_0002218,ISIC_0025578,vasc,histo,5.0,male,back,2334,train
HAM_0002218,ISIC_0029448,vasc,histo,5.0,male,back,2335,train
HAM_0005713,ISIC_0028714,vasc,histo,60.0,female,neck,2336,train
HAM_0005713,ISIC_0030956,vasc,histo,60.0,female,neck,2337,train
HAM_0003839,ISIC_0026693,vasc,histo,75.0,male,abdomen,2338,train
HAM_0003839,ISIC_0027983,vasc,histo,75.0,male,abdomen,2339,train
HAM_0002538,ISIC_0030770,vasc,histo,65.0,female,abdomen,2340,train
HAM_0002538,ISIC_0032240,vasc,histo,65.0,female,abdomen,2341,train
HAM_0006324,ISIC_0029889,vasc,histo,40.0,female,chest,2343,train
HAM_0007614,ISIC_0029514,vasc,histo,55.0,female,face,2346,train
HAM_0007614,ISIC_0027672,vasc,histo,55.0,female,face,2347,train
HAM_0003771,ISIC_0026163,vasc,histo,50.0,female,hand,2348,train
HAM_0003771,ISIC_0025807,vasc,histo,50.0,female,hand,2349,train
HAM_0000494,ISIC_0032745,vasc,histo,55.0,male,lower extremity,2350,train
HAM_0000494,ISIC_0032557,vasc,histo,55.0,male,lower extremity,2351,train
HAM_0000494,ISIC_0033092,vasc,histo,55.0,male,lower extremity,2352,train
HAM_0006156,ISIC_0027903,vasc,histo,45.0,female,lower extremity,2353,train
HAM_0006203,ISIC_0026456,vasc,histo,60.0,male,upper extremity,2354,train
HAM_0005878,ISIC_0033450,vasc,histo,15.0,male,chest,2355,train
HAM_0005878,ISIC_0033254,vasc,histo,15.0,male,chest,2356,train
HAM_0004776,ISIC_0033158,vasc,histo,45.0,female,chest,2357,train
HAM_0004776,ISIC_0032867,vasc,histo,45.0,female,chest,2358,train
HAM_0004776,ISIC_0032545,vasc,histo,45.0,female,chest,2359,train
HAM_0006946,ISIC_0032614,vasc,histo,55.0,female,back,2366,train
HAM_0006946,ISIC_0033349,vasc,histo,55.0,female,back,2367,train
HAM_0006946,ISIC_0032919,vasc,histo,55.0,female,back,2368,train
HAM_0006946,ISIC_0032866,vasc,histo,55.0,female,back,2369,train
HAM_0004791,ISIC_0033135,vasc,histo,80.0,female,lower extremity,2370,train
HAM_0004791,ISIC_0032538,vasc,histo,80.0,female,lower extremity,2371,train
HAM_0004791,ISIC_0033591,vasc,histo,80.0,female,lower extremity,2372,train
HAM_0001852,ISIC_0033749,vasc,histo,80.0,male,lower extremity,2379,train
HAM_0001852,ISIC_0034196,vasc,histo,80.0,male,lower extremity,2380,train
HAM_0001719,ISIC_0031090,vasc,histo,55.0,female,upper extremity,2381,train
HAM_0005270,ISIC_0032270,vasc,histo,70.0,female,lower extremity,2382,train
HAM_0005158,ISIC_0031950,vasc,histo,40.0,male,lower extremity,2383,train
HAM_0005471,ISIC_0028146,vasc,histo,60.0,female,back,2384,train
HAM_0004877,ISIC_0027159,vasc,histo,85.0,female,upper extremity,2385,train
HAM_0004877,ISIC_0028188,vasc,histo,85.0,female,upper extremity,2386,train
HAM_0004820,ISIC_0030722,vasc,consensus,45.0,female,abdomen,2387,train
HAM_0002610,ISIC_0026876,vasc,consensus,0.0,female,abdomen,2388,train
HAM_0002610,ISIC_0030606,vasc,consensus,0.0,female,abdomen,2389,train
HAM_0001566,ISIC_0024747,vasc,consensus,70.0,female,face,2390,train
HAM_0001566,ISIC_0031346,vasc,consensus,70.0,female,face,2391,train
HAM_0007020,ISIC_0031719,vasc,consensus,75.0,female,hand,2394,train
HAM_0007020,ISIC_0030070,vasc,consensus,75.0,female,hand,2395,train
HAM_0000502,ISIC_0031093,vasc,consensus,70.0,male,back,2396,train
HAM_0000502,ISIC_0029608,vasc,consensus,70.0,male,back,2397,train
HAM_0006852,ISIC_0032715,vasc,consensus,45.0,female,abdomen,2400,train
HAM_0006852,ISIC_0033991,vasc,consensus,45.0,female,abdomen,2401,train
HAM_0001249,ISIC_0033817,vasc,consensus,85.0,male,back,2402,train
HAM_0003480,ISIC_0031996,vasc,consensus,70.0,female,lower extremity,2405,train
HAM_0003480,ISIC_0032890,vasc,consensus,70.0,female,lower extremity,2406,train
HAM_0003480,ISIC_0033844,vasc,consensus,70.0,female,lower extremity,2407,train
HAM_0006406,ISIC_0026336,vasc,consensus,50.0,male,trunk,2408,train
HAM_0002390,ISIC_0029439,vasc,consensus,50.0,male,abdomen,2409,train
HAM_0000934,ISIC_0031706,vasc,consensus,60.0,male,trunk,2412,train
HAM_0003873,ISIC_0024475,vasc,consensus,35.0,male,face,2413,train
HAM_0000845,ISIC_0025244,vasc,consensus,45.0,female,trunk,2419,train
HAM_0005938,ISIC_0025596,vasc,consensus,45.0,female,abdomen,2420,train
HAM_0002650,ISIC_0029742,vasc,consensus,5.0,male,back,2423,train
HAM_0007113,ISIC_0027522,vasc,consensus,55.0,male,abdomen,2425,train
HAM_0005475,ISIC_0025628,vasc,consensus,80.0,male,abdomen,2427,train
HAM_0005011,ISIC_0026393,vasc,consensus,80.0,male,trunk,2428,train
HAM_0006193,ISIC_0029877,vasc,consensus,80.0,male,lower extremity,2429,train
HAM_0007532,ISIC_0024662,vasc,consensus,75.0,male,trunk,2430,train
HAM_0005885,ISIC_0031215,vasc,consensus,75.0,male,trunk,2431,train
HAM_0006291,ISIC_0026490,vasc,consensus,65.0,female,trunk,2435,train
HAM_0004943,ISIC_0027790,vasc,consensus,50.0,female,face,2436,train
HAM_0004409,ISIC_0027888,vasc,consensus,40.0,male,trunk,2437,train
HAM_0001780,ISIC_0024370,vasc,consensus,55.0,male,trunk,2438,train
HAM_0005376,ISIC_0025606,vasc,consensus,55.0,male,scalp,2439,train
HAM_0001372,ISIC_0031103,vasc,consensus,35.0,female,trunk,2440,train
HAM_0004769,ISIC_0025250,vasc,consensus,30.0,male,scalp,2442,train
HAM_0001091,ISIC_0031955,vasc,consensus,30.0,female,lower extremity,2445,train
HAM_0002639,ISIC_0025249,vasc,consensus,30.0,female,lower extremity,2446,train
HAM_0006138,ISIC_0026713,vasc,consensus,35.0,female,hand,2447,train
HAM_0006447,ISIC_0031276,vasc,consensus,75.0,male,abdomen,2448,train
HAM_0002787,ISIC_0025425,vasc,consensus,50.0,male,trunk,2452,train
HAM_0001038,ISIC_0024706,vasc,consensus,50.0,male,trunk,2453,train
HAM_0001537,ISIC_0026467,vasc,consensus,55.0,male,lower extremity,2455,train
HAM_0000415,ISIC_0025680,vasc,consensus,55.0,female,trunk,2457,train
HAM_0004257,ISIC_0025452,vasc,consensus,55.0,female,abdomen,2459,train
HAM_0003829,ISIC_0026349,vasc,consensus,60.0,female,trunk,2460,train
HAM_0003220,ISIC_0034093,bcc,histo,80.0,female,face,2463,train
HAM_0007141,ISIC_0029230,bcc,histo,50.0,male,trunk,2464,train
HAM_0007141,ISIC_0031513,bcc,histo,50.0,male,trunk,2465,train
HAM_0007009,ISIC_0032384,bcc,histo,50.0,male,back,2466,train
HAM_0007009,ISIC_0027146,bcc,histo,50.0,male,back,2467,train
HAM_0006843,ISIC_0024457,bcc,histo,85.0,male,face,2468,train
HAM_0006834,ISIC_0029193,bcc,histo,85.0,male,face,2469,train
HAM_0006834,ISIC_0027526,bcc,histo,85.0,male,face,2470,train
HAM_0002134,ISIC_0024431,bcc,histo,45.0,male,face,2471,train
HAM_0002134,ISIC_0026656,bcc,histo,45.0,male,face,2472,train
HAM_0001884,ISIC_0026760,bcc,histo,70.0,male,back,2473,train
HAM_0001884,ISIC_0025718,bcc,histo,70.0,male,back,2474,train
HAM_0004388,ISIC_0027135,bcc,histo,60.0,male,back,2475,train
HAM_0004342,ISIC_0027976,bcc,histo,80.0,male,back,2476,train
HAM_0005776,ISIC_0028238,bcc,histo,80.0,male,back,2477,train
HAM_0005776,ISIC_0029755,bcc,histo,80.0,male,back,2478,train
HAM_0003429,ISIC_0028807,bcc,histo,70.0,male,back,2481,train
HAM_0003429,ISIC_0024673,bcc,histo,70.0,male,back,2482,train
HAM_0004219,ISIC_0031585,bcc,histo,45.0,male,chest,2486,train
HAM_0002467,ISIC_0030893,bcc,histo,70.0,male,back,2494,train
HAM_0004871,ISIC_0030261,bcc,histo,70.0,male,back,2495,train
HAM_0000687,ISIC_0028994,bcc,histo,85.0,male,lower extremity,2496,train
HAM_0000993,ISIC_0032696,bcc,histo,70.0,male,back,2497,train
HAM_0002021,ISIC_0029466,bcc,histo,65.0,female,upper extremity,2498,train
HAM_0002021,ISIC_0027057,bcc,histo,65.0,female,upper extremity,2499,train
HAM_0002791,ISIC_0031749,bcc,histo,40.0,female,trunk,2506,train
HAM_0002791,ISIC_0029847,bcc,histo,40.0,female,trunk,2507,train
HAM_0000393,ISIC_0031943,bcc,histo,40.0,female,abdomen,2508,train
HAM_0000393,ISIC_0027865,bcc,histo,40.0,female,abdomen,2509,train
HAM_0003981,ISIC_0025731,bcc,histo,65.0,male,trunk,2512,train
HAM_0003981,ISIC_0028670,bcc,histo,65.0,male,trunk,2513,train
HAM_0003094,ISIC_0029647,bcc,histo,75.0,male,upper extremity,2514,train
HAM_0003094,ISIC_0027858,bcc,histo,75.0,male,upper extremity,2515,train
HAM_0007002,ISIC_0027433,bcc,histo,80.0,male,face,2516,train
HAM_0007002,ISIC_0029515,bcc,histo,80.0,male,face,2517,train
HAM_0003229,ISIC_0031140,bcc,histo,60.0,male,chest,2520,train
HAM_0003738,ISIC_0032139,bcc,histo,85.0,female,face,2521,train
HAM_0003738,ISIC_0031243,bcc,histo,85.0,female,face,2522,train
HAM_0005309,ISIC_0026282,bcc,histo,50.0,male,upper extremity,2523,train
HAM_0005309,ISIC_0027744,bcc,histo,50.0,male,upper extremity,2524,train
HAM_0007446,ISIC_0028457,bcc,histo,75.0,female,face,2525,train
HAM_0000994,ISIC_0027545,bcc,histo,80.0,male,scalp,2528,train
HAM_0000994,ISIC_0027609,bcc,histo,80.0,male,scalp,2529,train
HAM_0005921,ISIC_0029034,bcc,histo,75.0,male,lower extremity,2532,train
HAM_0005921,ISIC_0030800,bcc,histo,75.0,male,lower extremity,2533,train
HAM_0002346,ISIC_0027365,bcc,histo,70.0,male,face,2534,train
HAM_0002346,ISIC_0026343,bcc,histo,70.0,male,face,2535,train
HAM_0002346,ISIC_0029341,bcc,histo,70.0,male,face,2536,train
HAM_0007428,ISIC_0031762,bcc,histo,75.0,female,face,2537,train
HAM_0007428,ISIC_0028106,bcc,histo,75.0,female,face,2538,train
HAM_0005982,ISIC_0031442,bcc,histo,70.0,male,lower extremity,2543,train
HAM_0005982,ISIC_0026766,bcc,histo,70.0,male,lower extremity,2544,train
HAM_0000463,ISIC_0032415,bcc,histo,70.0,female,face,2545,train
HAM_0000463,ISIC_0030177,bcc,histo,70.0,female,face,2546,train
HAM_0002717,ISIC_0031284,bcc,histo,75.0,male,face,2547,train
HAM_0002717,ISIC_0031789,bcc,histo,75.0,male,face,2548,train
HAM_0001326,ISIC_0031824,bcc,histo,60.0,male,scalp,2551,train
HAM_0001326,ISIC_0030145,bcc,histo,60.0,male,scalp,2552,train
HAM_0001239,ISIC_0031640,bcc,histo,65.0,female,scalp,2553,train
HAM_0005530,ISIC_0024360,bcc,histo,50.0,female,chest,2554,train
HAM_0005530,ISIC_0029899,bcc,histo,50.0,female,chest,2555,train
HAM_0005382,ISIC_0026230,bcc,histo,50.0,female,back,2556,train
HAM_0005382,ISIC_0026395,bcc,histo,50.0,female,back,2557,train
HAM_0001900,ISIC_0025557,bcc,histo,80.0,female,chest,2560,train
HAM_0001900,ISIC_0028323,bcc,histo,80.0,female,chest,2561,train
HAM_0001618,ISIC_0030659,bcc,histo,60.0,male,back,2562,train
HAM_0003593,ISIC_0027478,bcc,histo,40.0,male,back,2565,train
HAM_0005804,ISIC_0026275,bcc,histo,85.0,male,face,2566,train
HAM_0005804,ISIC_0024573,bcc,histo,85.0,male,face,2567,train
HAM_0006384,ISIC_0031272,bcc,histo,80.0,male,face,2568,train
HAM_0005657,ISIC_0024572,bcc,histo,75.0,female,back,2569,train
HAM_0001078,ISIC_0027851,bcc,histo,55.0,male,upper extremity,2570,train
HAM_0001078,ISIC_0028858,bcc,histo,55.0,male,upper extremity,2571,train
HAM_0006387,ISIC_0026831,bcc,histo,70.0,male,face,2575,train
HAM_0006387,ISIC_0032482,bcc,histo,70.0,male,face,2576,train
HAM_0001616,ISIC_0029669,bcc,histo,65.0,female,back,2580,train
HAM_0001616,ISIC_0031169,bcc,histo,65.0,female,back,2581,train
HAM_0006572,ISIC_0030349,bcc,histo,75.0,male,back,2583,train
HAM_0006572,ISIC_0026091,bcc,histo,75.0,male,back,2584,train
HAM_0006572,ISIC_0034160,bcc,histo,75.0,male,back,2585,train
HAM_0003328,ISIC_0026453,bcc,histo,55.0,female,back,2586,train
HAM_0003328,ISIC_0031489,bcc,histo,55.0,female,back,2587,train
HAM_0003186,ISIC_0027297,bcc,histo,70.0,male,face,2588,train
HAM_0003741,ISIC_0028980,bcc,histo,85.0,male,face,2589,train
HAM_0002565,ISIC_0032660,bcc,histo,75.0,male,back,2590,train
HAM_0002565,ISIC_0033504,bcc,histo,75.0,male,back,2591,train
HAM_0005243,ISIC_0024885,bcc,histo,50.0,female,back,2592,train
HAM_0005998,ISIC_0027058,bcc,histo,75.0,male,back,2593,train
HAM_0005998,ISIC_0030114,bcc,histo,75.0,male,back,2594,train
HAM_0004873,ISIC_0029020,bcc,histo,50.0,male,back,2595,train
HAM_0003427,ISIC_0032959,bcc,histo,50.0,male,face,2596,train
HAM_0002526,ISIC_0034306,bcc,histo,75.0,male,trunk,2597,train
HAM_0002526,ISIC_0032799,bcc,histo,75.0,male,trunk,2598,train
HAM_0005396,ISIC_0033720,bcc,histo,75.0,male,abdomen,2605,train
HAM_0005396,ISIC_0034255,bcc,histo,75.0,male,abdomen,2606,train
HAM_0005396,ISIC_0032834,bcc,histo,75.0,male,abdomen,2607,train
HAM_0000998,ISIC_0027544,bcc,histo,20.0,female,face,2608,train
HAM_0003887,ISIC_0033354,bcc,histo,65.0,male,face,2611,train
HAM_0003887,ISIC_0032857,bcc,histo,65.0,male,face,2612,train
HAM_0003887,ISIC_0032906,bcc,histo,65.0,male,face,2613,train
HAM_0002334,ISIC_0027786,bcc,histo,55.0,male,back,2614,train
HAM_0004083,ISIC_0032652,bcc,histo,60.0,female,face,2618,train
HAM_0004083,ISIC_0033551,bcc,histo,60.0,female,face,2619,train
HAM_0004083,ISIC_0033571,bcc,histo,60.0,female,face,2620,train
HAM_0007335,ISIC_0034299,bcc,histo,60.0,male,upper extremity,2628,train
HAM_0007335,ISIC_0032808,bcc,histo,60.0,male,upper extremity,2629,train
HAM_0007471,ISIC_0033483,bcc,histo,45.0,male,abdomen,2630,train
HAM_0007471,ISIC_0032536,bcc,histo,45.0,male,abdomen,2631,train
HAM_0001243,ISIC_0034161,bcc,histo,30.0,female,back,2632,train
HAM_0001243,ISIC_0033747,bcc,histo,30.0,female,back,2633,train
HAM_0004536,ISIC_0025644,bcc,histo,40.0,female,back,2634,train
HAM_0004536,ISIC_0030314,bcc,histo,40.0,female,back,2635,train
HAM_0002243,ISIC_0033609,bcc,histo,80.0,male,back,2638,train
HAM_0002243,ISIC_0032777,bcc,histo,80.0,male,back,2639,train
HAM_0002243,ISIC_0033019,bcc,histo,80.0,male,back,2640,train
HAM_0000879,ISIC_0033203,bcc,histo,65.0,female,back,2641,train
HAM_0000879,ISIC_0033366,bcc,histo,65.0,female,back,2642,train
HAM_0000879,ISIC_0032816,bcc,histo,65.0,female,back,2643,train
HAM_0005435,ISIC_0024666,bcc,histo,65.0,male,back,2644,train
HAM_0005435,ISIC_0028890,bcc,histo,65.0,male,back,2645,train
HAM_0005435,ISIC_0025752,bcc,histo,65.0,male,back,2646,train
HAM_0003072,ISIC_0032611,bcc,histo,85.0,male,face,2649,train
HAM_0003072,ISIC_0033499,bcc,histo,85.0,male,face,2650,train
HAM_0001749,ISIC_0033372,bcc,histo,70.0,male,chest,2651,train
HAM_0001749,ISIC_0034066,bcc,histo,70.0,male,chest,2652,train
HAM_0002397,ISIC_0029192,bcc,histo,85.0,female,neck,2659,train
HAM_0002397,ISIC_0033248,bcc,histo,85.0,female,neck,2660,train
HAM_0004848,ISIC_0032727,bcc,histo,80.0,female,face,2664,train
HAM_0004848,ISIC_0033979,bcc,histo,80.0,female,face,2666,train
HAM_0003600,ISIC_0031836,bcc,histo,40.0,female,abdomen,2668,train
HAM_0001018,ISIC_0027090,bcc,histo,60.0,male,chest,2670,train
HAM_0003039,ISIC_0026350,bcc,histo,30.0,female,back,2671,train
HAM_0003039,ISIC_0031569,bcc,histo,30.0,female,back,2672,train
HAM_0003373,ISIC_0024515,bcc,histo,65.0,male,back,2676,train
HAM_0003373,ISIC_0031450,bcc,histo,65.0,male,back,2678,train
HAM_0001640,ISIC_0031026,bcc,histo,65.0,male,back,2679,train
HAM_0004435,ISIC_0032146,bcc,histo,80.0,female,neck,2680,train
HAM_0003112,ISIC_0030233,bcc,histo,80.0,male,chest,2683,train
HAM_0001711,ISIC_0028677,bcc,histo,70.0,male,upper extremity,2685,train
HAM_0003694,ISIC_0028818,bcc,histo,70.0,male,foot,2686,train
HAM_0004273,ISIC_0028059,bcc,histo,40.0,male,back,2687,train
HAM_0006115,ISIC_0025576,bcc,histo,55.0,male,back,2688,train
HAM_0002069,ISIC_0029331,bcc,histo,50.0,male,lower extremity,2689,train
HAM_0005482,ISIC_0029546,bcc,histo,45.0,female,back,2690,train
HAM_0002983,ISIC_0029392,bcc,histo,75.0,male,upper extremity,2691,train
HAM_0000082,ISIC_0031698,bcc,histo,75.0,female,back,2693,train
HAM_0004440,ISIC_0027631,bcc,histo,65.0,male,back,2695,train
HAM_0001296,ISIC_0028316,bcc,histo,60.0,female,lower extremity,2696,train
HAM_0002818,ISIC_0028570,bcc,histo,85.0,female,back,2697,train
HAM_0006274,ISIC_0031351,bcc,histo,75.0,male,chest,2698,train
HAM_0004937,ISIC_0026988,bcc,histo,60.0,male,neck,2699,train
HAM_0004521,ISIC_0031413,bcc,histo,85.0,male,back,2700,train
HAM_0001759,ISIC_0032497,bcc,histo,70.0,female,lower extremity,2701,train
HAM_0004831,ISIC_0025144,bcc,histo,75.0,male,back,2702,train
HAM_0002224,ISIC_0029278,bcc,histo,60.0,male,back,2703,train
HAM_0001666,ISIC_0024632,bcc,histo,70.0,female,upper extremity,2704,train
HAM_0001666,ISIC_0026668,bcc,histo,70.0,female,upper extremity,2705,train
HAM_0000987,ISIC_0025301,bcc,histo,70.0,male,back,2706,train
HAM_0003851,ISIC_0031643,bcc,histo,70.0,male,back,2707,train
HAM_0003853,ISIC_0030644,bcc,histo,85.0,male,face,2709,train
HAM_0002577,ISIC_0025417,bcc,histo,70.0,male,upper extremity,2710,train
HAM_0002577,ISIC_0028035,bcc,histo,70.0,male,upper extremity,2711,train
HAM_0000504,ISIC_0026716,bcc,histo,45.0,male,back,2716,train
HAM_0000504,ISIC_0025971,bcc,histo,45.0,male,back,2717,train
HAM_0003119,ISIC_0030737,bcc,histo,45.0,male,chest,2718,train
HAM_0002312,ISIC_0025650,bcc,histo,70.0,male,face,2719,train
HAM_0002312,ISIC_0029083,bcc,histo,70.0,male,face,2720,train
HAM_0004662,ISIC_0027531,bcc,histo,65.0,male,lower extremity,2722,train
HAM_0004662,ISIC_0024331,bcc,histo,65.0,male,lower extremity,2723,train
HAM_0002167,ISIC_0026952,bcc,histo,55.0,male,back,2724,train
HAM_0007313,ISIC_0025299,bcc,histo,70.0,male,back,2726,train
HAM_0007313,ISIC_0028739,bcc,histo,70.0,male,back,2727,train
HAM_0004147,ISIC_0031712,bcc,histo,75.0,male,back,2728,train
HAM_0006575,ISIC_0029391,bcc,histo,65.0,female,chest,2730,train
HAM_0004027,ISIC_0030403,bcc,histo,65.0,female,back,2731,train
HAM_0004027,ISIC_0024595,bcc,histo,65.0,female,back,2732,train
HAM_0003866,ISIC_0025046,bcc,histo,65.0,female,abdomen,2733,train
HAM_0003866,ISIC_0024665,bcc,histo,65.0,female,abdomen,2734,train
HAM_0002240,ISIC_0024332,bcc,histo,60.0,male,unknown,2735,train
HAM_0004285,ISIC_0029129,bcc,histo,85.0,male,back,2736,train
HAM_0005575,ISIC_0029805,bcc,histo,85.0,male,back,2737,train
HAM_0005410,ISIC_0025433,bcc,histo,50.0,male,lower extremity,2740,train
HAM_0001440,ISIC_0027704,bcc,histo,75.0,male,back,2741,train
HAM_0002024,ISIC_0029412,bcc,histo,80.0,male,back,2742,train
HAM_0003680,ISIC_0024403,bcc,histo,65.0,male,back,2744,train
HAM_0000512,ISIC_0030528,bcc,histo,45.0,female,face,2745,train
HAM_0005599,ISIC_0030511,bcc,histo,70.0,female,back,2746,train
HAM_0000457,ISIC_0026855,bcc,histo,70.0,female,chest,2748,train
HAM_0000612,ISIC_0026968,bcc,histo,75.0,female,neck,2749,train
HAM_0005933,ISIC_0024634,bcc,histo,80.0,female,back,2750,train
HAM_0002744,ISIC_0031236,bcc,histo,45.0,female,upper extremity,2752,train
HAM_0006465,ISIC_0030813,bcc,histo,65.0,male,back,2753,train
HAM_0000968,ISIC_0026074,bcc,histo,40.0,female,chest,2754,train
HAM_0001503,ISIC_0025940,bcc,histo,55.0,male,face,2757,train
HAM_0005068,ISIC_0026156,bcc,histo,80.0,male,face,2760,train
HAM_0003846,ISIC_0028113,bcc,histo,80.0,male,back,2762,train
HAM_0003596,ISIC_0032194,bcc,histo,45.0,male,neck,2763,train
HAM_0004627,ISIC_0029974,bcc,histo,85.0,female,back,2765,train
HAM_0004627,ISIC_0031597,bcc,histo,85.0,female,back,2766,train
HAM_0005536,ISIC_0026798,bcc,histo,45.0,male,lower extremity,2767,train
HAM_0006708,ISIC_0027189,bcc,histo,80.0,female,lower extremity,2772,train
HAM_0005984,ISIC_0026117,bcc,histo,75.0,female,face,2773,train
HAM_0004300,ISIC_0025266,bcc,histo,65.0,female,upper extremity,2774,train
HAM_0001301,ISIC_0032307,bcc,histo,80.0,male,face,2775,train
HAM_0004042,ISIC_0026978,bcc,histo,80.0,male,upper extremity,2776,train
HAM_0001283,ISIC_0026845,bcc,histo,80.0,male,chest,2777,train
HAM_0005971,ISIC_0024452,bcc,histo,40.0,male,back,2781,train
HAM_0005971,ISIC_0029539,bcc,histo,40.0,male,back,2782,train
HAM_0005971,ISIC_0031258,bcc,histo,40.0,male,back,2783,train
HAM_0006727,ISIC_0030197,bcc,histo,75.0,male,back,2784,train
HAM_0006727,ISIC_0024582,bcc,histo,75.0,male,back,2785,train
HAM_0006727,ISIC_0029655,bcc,histo,75.0,male,back,2786,train
HAM_0001654,ISIC_0024472,bcc,histo,85.0,male,lower extremity,2789,train
HAM_0001654,ISIC_0031175,bcc,histo,85.0,male,lower extremity,2790,train
HAM_0001654,ISIC_0030755,bcc,histo,85.0,male,lower extremity,2791,train
HAM_0004967,ISIC_0028815,bcc,histo,70.0,female,face,2792,train
HAM_0006851,ISIC_0031976,bcc,histo,80.0,male,face,2793,train
HAM_0001573,ISIC_0024799,bcc,histo,45.0,male,chest,2799,train
HAM_0000153,ISIC_0031007,bcc,histo,80.0,male,face,2800,train
HAM_0007588,ISIC_0030230,bcc,histo,55.0,female,back,2802,train
HAM_0007588,ISIC_0031728,bcc,histo,55.0,female,back,2803,train
HAM_0007588,ISIC_0031526,bcc,histo,55.0,female,back,2804,train
HAM_0005501,ISIC_0025711,bcc,histo,80.0,male,back,2805,train
HAM_0005665,ISIC_0028973,bcc,histo,85.0,female,back,2806,train
HAM_0005665,ISIC_0029082,bcc,histo,85.0,female,back,2807,train
HAM_0003716,ISIC_0024897,bcc,histo,75.0,female,back,2808,train
HAM_0006386,ISIC_0029035,bcc,histo,70.0,male,face,2810,train
HAM_0002959,ISIC_0027473,bcc,histo,65.0,female,face,2814,train
HAM_0002959,ISIC_0025362,bcc,histo,65.0,female,face,2815,train
HAM_0002959,ISIC_0027093,bcc,histo,65.0,female,face,2816,train
HAM_0005985,ISIC_0030181,bcc,histo,45.0,male,chest,2817,train
HAM_0004624,ISIC_0028329,bcc,histo,80.0,female,upper extremity,2818,train
HAM_0001434,ISIC_0031009,bcc,histo,70.0,female,lower extremity,2820,train
HAM_0004235,ISIC_0030452,bcc,histo,80.0,male,upper extremity,2822,train
HAM_0005798,ISIC_0031095,bcc,histo,85.0,male,back,2824,train
HAM_0005669,ISIC_0024949,bcc,histo,75.0,male,upper extremity,2825,train
HAM_0005509,ISIC_0032246,bcc,histo,70.0,female,upper extremity,2826,train
HAM_0005509,ISIC_0026865,bcc,histo,70.0,female,upper extremity,2827,train
HAM_0005509,ISIC_0031057,bcc,histo,70.0,female,upper extremity,2828,train
HAM_0003826,ISIC_0027229,bcc,histo,70.0,male,chest,2832,train
HAM_0003826,ISIC_0027004,bcc,histo,70.0,male,chest,2833,train
HAM_0003826,ISIC_0026433,bcc,histo,70.0,male,chest,2834,train
HAM_0003191,ISIC_0029524,bcc,histo,65.0,female,hand,2835,train
HAM_0003191,ISIC_0028050,bcc,histo,65.0,female,hand,2836,train
HAM_0004827,ISIC_0027819,bcc,histo,50.0,female,back,2837,train
HAM_0005371,ISIC_0027046,bcc,histo,65.0,female,face,2840,train
HAM_0005371,ISIC_0031154,bcc,histo,65.0,female,face,2841,train
HAM_0005371,ISIC_0028168,bcc,histo,65.0,female,face,2842,train
HAM_0007627,ISIC_0026118,bcc,histo,80.0,male,chest,2844,train
HAM_0007627,ISIC_0029820,bcc,histo,80.0,male,chest,2845,train
HAM_0000987,ISIC_0027722,bcc,histo,70.0,male,back,2846,train
HAM_0005184,ISIC_0029644,bcc,histo,40.0,female,lower extremity,2847,train
HAM_0007346,ISIC_0027425,bcc,histo,75.0,male,upper extremity,2851,train
HAM_0004940,ISIC_0028084,bcc,histo,80.0,male,back,2856,train
HAM_0004940,ISIC_0026970,bcc,histo,80.0,male,back,2857,train
HAM_0005030,ISIC_0028303,bcc,histo,75.0,female,upper extremity,2858,train
HAM_0002506,ISIC_0029337,bcc,histo,75.0,male,back,2864,train
HAM_0003669,ISIC_0030096,bcc,histo,65.0,male,chest,2865,train
HAM_0004711,ISIC_0028197,bcc,histo,85.0,male,upper extremity,2866,train
HAM_0004711,ISIC_0029831,bcc,histo,85.0,male,upper extremity,2867,train
HAM_0006872,ISIC_0030514,bcc,histo,85.0,male,back,2868,train
HAM_0006872,ISIC_0024345,bcc,histo,85.0,male,back,2869,train
HAM_0000655,ISIC_0028283,bcc,histo,70.0,female,neck,2870,train
HAM_0000655,ISIC_0027175,bcc,histo,70.0,female,neck,2871,train
HAM_0001575,ISIC_0031407,bcc,histo,65.0,male,face,2872,train
HAM_0001575,ISIC_0028652,bcc,histo,65.0,male,face,2873,train
HAM_0005985,ISIC_0027038,bcc,histo,45.0,male,chest,2874,train
HAM_0005985,ISIC_0032030,bcc,histo,45.0,male,chest,2875,train
HAM_0005721,ISIC_0027525,bcc,histo,75.0,male,lower extremity,2877,train
HAM_0005721,ISIC_0024550,bcc,histo,75.0,male,lower extremity,2878,train
HAM_0005721,ISIC_0029919,bcc,histo,75.0,male,lower extremity,2879,train
HAM_0002998,ISIC_0028928,bcc,histo,55.0,female,lower extremity,2880,train
HAM_0002998,ISIC_0031378,bcc,histo,55.0,female,lower extremity,2881,train
HAM_0001693,ISIC_0030868,bcc,histo,80.0,male,lower extremity,2887,train
HAM_0001693,ISIC_0026995,bcc,histo,80.0,male,lower extremity,2888,train
HAM_0000451,ISIC_0029123,bcc,histo,80.0,male,back,2889,train
HAM_0000451,ISIC_0029372,bcc,histo,80.0,male,back,2890,train
HAM_0000451,ISIC_0030782,bcc,histo,80.0,male,back,2891,train
HAM_0003043,ISIC_0030915,bcc,histo,60.0,male,back,2892,train
HAM_0005379,ISIC_0032092,bcc,histo,45.0,male,upper extremity,2895,train
HAM_0005379,ISIC_0024787,bcc,histo,45.0,male,upper extremity,2896,train
HAM_0003991,ISIC_0029602,bcc,histo,60.0,female,back,2899,train
HAM_0006053,ISIC_0028147,bcc,histo,65.0,female,upper extremity,2900,train
HAM_0005973,ISIC_0026940,bcc,histo,75.0,male,lower extremity,2906,train
HAM_0004621,ISIC_0025818,bcc,histo,70.0,female,back,2910,train
HAM_0004621,ISIC_0030746,bcc,histo,70.0,female,back,2911,train
HAM_0002258,ISIC_0029220,bcc,histo,80.0,male,back,2912,train
HAM_0000658,ISIC_0031986,bcc,histo,60.0,female,back,2913,train
HAM_0003827,ISIC_0028350,bcc,histo,70.0,female,back,2914,train
HAM_0002269,ISIC_0025509,bcc,histo,55.0,male,back,2916,train
HAM_0002269,ISIC_0024443,bcc,histo,55.0,male,back,2917,train
HAM_0007497,ISIC_0026829,bcc,histo,60.0,female,back,2920,train
HAM_0000092,ISIC_0028964,bcc,histo,45.0,male,back,2923,train
HAM_0000496,ISIC_0029545,bcc,histo,55.0,female,chest,2925,train
HAM_0001434,ISIC_0028568,bcc,histo,70.0,female,lower extremity,2926,train
HAM_0003444,ISIC_0030249,bcc,histo,80.0,female,lower extremity,2928,train
HAM_0006765,ISIC_0032302,bcc,histo,60.0,female,upper extremity,2929,train
HAM_0006765,ISIC_0029352,bcc,histo,60.0,female,upper extremity,2930,train
HAM_0004621,ISIC_0028122,bcc,histo,70.0,female,back,2931,train
HAM_0006624,ISIC_0027595,bcc,histo,40.0,female,lower extremity,2932,train
HAM_0006658,ISIC_0026154,bcc,histo,85.0,male,neck,2933,train
HAM_0007364,ISIC_0029917,bcc,histo,80.0,male,back,2935,train
HAM_0003444,ISIC_0028687,bcc,histo,80.0,female,lower extremity,2936,train
HAM_0003444,ISIC_0027120,bcc,histo,80.0,female,lower extremity,2937,train
HAM_0002018,ISIC_0029501,bcc,histo,70.0,male,upper extremity,2938,train
HAM_0006111,ISIC_0030138,bcc,histo,45.0,female,back,2939,train
HAM_0006111,ISIC_0032185,bcc,histo,45.0,female,back,2940,train
HAM_0001415,ISIC_0032222,bcc,histo,65.0,male,chest,2941,train
HAM_0001415,ISIC_0025019,bcc,histo,65.0,male,chest,2942,train
HAM_0003198,ISIC_0027759,bcc,histo,60.0,female,back,2943,train
HAM_0005973,ISIC_0032429,bcc,histo,75.0,male,lower extremity,2944,train
HAM_0005973,ISIC_0029951,bcc,histo,75.0,male,lower extremity,2945,train
HAM_0004621,ISIC_0027675,bcc,histo,70.0,female,back,2946,train
HAM_0005856,ISIC_0024984,bcc,histo,55.0,female,back,2948,train
HAM_0004084,ISIC_0026090,bcc,histo,75.0,female,upper extremity,2949,train
HAM_0004084,ISIC_0025285,bcc,histo,75.0,female,upper extremity,2950,train
HAM_0005856,ISIC_0029857,bcc,histo,55.0,female,back,2953,train
HAM_0005837,ISIC_0028653,bcc,histo,50.0,female,chest,2954,train
HAM_0007289,ISIC_0031263,bcc,histo,80.0,male,upper extremity,2955,train
HAM_0007535,ISIC_0024829,bcc,histo,75.0,male,neck,2956,train
HAM_0005488,ISIC_0024931,bcc,histo,85.0,male,upper extremity,2961,train
HAM_0006444,ISIC_0032318,bcc,histo,65.0,male,face,2966,train
HAM_0006564,ISIC_0031971,bcc,histo,70.0,male,unknown,2969,train
HAM_0006564,ISIC_0031721,bcc,histo,70.0,male,unknown,2970,train
HAM_0001573,ISIC_0028542,bcc,histo,45.0,male,chest,2971,train
HAM_0001215,ISIC_0025260,bcc,histo,70.0,male,back,2972,train
HAM_0001215,ISIC_0031531,bcc,histo,70.0,male,back,2973,train
HAM_0005026,ISIC_0028978,bcc,histo,40.0,female,abdomen,2974,train
HAM_0005026,ISIC_0028728,bcc,histo,40.0,female,abdomen,2975,train
HAM_0004932,ISIC_0032212,nv,follow_up,45.0,female,foot,2976,train
HAM_0006510,ISIC_0029828,nv,follow_up,55.0,female,lower extremity,2978,train
HAM_0007567,ISIC_0031588,nv,follow_up,45.0,female,lower extremity,2979,train
HAM_0002082,ISIC_0031325,nv,follow_up,40.0,male,trunk,2982,train
HAM_0000701,ISIC_0032115,nv,follow_up,45.0,female,upper extremity,2983,train
HAM_0004098,ISIC_0025843,nv,follow_up,45.0,female,trunk,2985,train
HAM_0002623,ISIC_0025384,nv,follow_up,45.0,female,trunk,2987,train
HAM_0002483,ISIC_0032446,nv,follow_up,45.0,female,trunk,2988,train
HAM_0006830,ISIC_0032285,nv,follow_up,45.0,female,abdomen,2989,train
HAM_0006489,ISIC_0029624,nv,follow_up,45.0,female,trunk,2992,train
HAM_0002971,ISIC_0026425,nv,follow_up,45.0,female,lower extremity,2995,train
HAM_0001335,ISIC_0026555,nv,follow_up,50.0,male,upper extremity,2996,train
HAM_0003042,ISIC_0031282,nv,follow_up,50.0,male,trunk,2997,train
HAM_0007329,ISIC_0026583,nv,follow_up,50.0,male,lower extremity,2999,train
HAM_0000289,ISIC_0032226,nv,follow_up,50.0,male,lower extremity,3000,train
HAM_0007339,ISIC_0031536,nv,follow_up,50.0,male,upper extremity,3001,train
HAM_0007320,ISIC_0026780,nv,follow_up,50.0,male,upper extremity,3003,train
HAM_0003093,ISIC_0025218,nv,follow_up,50.0,male,trunk,3004,train
HAM_0003227,ISIC_0029594,nv,follow_up,50.0,male,back,3007,train
HAM_0000699,ISIC_0031575,nv,follow_up,50.0,male,lower extremity,3008,train
HAM_0003882,ISIC_0028266,nv,follow_up,50.0,male,lower extremity,3009,train
HAM_0005508,ISIC_0032060,nv,follow_up,50.0,male,upper extremity,3010,train
HAM_0001180,ISIC_0029303,nv,follow_up,50.0,male,trunk,3011,train
HAM_0000256,ISIC_0029347,nv,follow_up,50.0,male,back,3013,train
HAM_0004270,ISIC_0028455,nv,follow_up,50.0,male,trunk,3016,train
HAM_0002877,ISIC_0030435,nv,follow_up,50.0,male,trunk,3017,train
HAM_0000128,ISIC_0024968,nv,follow_up,50.0,male,foot,3020,train
HAM_0006653,ISIC_0025320,nv,follow_up,45.0,male,trunk,3021,train
HAM_0004290,ISIC_0031184,nv,follow_up,40.0,female,upper extremity,3022,train
HAM_0005775,ISIC_0027725,nv,follow_up,45.0,male,abdomen,3024,train
HAM_0004140,ISIC_0028298,nv,follow_up,45.0,male,upper extremity,3025,train
HAM_0004535,ISIC_0024364,nv,follow_up,45.0,male,upper extremity,3026,train
HAM_0001965,ISIC_0031269,nv,follow_up,40.0,female,trunk,3027,train
HAM_0007193,ISIC_0025398,nv,follow_up,45.0,male,trunk,3028,train
HAM_0001065,ISIC_0030035,nv,follow_up,40.0,female,lower extremity,3029,train
HAM_0004513,ISIC_0026011,nv,follow_up,45.0,male,trunk,3031,train
HAM_0003646,ISIC_0026518,nv,follow_up,45.0,male,trunk,3032,train
HAM_0002180,ISIC_0027479,nv,follow_up,45.0,male,lower extremity,3034,train
HAM_0002925,ISIC_0025338,nv,follow_up,60.0,female,lower extremity,3036,train
HAM_0002265,ISIC_0030791,nv,follow_up,45.0,male,back,3037,train
HAM_0001263,ISIC_0031463,nv,follow_up,45.0,male,back,3038,train
HAM_0003414,ISIC_0027944,nv,follow_up,45.0,male,back,3039,train
HAM_0000758,ISIC_0031974,nv,follow_up,45.0,male,lower extremity,3040,train
HAM_0003711,ISIC_0024896,nv,follow_up,45.0,male,foot,3041,train
HAM_0004124,ISIC_0029153,nv,follow_up,55.0,male,lower extremity,3042,train
HAM_0003548,ISIC_0028480,nv,follow_up,55.0,male,back,3043,train
HAM_0005093,ISIC_0030517,nv,follow_up,55.0,male,back,3044,train
HAM_0000841,ISIC_0031455,nv,follow_up,55.0,male,back,3045,train
HAM_0000984,ISIC_0024376,nv,follow_up,45.0,male,trunk,3049,train
HAM_0005449,ISIC_0030102,nv,follow_up,55.0,male,trunk,3050,train
HAM_0005487,ISIC_0031486,nv,follow_up,45.0,male,upper extremity,3051,train
HAM_0001061,ISIC_0029526,nv,follow_up,45.0,male,back,3052,train
HAM_0005384,ISIC_0030072,nv,follow_up,55.0,male,lower extremity,3055,train
HAM_0002112,ISIC_0030820,nv,follow_up,55.0,male,upper extremity,3059,train
HAM_0001227,ISIC_0032210,nv,follow_up,55.0,male,abdomen,3060,train
HAM_0002753,ISIC_0026641,nv,follow_up,55.0,male,lower extremity,3063,train
HAM_0005252,ISIC_0028185,nv,follow_up,55.0,male,lower extremity,3064,train
HAM_0005407,ISIC_0028090,nv,follow_up,55.0,male,lower extremity,3065,train
HAM_0005858,ISIC_0028879,nv,follow_up,55.0,male,back,3066,train
HAM_0003516,ISIC_0029540,nv,follow_up,55.0,male,upper extremity,3068,train
HAM_0000742,ISIC_0032048,nv,follow_up,55.0,male,trunk,3071,train
HAM_0001530,ISIC_0030013,nv,follow_up,55.0,male,lower extremity,3073,train
HAM_0001079,ISIC_0031371,nv,follow_up,55.0,male,lower extremity,3074,train
HAM_0006362,ISIC_0030523,nv,follow_up,55.0,male,lower extremity,3076,train
HAM_0006178,ISIC_0031100,nv,follow_up,55.0,male,lower extremity,3077,train
HAM_0004264,ISIC_0031671,nv,follow_up,55.0,male,lower extremity,3078,train
HAM_0005103,ISIC_0025079,nv,follow_up,55.0,male,foot,3079,train
HAM_0001807,ISIC_0029637,nv,follow_up,45.0,male,trunk,3080,train
HAM_0006490,ISIC_0024979,nv,follow_up,45.0,male,lower extremity,3081,train
HAM_0006693,ISIC_0024462,nv,follow_up,45.0,male,lower extremity,3082,train
HAM_0005619,ISIC_0025415,nv,follow_up,45.0,male,abdomen,3083,train
HAM_0000750,ISIC_0027974,nv,follow_up,45.0,male,lower extremity,3084,train
HAM_0000561,ISIC_0025143,nv,follow_up,45.0,male,genital,3086,train
HAM_0006715,ISIC_0025161,nv,follow_up,20.0,male,trunk,3088,train
HAM_0007391,ISIC_0031926,nv,follow_up,55.0,female,trunk,3089,train
HAM_0004789,ISIC_0031652,nv,follow_up,45.0,female,trunk,3091,train
HAM_0006992,ISIC_0029829,nv,follow_up,60.0,male,abdomen,3093,train
HAM_0003323,ISIC_0031297,nv,follow_up,45.0,female,lower extremity,3095,train
HAM_0004481,ISIC_0032391,nv,follow_up,45.0,female,lower extremity,3096,train
HAM_0002545,ISIC_0029149,nv,follow_up,45.0,female,lower extremity,3097,train
HAM_0001391,ISIC_0024584,nv,follow_up,45.0,female,back,3099,train
HAM_0006443,ISIC_0028164,nv,follow_up,45.0,female,back,3101,train
HAM_0005597,ISIC_0025528,nv,follow_up,45.0,female,trunk,3102,train
HAM_0000408,ISIC_0027000,nv,follow_up,45.0,female,lower extremity,3103,train
HAM_0006703,ISIC_0031833,nv,follow_up,45.0,female,lower extremity,3105,train
HAM_0002748,ISIC_0028289,nv,follow_up,45.0,female,lower extremity,3106,train
HAM_0007230,ISIC_0031164,nv,follow_up,30.0,female,abdomen,3107,train
HAM_0000047,ISIC_0027810,nv,follow_up,50.0,female,trunk,3110,train
HAM_0004951,ISIC_0026339,nv,follow_up,50.0,female,trunk,3111,train
HAM_0000526,ISIC_0029997,nv,follow_up,5.0,male,upper extremity,3113,train
HAM_0002443,ISIC_0029685,nv,follow_up,50.0,female,trunk,3114,train
HAM_0001775,ISIC_0030338,nv,follow_up,50.0,female,trunk,3116,train
HAM_0006863,ISIC_0030907,nv,follow_up,45.0,female,abdomen,3117,train
HAM_0000797,ISIC_0026039,nv,follow_up,50.0,female,lower extremity,3119,train
HAM_0003671,ISIC_0029373,nv,follow_up,45.0,female,lower extremity,3120,train
HAM_0007378,ISIC_0025692,nv,follow_up,45.0,female,lower extremity,3121,train
HAM_0007183,ISIC_0030421,nv,follow_up,45.0,female,trunk,3122,train
HAM_0000647,ISIC_0029911,nv,follow_up,45.0,female,upper extremity,3123,train
HAM_0005676,ISIC_0024357,nv,follow_up,45.0,female,trunk,3126,train
HAM_0001931,ISIC_0026755,nv,follow_up,45.0,female,upper extremity,3127,train
HAM_0001723,ISIC_0027784,nv,follow_up,45.0,female,lower extremity,3128,train
HAM_0005792,ISIC_0031966,nv,follow_up,45.0,female,lower extremity,3131,train
HAM_0002317,ISIC_0027268,nv,follow_up,45.0,female,upper extremity,3132,train
HAM_0007619,ISIC_0026948,nv,follow_up,45.0,female,back,3133,train
HAM_0003788,ISIC_0026246,nv,follow_up,45.0,female,lower extremity,3134,train
HAM_0003004,ISIC_0028889,nv,follow_up,65.0,female,trunk,3135,train
HAM_0001467,ISIC_0032501,nv,follow_up,35.0,female,genital,3136,train
HAM_0003524,ISIC_0028779,nv,follow_up,65.0,female,abdomen,3137,train
HAM_0000785,ISIC_0027585,nv,follow_up,55.0,female,neck,3139,train
HAM_0007302,ISIC_0028302,nv,follow_up,35.0,female,lower extremity,3140,train
HAM_0000724,ISIC_0026038,nv,follow_up,65.0,female,back,3141,train
HAM_0003349,ISIC_0028917,nv,follow_up,65.0,female,lower extremity,3142,train
HAM_0003217,ISIC_0029888,nv,follow_up,65.0,female,lower extremity,3143,train
HAM_0001323,ISIC_0032087,nv,follow_up,50.0,female,back,3145,train
HAM_0003255,ISIC_0026172,nv,follow_up,50.0,female,lower extremity,3147,train
HAM_0004792,ISIC_0031604,nv,follow_up,50.0,female,trunk,3148,train
HAM_0006668,ISIC_0027808,nv,follow_up,50.0,female,abdomen,3149,train
HAM_0001957,ISIC_0025593,nv,follow_up,50.0,female,abdomen,3150,train
HAM_0004395,ISIC_0025206,nv,follow_up,50.0,female,trunk,3153,train
HAM_0002105,ISIC_0027854,nv,follow_up,50.0,female,upper extremity,3154,train
HAM_0005683,ISIC_0025416,nv,follow_up,50.0,female,trunk,3156,train
HAM_0006778,ISIC_0030617,nv,follow_up,50.0,female,abdomen,3157,train
HAM_0000472,ISIC_0028339,nv,follow_up,50.0,female,back,3162,train
HAM_0004419,ISIC_0031331,nv,follow_up,50.0,female,trunk,3163,train
HAM_0006920,ISIC_0025432,nv,follow_up,50.0,female,trunk,3164,train
HAM_0003250,ISIC_0031997,nv,follow_up,50.0,female,lower extremity,3167,train
HAM_0007244,ISIC_0030669,nv,follow_up,40.0,male,abdomen,3168,train
HAM_0002620,ISIC_0032490,nv,follow_up,45.0,male,back,3169,train
HAM_0007023,ISIC_0030642,nv,follow_up,50.0,female,genital,3170,train
HAM_0001049,ISIC_0027703,nv,follow_up,50.0,female,trunk,3172,train
HAM_0001662,ISIC_0030050,nv,follow_up,50.0,female,upper extremity,3173,train
HAM_0003729,ISIC_0026234,nv,follow_up,50.0,female,trunk,3174,train
HAM_0001534,ISIC_0024365,nv,follow_up,50.0,female,abdomen,3175,train
HAM_0000557,ISIC_0025675,nv,follow_up,50.0,female,upper extremity,3177,train
HAM_0003665,ISIC_0030573,nv,follow_up,50.0,female,lower extremity,3178,train
HAM_0000580,ISIC_0029293,nv,follow_up,50.0,male,trunk,3179,train
HAM_0002561,ISIC_0025325,nv,follow_up,50.0,male,lower extremity,3180,train
HAM_0005647,ISIC_0027717,nv,follow_up,50.0,male,upper extremity,3181,train
HAM_0003064,ISIC_0029966,nv,follow_up,40.0,male,upper extremity,3182,train
HAM_0000703,ISIC_0028424,nv,follow_up,40.0,male,trunk,3183,train
HAM_0001117,ISIC_0027411,nv,follow_up,40.0,male,upper extremity,3184,train
HAM_0003038,ISIC_0026036,nv,follow_up,40.0,male,abdomen,3186,train
HAM_0004863,ISIC_0024945,nv,follow_up,40.0,male,abdomen,3187,train
HAM_0006132,ISIC_0027732,nv,follow_up,45.0,female,back,3189,train
HAM_0004100,ISIC_0031106,nv,follow_up,40.0,male,abdomen,3190,train
HAM_0002256,ISIC_0026214,nv,follow_up,40.0,male,abdomen,3191,train
HAM_0004082,ISIC_0025676,nv,follow_up,40.0,male,back,3192,train
HAM_0004163,ISIC_0025142,nv,follow_up,40.0,male,trunk,3193,train
HAM_0002775,ISIC_0024407,nv,follow_up,40.0,male,back,3194,train
HAM_0003302,ISIC_0032434,nv,follow_up,70.0,male,lower extremity,3195,train
HAM_0007050,ISIC_0027160,nv,follow_up,45.0,female,lower extremity,3199,train
HAM_0006463,ISIC_0028515,nv,follow_up,45.0,female,trunk,3201,train
HAM_0004055,ISIC_0030287,nv,follow_up,45.0,female,trunk,3202,train
HAM_0004437,ISIC_0027316,nv,follow_up,45.0,female,trunk,3203,train
HAM_0001494,ISIC_0026621,nv,follow_up,45.0,female,abdomen,3204,train
HAM_0001367,ISIC_0029239,nv,follow_up,45.0,female,abdomen,3205,train
HAM_0004381,ISIC_0027426,nv,follow_up,45.0,female,abdomen,3206,train
HAM_0005838,ISIC_0030888,nv,follow_up,45.0,female,abdomen,3208,train
HAM_0003483,ISIC_0025501,nv,follow_up,45.0,female,lower extremity,3209,train
HAM_0004074,ISIC_0030599,nv,follow_up,45.0,female,back,3210,train
HAM_0001627,ISIC_0032153,nv,follow_up,45.0,female,back,3211,train
HAM_0000377,ISIC_0025201,nv,follow_up,45.0,female,trunk,3212,train
HAM_0005134,ISIC_0029523,nv,follow_up,45.0,female,back,3213,train
HAM_0000041,ISIC_0032211,nv,follow_up,45.0,female,scalp,3215,train
HAM_0003883,ISIC_0029112,nv,follow_up,25.0,female,lower extremity,3220,train
HAM_0003344,ISIC_0026399,nv,follow_up,35.0,female,abdomen,3221,train
HAM_0007294,ISIC_0025749,nv,follow_up,55.0,male,back,3223,train
HAM_0002786,ISIC_0029258,nv,follow_up,55.0,male,trunk,3224,train
HAM_0000572,ISIC_0025224,nv,follow_up,55.0,male,trunk,3225,train
HAM_0005753,ISIC_0028034,nv,follow_up,55.0,male,abdomen,3229,train
HAM_0005863,ISIC_0029336,nv,follow_up,55.0,male,abdomen,3230,train
HAM_0002773,ISIC_0028690,nv,follow_up,55.0,male,trunk,3232,train
HAM_0003148,ISIC_0025353,nv,follow_up,55.0,male,trunk,3234,train
HAM_0005806,ISIC_0024980,nv,follow_up,55.0,male,back,3236,train
HAM_0006785,ISIC_0026169,nv,follow_up,45.0,male,back,3241,train
HAM_0000015,ISIC_0031453,nv,follow_up,50.0,male,trunk,3244,train
HAM_0006216,ISIC_0030214,nv,follow_up,50.0,male,trunk,3246,train
HAM_0002539,ISIC_0027422,nv,follow_up,55.0,female,back,3247,train
HAM_0004544,ISIC_0031099,nv,follow_up,50.0,male,foot,3249,train
HAM_0002624,ISIC_0028282,nv,follow_up,50.0,male,foot,3250,train
HAM_0006340,ISIC_0028639,nv,follow_up,50.0,male,face,3251,train
HAM_0006532,ISIC_0026435,nv,follow_up,50.0,female,abdomen,3253,train
HAM_0000303,ISIC_0026476,nv,follow_up,50.0,female,lower extremity,3254,train
HAM_0007065,ISIC_0031773,nv,follow_up,50.0,female,abdomen,3255,train
HAM_0006544,ISIC_0031881,nv,follow_up,50.0,female,lower extremity,3256,train
HAM_0003654,ISIC_0026283,nv,follow_up,50.0,female,trunk,3257,train
HAM_0002322,ISIC_0027912,nv,follow_up,50.0,female,abdomen,3259,train
HAM_0000327,ISIC_0026682,nv,follow_up,50.0,female,trunk,3262,train
HAM_0004828,ISIC_0028848,nv,follow_up,50.0,female,lower extremity,3264,train
HAM_0004623,ISIC_0024746,nv,follow_up,50.0,male,abdomen,3266,train
HAM_0004929,ISIC_0029044,nv,follow_up,50.0,male,abdomen,3267,train
HAM_0000219,ISIC_0030550,nv,follow_up,50.0,male,lower extremity,3269,train
HAM_0002918,ISIC_0031704,nv,follow_up,35.0,female,abdomen,3270,train
HAM_0002896,ISIC_0030235,nv,follow_up,35.0,female,lower extremity,3271,train
HAM_0003405,ISIC_0024580,nv,follow_up,35.0,female,trunk,3272,train
HAM_0000154,ISIC_0025930,nv,follow_up,35.0,female,trunk,3273,train
HAM_0005142,ISIC_0031701,nv,follow_up,75.0,male,trunk,3274,train
HAM_0006228,ISIC_0028594,nv,follow_up,35.0,female,genital,3275,train
HAM_0000329,ISIC_0031185,nv,follow_up,35.0,female,back,3276,train
HAM_0004657,ISIC_0024369,nv,follow_up,60.0,male,trunk,3277,train
HAM_0003704,ISIC_0029463,nv,follow_up,35.0,female,lower extremity,3278,train
HAM_0006537,ISIC_0029815,nv,follow_up,35.0,female,lower extremity,3279,train
HAM_0006194,ISIC_0030968,nv,follow_up,60.0,male,back,3281,train
HAM_0000629,ISIC_0029008,nv,follow_up,45.0,male,abdomen,3282,train
HAM_0001987,ISIC_0024636,nv,follow_up,45.0,male,abdomen,3283,train
HAM_0001906,ISIC_0032025,nv,follow_up,45.0,male,trunk,3284,train
HAM_0006177,ISIC_0031234,nv,follow_up,45.0,male,trunk,3286,train
HAM_0004177,ISIC_0031907,nv,follow_up,45.0,female,abdomen,3287,train
HAM_0001553,ISIC_0025966,nv,follow_up,45.0,male,trunk,3288,train
HAM_0002138,ISIC_0027834,nv,follow_up,45.0,male,abdomen,3289,train
HAM_0002473,ISIC_0025922,nv,follow_up,45.0,male,abdomen,3290,train
HAM_0001548,ISIC_0032254,nv,follow_up,45.0,male,lower extremity,3291,train
HAM_0007336,ISIC_0024544,nv,follow_up,45.0,male,back,3292,train
HAM_0005055,ISIC_0030903,nv,follow_up,45.0,male,trunk,3293,train
HAM_0002387,ISIC_0030292,nv,follow_up,45.0,male,back,3296,train
HAM_0007204,ISIC_0025205,nv,follow_up,45.0,female,lower extremity,3298,train
HAM_0003648,ISIC_0031730,nv,follow_up,55.0,male,lower extremity,3300,train
HAM_0007155,ISIC_0025056,nv,follow_up,45.0,female,upper extremity,3303,train
HAM_0005279,ISIC_0030322,nv,follow_up,45.0,female,lower extremity,3305,train
HAM_0004710,ISIC_0028270,nv,follow_up,45.0,female,upper extremity,3309,train
HAM_0003063,ISIC_0027576,nv,follow_up,45.0,female,lower extremity,3310,train
HAM_0001675,ISIC_0024433,nv,follow_up,40.0,female,lower extremity,3313,train
HAM_0000529,ISIC_0030540,nv,follow_up,45.0,female,upper extremity,3315,train
HAM_0007369,ISIC_0024593,nv,follow_up,45.0,female,trunk,3317,train
HAM_0005454,ISIC_0029184,nv,follow_up,45.0,female,trunk,3318,train
HAM_0006250,ISIC_0030308,nv,follow_up,45.0,female,trunk,3319,train
HAM_0001876,ISIC_0030470,nv,follow_up,45.0,female,abdomen,3320,train
HAM_0003636,ISIC_0027124,nv,follow_up,45.0,female,abdomen,3322,train
HAM_0004046,ISIC_0032366,nv,follow_up,50.0,male,trunk,3323,train
HAM_0001816,ISIC_0028827,nv,follow_up,45.0,female,foot,3324,train
HAM_0005094,ISIC_0027816,nv,follow_up,45.0,female,lower extremity,3325,train
HAM_0002276,ISIC_0025366,bkl,consensus,50.0,female,trunk,3326,train
HAM_0002215,ISIC_0028539,nv,follow_up,45.0,female,back,3327,train
HAM_0002066,ISIC_0030936,nv,follow_up,45.0,female,back,3328,train
HAM_0000966,ISIC_0030168,nv,follow_up,45.0,female,trunk,3329,train
HAM_0004489,ISIC_0031229,nv,follow_up,45.0,female,back,3330,train
HAM_0004933,ISIC_0025558,nv,follow_up,45.0,female,lower extremity,3332,train
HAM_0000642,ISIC_0026520,nv,follow_up,45.0,female,lower extremity,3333,train
HAM_0006969,ISIC_0028007,nv,follow_up,45.0,female,lower extremity,3334,train
HAM_0003048,ISIC_0030729,nv,follow_up,45.0,female,trunk,3336,train
HAM_0006662,ISIC_0030457,nv,follow_up,45.0,female,genital,3337,train
HAM_0003008,ISIC_0029729,nv,follow_up,75.0,female,lower extremity,3338,train
HAM_0004039,ISIC_0026383,nv,follow_up,80.0,male,back,3340,train
HAM_0003838,ISIC_0028888,nv,follow_up,50.0,male,trunk,3342,train
HAM_0006416,ISIC_0028137,nv,follow_up,35.0,female,upper extremity,3343,train
HAM_0001482,ISIC_0027691,nv,follow_up,45.0,female,trunk,3344,train
HAM_0007142,ISIC_0025255,nv,follow_up,50.0,female,lower extremity,3349,train
HAM_0002344,ISIC_0026778,nv,follow_up,45.0,female,trunk,3350,train
HAM_0004702,ISIC_0028462,nv,follow_up,45.0,female,trunk,3351,train
HAM_0005424,ISIC_0025052,nv,follow_up,45.0,female,lower extremity,3352,train
HAM_0006270,ISIC_0031606,nv,follow_up,55.0,female,lower extremity,3355,train
HAM_0003375,ISIC_0031422,nv,follow_up,50.0,male,trunk,3356,train
HAM_0005563,ISIC_0029784,nv,follow_up,50.0,male,abdomen,3358,train
HAM_0002266,ISIC_0027136,nv,follow_up,50.0,male,back,3360,train
HAM_0007512,ISIC_0028546,nv,follow_up,50.0,male,lower extremity,3361,train
HAM_0004952,ISIC_0028111,nv,follow_up,55.0,male,trunk,3362,train
HAM_0004803,ISIC_0030880,nv,follow_up,55.0,male,lower extremity,3363,train
HAM_0000713,ISIC_0031174,nv,follow_up,55.0,male,abdomen,3367,train
HAM_0006271,ISIC_0027572,nv,follow_up,55.0,male,abdomen,3370,train
HAM_0003341,ISIC_0027212,nv,follow_up,55.0,male,lower extremity,3371,train
HAM_0000053,ISIC_0030376,nv,follow_up,55.0,male,back,3372,train
HAM_0005569,ISIC_0027932,nv,follow_up,55.0,male,lower extremity,3376,train
HAM_0005604,ISIC_0024464,nv,follow_up,35.0,male,trunk,3379,train
HAM_0005800,ISIC_0028864,nv,follow_up,40.0,female,upper extremity,3382,train
HAM_0000339,ISIC_0025044,nv,follow_up,40.0,female,abdomen,3385,train
HAM_0004639,ISIC_0025635,nv,follow_up,40.0,female,abdomen,3386,train
HAM_0001978,ISIC_0031237,nv,follow_up,40.0,female,lower extremity,3387,train
HAM_0004116,ISIC_0026613,nv,follow_up,40.0,female,lower extremity,3388,train
HAM_0000705,ISIC_0025508,nv,follow_up,40.0,female,back,3389,train
HAM_0001121,ISIC_0024788,nv,follow_up,40.0,female,trunk,3391,train
HAM_0004819,ISIC_0028975,nv,follow_up,40.0,female,trunk,3392,train
HAM_0001425,ISIC_0029701,nv,follow_up,40.0,female,lower extremity,3393,train
HAM_0000444,ISIC_0029118,nv,follow_up,55.0,male,abdomen,3395,train
HAM_0001897,ISIC_0026185,nv,follow_up,55.0,male,trunk,3396,train
HAM_0006669,ISIC_0026137,nv,follow_up,25.0,female,upper extremity,3397,train
HAM_0001523,ISIC_0028523,nv,follow_up,55.0,male,lower extremity,3398,train
HAM_0004790,ISIC_0030902,nv,follow_up,35.0,female,trunk,3400,train
HAM_0006689,ISIC_0024493,nv,follow_up,40.0,male,lower extremity,3401,train
HAM_0002287,ISIC_0026891,nv,follow_up,55.0,male,upper extremity,3402,train
HAM_0005139,ISIC_0028260,nv,follow_up,55.0,male,lower extremity,3403,train
HAM_0002359,ISIC_0024863,nv,follow_up,55.0,male,neck,3404,train
HAM_0005975,ISIC_0031837,nv,follow_up,55.0,male,lower extremity,3405,train
HAM_0002889,ISIC_0030774,nv,follow_up,55.0,male,lower extremity,3406,train
HAM_0000925,ISIC_0030041,nv,follow_up,45.0,female,abdomen,3407,train
HAM_0006568,ISIC_0025615,nv,follow_up,45.0,female,abdomen,3408,train
HAM_0005629,ISIC_0029317,nv,follow_up,45.0,female,upper extremity,3409,train
HAM_0000943,ISIC_0025900,nv,follow_up,45.0,female,lower extremity,3410,train
HAM_0006691,ISIC_0030797,nv,follow_up,55.0,male,lower extremity,3411,train
HAM_0006809,ISIC_0031690,nv,follow_up,40.0,male,abdomen,3412,train
HAM_0003383,ISIC_0026594,nv,follow_up,50.0,male,back,3413,train
HAM_0002080,ISIC_0029619,nv,follow_up,45.0,female,lower extremity,3419,train
HAM_0006812,ISIC_0024637,nv,follow_up,55.0,female,trunk,3420,train
HAM_0004847,ISIC_0030906,nv,follow_up,45.0,female,back,3423,train
HAM_0001918,ISIC_0031291,nv,follow_up,45.0,female,back,3425,train
HAM_0002961,ISIC_0031947,nv,follow_up,45.0,female,lower extremity,3426,train
HAM_0000120,ISIC_0030904,nv,follow_up,55.0,male,lower extremity,3427,train
HAM_0003080,ISIC_0024868,nv,follow_up,55.0,male,trunk,3428,train
HAM_0004707,ISIC_0029386,nv,follow_up,60.0,male,trunk,3432,train
HAM_0005797,ISIC_0027220,nv,follow_up,60.0,male,abdomen,3433,train
HAM_0004286,ISIC_0029410,nv,follow_up,60.0,male,abdomen,3434,train
HAM_0001314,ISIC_0029675,nv,follow_up,60.0,male,upper extremity,3435,train
HAM_0004786,ISIC_0029751,nv,follow_up,75.0,male,back,3436,train
HAM_0006953,ISIC_0026175,nv,follow_up,45.0,male,lower extremity,3437,train
HAM_0007618,ISIC_0030293,nv,follow_up,60.0,male,trunk,3438,train
HAM_0001582,ISIC_0031771,nv,follow_up,55.0,female,abdomen,3442,train
HAM_0000867,ISIC_0028044,nv,follow_up,45.0,female,abdomen,3443,train
HAM_0002662,ISIC_0031572,nv,follow_up,45.0,female,abdomen,3444,train
HAM_0007527,ISIC_0032426,nv,follow_up,45.0,female,back,3445,train
HAM_0001392,ISIC_0030411,nv,follow_up,45.0,female,lower extremity,3446,train
HAM_0000652,ISIC_0028597,nv,follow_up,40.0,female,upper extremity,3449,train
HAM_0001661,ISIC_0032059,nv,follow_up,55.0,female,genital,3451,train
HAM_0002426,ISIC_0024348,nv,follow_up,40.0,female,lower extremity,3453,train
HAM_0006523,ISIC_0027919,nv,follow_up,40.0,female,lower extremity,3455,train
HAM_0004851,ISIC_0031219,nv,follow_up,40.0,female,lower extremity,3456,train
HAM_0004263,ISIC_0031781,nv,follow_up,40.0,male,trunk,3457,train
HAM_0002124,ISIC_0025175,nv,follow_up,50.0,female,upper extremity,3459,train
HAM_0001504,ISIC_0025274,nv,follow_up,45.0,male,upper extremity,3462,train
HAM_0000729,ISIC_0030120,nv,follow_up,45.0,male,trunk,3463,train
HAM_0000038,ISIC_0026057,nv,follow_up,45.0,male,trunk,3464,train
HAM_0002111,ISIC_0031534,nv,follow_up,45.0,male,abdomen,3467,train
HAM_0000446,ISIC_0025613,nv,follow_up,45.0,male,abdomen,3468,train
HAM_0006774,ISIC_0025256,nv,follow_up,45.0,male,upper extremity,3471,train
HAM_0003960,ISIC_0026256,nv,follow_up,45.0,male,back,3473,train
HAM_0007209,ISIC_0028365,nv,follow_up,45.0,male,back,3474,train
HAM_0005037,ISIC_0028108,nv,follow_up,45.0,male,lower extremity,3475,train
HAM_0005464,ISIC_0031477,nv,follow_up,45.0,male,lower extremity,3476,train
HAM_0004861,ISIC_0031153,nv,follow_up,35.0,male,upper extremity,3477,train
HAM_0006569,ISIC_0030483,nv,follow_up,35.0,male,lower extremity,3478,train
HAM_0001260,ISIC_0024421,nv,follow_up,35.0,male,lower extremity,3479,train
HAM_0004982,ISIC_0025192,nv,follow_up,35.0,male,upper extremity,3482,train
HAM_0006649,ISIC_0031995,nv,follow_up,35.0,male,lower extremity,3485,train
HAM_0006013,ISIC_0028572,nv,follow_up,35.0,male,abdomen,3486,train
HAM_0002013,ISIC_0026168,nv,follow_up,35.0,male,abdomen,3487,train
HAM_0000473,ISIC_0027356,nv,follow_up,35.0,male,neck,3491,train
HAM_0005655,ISIC_0029618,nv,follow_up,35.0,male,trunk,3493,train
HAM_0000768,ISIC_0028242,nv,follow_up,35.0,male,back,3495,train
HAM_0002260,ISIC_0028699,nv,follow_up,35.0,male,lower extremity,3496,train
HAM_0002474,ISIC_0030658,nv,follow_up,50.0,male,trunk,3499,train
HAM_0007492,ISIC_0032193,nv,follow_up,35.0,male,lower extremity,3500,train
HAM_0000858,ISIC_0030944,nv,follow_up,35.0,male,trunk,3501,train
HAM_0002815,ISIC_0025298,nv,follow_up,35.0,male,lower extremity,3502,train
HAM_0002464,ISIC_0030566,nv,follow_up,35.0,male,lower extremity,3503,train
HAM_0001431,ISIC_0028142,nv,follow_up,35.0,male,lower extremity,3504,train
HAM_0004080,ISIC_0028613,nv,follow_up,35.0,male,lower extremity,3505,train
HAM_0004941,ISIC_0027121,nv,follow_up,35.0,male,abdomen,3507,train
HAM_0006261,ISIC_0028466,nv,follow_up,50.0,female,abdomen,3508,train
HAM_0001145,ISIC_0030400,nv,follow_up,50.0,female,lower extremity,3510,train
HAM_0000507,ISIC_0028921,nv,follow_up,75.0,male,abdomen,3517,train
HAM_0000748,ISIC_0024598,nv,follow_up,75.0,male,abdomen,3518,train
HAM_0005864,ISIC_0025054,nv,follow_up,75.0,male,trunk,3519,train
HAM_0000617,ISIC_0029703,nv,follow_up,75.0,male,trunk,3520,train
HAM_0003611,ISIC_0031699,nv,follow_up,75.0,male,hand,3521,train
HAM_0007323,ISIC_0031038,nv,follow_up,75.0,male,back,3523,train
HAM_0002038,ISIC_0032337,nv,follow_up,75.0,male,back,3524,train
HAM_0001162,ISIC_0029211,nv,follow_up,75.0,male,lower extremity,3525,train
HAM_0002531,ISIC_0027467,nv,follow_up,35.0,female,trunk,3526,train
HAM_0006641,ISIC_0026659,nv,follow_up,40.0,female,back,3528,train
HAM_0001591,ISIC_0032231,nv,follow_up,40.0,female,lower extremity,3529,train
HAM_0002353,ISIC_0028705,nv,follow_up,40.0,female,foot,3531,train
HAM_0002277,ISIC_0025080,nv,follow_up,50.0,male,abdomen,3533,train
HAM_0000235,ISIC_0025910,nv,follow_up,50.0,male,lower extremity,3535,train
HAM_0001241,ISIC_0031461,nv,follow_up,35.0,female,trunk,3538,train
HAM_0006428,ISIC_0030862,nv,follow_up,35.0,female,upper extremity,3539,train
HAM_0007469,ISIC_0030049,nv,follow_up,35.0,female,trunk,3540,train
HAM_0001188,ISIC_0032162,nv,follow_up,35.0,female,abdomen,3543,train
HAM_0003470,ISIC_0025979,nv,follow_up,35.0,female,lower extremity,3544,train
HAM_0004013,ISIC_0026021,nv,follow_up,35.0,female,lower extremity,3545,train
HAM_0007600,ISIC_0025375,nv,follow_up,35.0,female,lower extremity,3546,train
HAM_0004683,ISIC_0026079,nv,follow_up,35.0,female,back,3547,train
HAM_0003371,ISIC_0030957,nv,follow_up,35.0,female,back,3548,train
HAM_0003131,ISIC_0025833,nv,follow_up,35.0,female,trunk,3549,train
HAM_0006956,ISIC_0030547,nv,follow_up,35.0,female,lower extremity,3550,train
HAM_0005182,ISIC_0031288,nv,follow_up,35.0,female,lower extremity,3551,train
HAM_0003576,ISIC_0027106,nv,follow_up,45.0,male,lower extremity,3552,train
HAM_0007465,ISIC_0031392,nv,follow_up,45.0,male,back,3553,train
HAM_0002626,ISIC_0026822,nv,follow_up,45.0,male,lower extremity,3556,train
HAM_0002354,ISIC_0025559,nv,follow_up,45.0,male,lower extremity,3557,train
HAM_0005066,ISIC_0030787,nv,follow_up,45.0,male,lower extremity,3558,train
HAM_0004735,ISIC_0030000,nv,follow_up,45.0,male,back,3559,train
HAM_0006792,ISIC_0026460,nv,follow_up,45.0,male,trunk,3561,train
HAM_0005456,ISIC_0026960,nv,follow_up,55.0,male,trunk,3565,train
HAM_0000183,ISIC_0027764,nv,follow_up,45.0,male,lower extremity,3566,train
HAM_0002653,ISIC_0026817,nv,follow_up,45.0,male,lower extremity,3567,train
HAM_0003632,ISIC_0029274,nv,follow_up,45.0,male,upper extremity,3568,train
HAM_0005476,ISIC_0027165,nv,follow_up,45.0,male,lower extremity,3569,train
HAM_0005812,ISIC_0031250,nv,follow_up,45.0,male,lower extremity,3570,train
HAM_0005001,ISIC_0031438,nv,follow_up,55.0,male,lower extremity,3573,train
HAM_0002166,ISIC_0028077,nv,follow_up,55.0,male,lower extremity,3574,train
HAM_0001632,ISIC_0029132,nv,follow_up,55.0,male,trunk,3575,train
HAM_0005703,ISIC_0030519,nv,follow_up,55.0,male,upper extremity,3578,train
HAM_0007252,ISIC_0026949,nv,follow_up,55.0,male,abdomen,3579,train
HAM_0001338,ISIC_0028428,nv,follow_up,55.0,male,trunk,3580,train
HAM_0003781,ISIC_0026225,nv,follow_up,55.0,male,trunk,3581,train
HAM_0000016,ISIC_0029142,nv,follow_up,55.0,male,back,3582,train
HAM_0005621,ISIC_0028861,nv,follow_up,55.0,male,back,3583,train
HAM_0006780,ISIC_0031021,nv,follow_up,50.0,female,lower extremity,3585,train
HAM_0000484,ISIC_0024309,nv,follow_up,40.0,male,trunk,3587,train
HAM_0004269,ISIC_0025003,nv,follow_up,50.0,female,lower extremity,3591,train
HAM_0003151,ISIC_0024556,nv,follow_up,50.0,female,foot,3594,train
HAM_0006385,ISIC_0026733,nv,follow_up,50.0,female,trunk,3595,train
HAM_0004533,ISIC_0030871,nv,follow_up,40.0,female,abdomen,3596,train
HAM_0006299,ISIC_0031582,nv,follow_up,40.0,female,trunk,3597,train
HAM_0004834,ISIC_0025328,nv,follow_up,20.0,female,trunk,3598,train
HAM_0005241,ISIC_0029699,nv,follow_up,30.0,male,trunk,3602,train
HAM_0006917,ISIC_0025861,nv,follow_up,30.0,male,upper extremity,3603,train
HAM_0003984,ISIC_0032228,nv,follow_up,30.0,male,back,3604,train
HAM_0003674,ISIC_0028660,nv,follow_up,45.0,male,lower extremity,3606,train
HAM_0000227,ISIC_0032201,nv,follow_up,45.0,male,lower extremity,3607,train
HAM_0002225,ISIC_0032066,nv,follow_up,60.0,male,upper extremity,3608,train
HAM_0004316,ISIC_0025116,nv,follow_up,45.0,male,trunk,3609,train
HAM_0000203,ISIC_0024738,nv,follow_up,45.0,male,lower extremity,3612,train
HAM_0000702,ISIC_0030804,nv,follow_up,50.0,female,trunk,3614,train
HAM_0004227,ISIC_0029628,nv,follow_up,65.0,female,upper extremity,3615,train
HAM_0004256,ISIC_0027472,nv,follow_up,20.0,female,upper extremity,3616,train
HAM_0006100,ISIC_0032288,nv,follow_up,50.0,female,foot,3618,train
HAM_0004678,ISIC_0025952,nv,follow_up,50.0,male,lower extremity,3619,train
HAM_0001151,ISIC_0024649,nv,follow_up,50.0,female,trunk,3621,train
HAM_0003748,ISIC_0031051,nv,follow_up,40.0,male,chest,3622,train
HAM_0002459,ISIC_0029305,nv,follow_up,40.0,male,trunk,3624,train
HAM_0004070,ISIC_0027657,nv,follow_up,40.0,male,trunk,3625,train
HAM_0001376,ISIC_0031437,nv,follow_up,40.0,male,lower extremity,3627,train
HAM_0000435,ISIC_0026620,nv,follow_up,40.0,male,lower extremity,3629,train
HAM_0003296,ISIC_0024944,nv,follow_up,40.0,male,lower extremity,3630,train
HAM_0000328,ISIC_0025482,nv,follow_up,40.0,male,lower extremity,3631,train
HAM_0001833,ISIC_0027227,nv,follow_up,40.0,male,trunk,3632,train
HAM_0003207,ISIC_0024534,nv,follow_up,40.0,male,back,3633,train
HAM_0004094,ISIC_0031313,nv,follow_up,40.0,male,lower extremity,3634,train
HAM_0001067,ISIC_0028813,nv,follow_up,40.0,male,lower extremity,3635,train
HAM_0003924,ISIC_0030569,nv,follow_up,80.0,male,trunk,3636,train
HAM_0002631,ISIC_0028048,nv,follow_up,55.0,female,trunk,3637,train
HAM_0005361,ISIC_0024374,nv,follow_up,35.0,female,face,3638,train
HAM_0001519,ISIC_0031661,nv,follow_up,55.0,female,abdomen,3639,train
HAM_0001502,ISIC_0027482,nv,follow_up,55.0,female,abdomen,3641,train
HAM_0005003,ISIC_0026689,nv,follow_up,35.0,male,trunk,3642,train
HAM_0005813,ISIC_0026051,nv,follow_up,20.0,male,back,3644,train
HAM_0002211,ISIC_0026862,nv,follow_up,45.0,female,abdomen,3646,train
HAM_0001540,ISIC_0028299,nv,follow_up,60.0,male,lower extremity,3647,train
HAM_0004879,ISIC_0032419,nv,follow_up,45.0,female,trunk,3649,train
HAM_0005217,ISIC_0025057,nv,follow_up,45.0,female,trunk,3651,train
HAM_0000518,ISIC_0030943,nv,follow_up,45.0,female,back,3652,train
HAM_0001168,ISIC_0024803,nv,follow_up,45.0,female,back,3654,train
HAM_0006611,ISIC_0028985,nv,follow_up,45.0,female,lower extremity,3655,train
HAM_0004818,ISIC_0030736,nv,follow_up,50.0,female,abdomen,3657,train
HAM_0002054,ISIC_0031685,nv,follow_up,50.0,female,abdomen,3658,train
HAM_0001778,ISIC_0026792,nv,follow_up,50.0,female,abdomen,3659,train
HAM_0006375,ISIC_0026114,nv,follow_up,50.0,female,back,3661,train
HAM_0002250,ISIC_0029426,nv,follow_up,50.0,female,trunk,3662,train
HAM_0004619,ISIC_0025664,nv,follow_up,50.0,female,lower extremity,3663,train
HAM_0001015,ISIC_0028833,nv,follow_up,50.0,female,back,3664,train
HAM_0005119,ISIC_0029335,nv,follow_up,50.0,female,back,3665,train
HAM_0001544,ISIC_0030875,nv,follow_up,50.0,female,back,3666,train
HAM_0007251,ISIC_0024964,nv,follow_up,50.0,female,back,3667,train
HAM_0002378,ISIC_0026087,nv,follow_up,50.0,female,lower extremity,3668,train
HAM_0005088,ISIC_0031647,nv,follow_up,50.0,female,trunk,3669,train
HAM_0004017,ISIC_0030351,nv,follow_up,50.0,female,upper extremity,3670,train
HAM_0007128,ISIC_0025104,nv,follow_up,50.0,female,upper extremity,3671,train
HAM_0004135,ISIC_0025634,nv,follow_up,45.0,female,upper extremity,3672,train
HAM_0004750,ISIC_0029266,nv,follow_up,45.0,female,trunk,3675,train
HAM_0003032,ISIC_0028789,nv,follow_up,45.0,female,trunk,3677,train
HAM_0003964,ISIC_0029111,nv,follow_up,45.0,female,back,3678,train
HAM_0002778,ISIC_0026540,nv,follow_up,45.0,female,lower extremity,3679,train
HAM_0007505,ISIC_0027061,nv,follow_up,45.0,female,lower extremity,3680,train
HAM_0002681,ISIC_0029381,nv,follow_up,30.0,male,back,3684,train
HAM_0005100,ISIC_0030274,nv,follow_up,50.0,male,lower extremity,3685,train
HAM_0006836,ISIC_0025678,nv,follow_up,30.0,male,back,3686,train
HAM_0007104,ISIC_0032133,nv,follow_up,30.0,male,trunk,3688,train
HAM_0006789,ISIC_0024976,nv,follow_up,35.0,male,trunk,3692,train
HAM_0005214,ISIC_0031114,nv,follow_up,75.0,female,lower extremity,3694,train
HAM_0005218,ISIC_0028939,nv,follow_up,55.0,female,lower extremity,3697,train
HAM_0005219,ISIC_0027935,nv,follow_up,35.0,female,upper extremity,3698,train
HAM_0005506,ISIC_0032484,nv,follow_up,60.0,male,trunk,3700,train
HAM_0005172,ISIC_0027156,nv,follow_up,50.0,female,trunk,3702,train
HAM_0004537,ISIC_0026361,nv,follow_up,60.0,male,abdomen,3703,train
HAM_0001959,ISIC_0027600,nv,follow_up,45.0,female,lower extremity,3704,train
HAM_0002264,ISIC_0024838,nv,follow_up,45.0,female,abdomen,3705,train
HAM_0006415,ISIC_0032367,nv,follow_up,60.0,male,trunk,3706,train
HAM_0004793,ISIC_0028102,nv,follow_up,60.0,male,lower extremity,3707,train
HAM_0005876,ISIC_0026980,nv,follow_up,60.0,male,foot,3708,train
HAM_0007173,ISIC_0028721,nv,follow_up,55.0,male,foot,3709,train
HAM_0000852,ISIC_0025461,nv,follow_up,55.0,male,upper extremity,3710,train
HAM_0006659,ISIC_0028160,nv,follow_up,55.0,male,trunk,3711,train
HAM_0001170,ISIC_0032202,nv,follow_up,55.0,male,abdomen,3713,train
HAM_0006733,ISIC_0024804,nv,follow_up,55.0,male,abdomen,3714,train
HAM_0003900,ISIC_0027868,nv,follow_up,55.0,male,lower extremity,3715,train
HAM_0007035,ISIC_0030332,nv,follow_up,55.0,male,lower extremity,3716,train
HAM_0005671,ISIC_0029697,nv,follow_up,55.0,male,trunk,3718,train
HAM_0003025,ISIC_0027440,nv,follow_up,35.0,female,trunk,3721,train
HAM_0005323,ISIC_0027456,nv,follow_up,35.0,female,trunk,3722,train
HAM_0006911,ISIC_0025747,nv,follow_up,35.0,female,trunk,3723,train
HAM_0007145,ISIC_0027758,nv,follow_up,35.0,female,back,3724,train
HAM_0003661,ISIC_0026910,nv,follow_up,35.0,female,trunk,3726,train
HAM_0005521,ISIC_0031963,nv,follow_up,65.0,male,lower extremity,3727,train
HAM_0003914,ISIC_0029300,nv,follow_up,45.0,male,genital,3729,train
HAM_0005130,ISIC_0032002,nv,follow_up,45.0,male,back,3730,train
HAM_0003513,ISIC_0030743,nv,follow_up,60.0,male,upper extremity,3733,train
HAM_0007441,ISIC_0024548,nv,follow_up,60.0,male,trunk,3734,train
HAM_0007095,ISIC_0030374,nv,follow_up,60.0,male,abdomen,3735,train
HAM_0006377,ISIC_0024465,nv,follow_up,45.0,female,abdomen,3737,train
HAM_0004523,ISIC_0029984,nv,follow_up,45.0,female,lower extremity,3739,train
HAM_0005654,ISIC_0032039,nv,follow_up,45.0,male,trunk,3740,train
HAM_0001904,ISIC_0030306,nv,follow_up,45.0,female,lower extremity,3741,train
HAM_0003231,ISIC_0025028,nv,follow_up,45.0,female,lower extremity,3743,train
HAM_0003644,ISIC_0030202,nv,follow_up,45.0,female,lower extremity,3744,train
HAM_0004473,ISIC_0027881,nv,follow_up,40.0,female,upper extremity,3746,train
HAM_0005111,ISIC_0030911,nv,follow_up,40.0,female,trunk,3747,train
HAM_0006997,ISIC_0028375,nv,follow_up,35.0,female,trunk,3751,train
HAM_0003482,ISIC_0025150,nv,follow_up,35.0,female,abdomen,3753,train
HAM_0000205,ISIC_0029471,nv,follow_up,35.0,female,trunk,3755,train
HAM_0002073,ISIC_0025406,nv,follow_up,35.0,female,trunk,3756,train
HAM_0007044,ISIC_0024501,nv,follow_up,5.0,male,lower extremity,3757,train
HAM_0005802,ISIC_0031173,nv,follow_up,5.0,male,lower extremity,3758,train
HAM_0005178,ISIC_0030285,nv,follow_up,45.0,female,foot,3759,train
HAM_0004378,ISIC_0025738,nv,follow_up,5.0,male,trunk,3761,train
HAM_0004885,ISIC_0030570,nv,follow_up,5.0,male,abdomen,3763,train
HAM_0002230,ISIC_0026243,nv,follow_up,5.0,male,abdomen,3764,train
HAM_0003314,ISIC_0026470,nv,follow_up,5.0,male,abdomen,3765,train
HAM_0001042,ISIC_0025246,nv,follow_up,5.0,male,lower extremity,3767,train
HAM_0001670,ISIC_0027910,nv,follow_up,5.0,male,trunk,3769,train
HAM_0007258,ISIC_0025090,nv,follow_up,5.0,male,back,3770,train
HAM_0005419,ISIC_0030524,nv,follow_up,35.0,male,upper extremity,3771,train
HAM_0005097,ISIC_0031018,nv,follow_up,75.0,male,lower extremity,3772,train
HAM_0000368,ISIC_0027111,nv,follow_up,65.0,female,lower extremity,3777,train
HAM_0002000,ISIC_0030092,nv,follow_up,45.0,female,trunk,3778,train
HAM_0001311,ISIC_0031544,nv,follow_up,45.0,female,lower extremity,3780,train
HAM_0005675,ISIC_0030814,nv,follow_up,45.0,female,lower extremity,3781,train
HAM_0006103,ISIC_0031504,nv,follow_up,45.0,female,trunk,3784,train
HAM_0006370,ISIC_0026032,nv,follow_up,50.0,male,trunk,3785,train
HAM_0003732,ISIC_0026710,nv,follow_up,65.0,female,abdomen,3787,train
HAM_0001538,ISIC_0024322,nv,follow_up,65.0,female,foot,3788,train
HAM_0006033,ISIC_0026128,nv,follow_up,65.0,female,back,3789,train
HAM_0005784,ISIC_0030679,nv,follow_up,65.0,female,trunk,3791,train
HAM_0002160,ISIC_0028712,nv,follow_up,65.0,female,trunk,3793,train
HAM_0000301,ISIC_0026112,nv,follow_up,65.0,female,lower extremity,3794,train
HAM_0002460,ISIC_0032336,nv,follow_up,35.0,female,lower extremity,3796,train
HAM_0000141,ISIC_0030477,nv,follow_up,35.0,female,lower extremity,3797,train
HAM_0005565,ISIC_0027384,nv,follow_up,60.0,male,upper extremity,3798,train
HAM_0003772,ISIC_0024379,nv,follow_up,35.0,female,foot,3799,train
HAM_0003751,ISIC_0026302,nv,follow_up,55.0,female,genital,3801,train
HAM_0003294,ISIC_0028817,nv,follow_up,60.0,male,abdomen,3802,train
HAM_0007383,ISIC_0026812,nv,follow_up,60.0,male,abdomen,3803,train
HAM_0005266,ISIC_0027605,nv,follow_up,60.0,male,lower extremity,3805,train
HAM_0007544,ISIC_0031390,nv,follow_up,60.0,male,lower extremity,3806,train
HAM_0007166,ISIC_0030878,nv,follow_up,50.0,female,trunk,3808,train
HAM_0002262,ISIC_0027307,nv,follow_up,50.0,female,abdomen,3810,train
HAM_0001631,ISIC_0025390,nv,follow_up,50.0,female,genital,3811,train
HAM_0003721,ISIC_0029490,nv,follow_up,50.0,female,lower extremity,3812,train
HAM_0003412,ISIC_0026241,nv,follow_up,50.0,female,back,3814,train
HAM_0001213,ISIC_0026731,nv,follow_up,50.0,female,upper extremity,3815,train
HAM_0004159,ISIC_0031086,nv,follow_up,50.0,female,upper extremity,3816,train
HAM_0004625,ISIC_0029346,nv,follow_up,40.0,male,upper extremity,3817,train
HAM_0004407,ISIC_0024555,nv,follow_up,50.0,female,hand,3818,train
HAM_0001407,ISIC_0025931,nv,follow_up,45.0,female,trunk,3821,train
HAM_0001005,ISIC_0028058,nv,follow_up,55.0,female,trunk,3823,train
HAM_0001770,ISIC_0025974,nv,follow_up,55.0,female,trunk,3824,train
HAM_0002275,ISIC_0031774,nv,follow_up,45.0,female,lower extremity,3826,train
HAM_0007499,ISIC_0025981,nv,follow_up,45.0,female,trunk,3827,train
HAM_0001556,ISIC_0031865,nv,follow_up,45.0,female,abdomen,3829,train
HAM_0003210,ISIC_0030237,nv,follow_up,45.0,female,upper extremity,3830,train
HAM_0003114,ISIC_0032091,nv,follow_up,45.0,female,back,3831,train
HAM_0005259,ISIC_0030174,nv,follow_up,50.0,female,lower extremity,3833,train
HAM_0005087,ISIC_0024765,nv,follow_up,45.0,female,foot,3834,train
HAM_0000474,ISIC_0030099,nv,follow_up,45.0,female,hand,3835,train
HAM_0004629,ISIC_0027019,nv,follow_up,45.0,female,abdomen,3837,train
HAM_0001290,ISIC_0032263,nv,follow_up,40.0,male,lower extremity,3839,train
HAM_0004922,ISIC_0027108,nv,follow_up,50.0,male,abdomen,3841,train
HAM_0000882,ISIC_0032241,nv,follow_up,50.0,male,back,3842,train
HAM_0006144,ISIC_0029388,nv,follow_up,50.0,male,trunk,3843,train
HAM_0006891,ISIC_0031367,nv,follow_up,50.0,male,trunk,3844,train
HAM_0006285,ISIC_0030596,nv,follow_up,50.0,male,upper extremity,3845,train
HAM_0002991,ISIC_0030502,nv,follow_up,45.0,female,lower extremity,3849,train
HAM_0005292,ISIC_0030974,nv,follow_up,45.0,female,lower extremity,3850,train
HAM_0001875,ISIC_0031231,nv,follow_up,40.0,female,lower extremity,3851,train
HAM_0005307,ISIC_0027765,nv,follow_up,40.0,female,trunk,3852,train
HAM_0003970,ISIC_0025093,nv,follow_up,40.0,female,lower extremity,3853,train
HAM_0004310,ISIC_0027871,nv,follow_up,40.0,female,lower extremity,3854,train
HAM_0000942,ISIC_0028554,nv,follow_up,75.0,female,abdomen,3858,train
HAM_0003469,ISIC_0031636,nv,follow_up,75.0,female,lower extremity,3859,train
HAM_0004307,ISIC_0031714,nv,follow_up,70.0,male,face,3860,train
HAM_0007285,ISIC_0026718,nv,follow_up,55.0,female,genital,3861,train
HAM_0000743,ISIC_0024661,nv,follow_up,55.0,female,back,3862,train
HAM_0004271,ISIC_0025474,nv,follow_up,55.0,female,trunk,3863,train
HAM_0004402,ISIC_0025397,nv,follow_up,45.0,female,upper extremity,3866,train
HAM_0000608,ISIC_0025756,nv,follow_up,30.0,female,foot,3867,train
HAM_0007045,ISIC_0032088,nv,follow_up,45.0,female,trunk,3868,train
HAM_0003304,ISIC_0029367,nv,follow_up,45.0,female,trunk,3869,train
HAM_0003059,ISIC_0032223,nv,follow_up,45.0,female,lower extremity,3870,train
HAM_0002284,ISIC_0026449,nv,consensus,15.0,male,back,3871,train
HAM_0001882,ISIC_0025866,nv,follow_up,55.0,female,trunk,3874,train
HAM_0005123,ISIC_0025877,nv,follow_up,55.0,female,lower extremity,3875,train
HAM_0005860,ISIC_0024641,nv,follow_up,45.0,male,lower extremity,3877,train
HAM_0004842,ISIC_0026854,nv,follow_up,60.0,male,back,3878,train
HAM_0001355,ISIC_0028711,nv,follow_up,55.0,male,trunk,3881,train
HAM_0003948,ISIC_0025806,nv,follow_up,55.0,male,lower extremity,3882,train
HAM_0007022,ISIC_0026364,nv,follow_up,55.0,male,lower extremity,3883,train
HAM_0005550,ISIC_0030407,nv,follow_up,55.0,male,trunk,3885,train
HAM_0001438,ISIC_0030490,nv,follow_up,55.0,male,back,3888,train
HAM_0002165,ISIC_0031172,nv,follow_up,55.0,male,lower extremity,3891,train
HAM_0003309,ISIC_0028403,nv,follow_up,55.0,male,lower extremity,3892,train
HAM_0006976,ISIC_0029689,nv,follow_up,65.0,female,trunk,3893,train
HAM_0007434,ISIC_0024816,nv,follow_up,65.0,female,back,3896,train
HAM_0000161,ISIC_0031820,nv,follow_up,65.0,female,lower extremity,3897,train
HAM_0004628,ISIC_0027405,nv,follow_up,45.0,male,foot,3898,train
HAM_0000499,ISIC_0029599,nv,follow_up,45.0,male,abdomen,3899,train
HAM_0003411,ISIC_0024346,nv,follow_up,50.0,female,trunk,3900,train
HAM_0006448,ISIC_0028912,nv,follow_up,50.0,female,trunk,3901,train
HAM_0006786,ISIC_0029436,nv,follow_up,50.0,female,lower extremity,3902,train
HAM_0005682,ISIC_0028770,nv,follow_up,50.0,female,lower extremity,3903,train
HAM_0005908,ISIC_0029150,nv,follow_up,50.0,female,trunk,3904,train
HAM_0001806,ISIC_0026920,nv,follow_up,50.0,female,abdomen,3905,train
HAM_0005224,ISIC_0026929,nv,follow_up,50.0,female,upper extremity,3906,train
HAM_0000034,ISIC_0032411,nv,follow_up,50.0,female,upper extremity,3907,train
HAM_0005195,ISIC_0025929,nv,follow_up,50.0,female,lower extremity,3908,train
HAM_0002418,ISIC_0030711,nv,follow_up,50.0,female,lower extremity,3910,train
HAM_0007286,ISIC_0031978,nv,follow_up,50.0,female,lower extremity,3911,train
HAM_0004823,ISIC_0032108,nv,follow_up,50.0,female,lower extremity,3912,train
HAM_0001700,ISIC_0030971,nv,follow_up,50.0,female,lower extremity,3913,train
HAM_0007254,ISIC_0027541,nv,follow_up,50.0,female,lower extremity,3914,train
HAM_0001008,ISIC_0031898,nv,follow_up,50.0,female,back,3915,train
HAM_0000497,ISIC_0024563,nv,follow_up,50.0,female,lower extremity,3920,train
HAM_0004015,ISIC_0027892,nv,follow_up,50.0,female,lower extremity,3921,train
HAM_0004130,ISIC_0026173,nv,follow_up,45.0,female,lower extremity,3922,train
HAM_0000986,ISIC_0026227,nv,follow_up,45.0,female,upper extremity,3923,train
HAM_0002062,ISIC_0027400,nv,follow_up,45.0,female,trunk,3926,train
HAM_0003289,ISIC_0031357,nv,follow_up,45.0,female,abdomen,3927,train
HAM_0000021,ISIC_0026773,nv,follow_up,45.0,female,lower extremity,3929,train
HAM_0003022,ISIC_0025551,nv,follow_up,45.0,female,upper extremity,3930,train
HAM_0004725,ISIC_0032507,nv,follow_up,45.0,female,trunk,3934,train
HAM_0003209,ISIC_0031156,nv,follow_up,45.0,female,neck,3936,train
HAM_0006850,ISIC_0030186,nv,follow_up,45.0,female,trunk,3937,train
HAM_0004721,ISIC_0032234,nv,follow_up,60.0,male,upper extremity,3940,train
HAM_0001346,ISIC_0026928,nv,follow_up,55.0,female,back,3942,train
HAM_0007082,ISIC_0027971,nv,follow_up,55.0,female,lower extremity,3944,train
HAM_0007297,ISIC_0029940,nv,follow_up,65.0,female,trunk,3946,train
HAM_0003917,ISIC_0026814,nv,follow_up,65.0,female,back,3949,train
HAM_0002891,ISIC_0028906,nv,follow_up,65.0,female,lower extremity,3952,train
HAM_0004981,ISIC_0030493,nv,follow_up,65.0,female,lower extremity,3953,train
HAM_0001584,ISIC_0029004,nv,follow_up,65.0,female,lower extremity,3954,train
HAM_0005872,ISIC_0030518,nv,follow_up,65.0,female,lower extremity,3955,train
HAM_0003464,ISIC_0031715,nv,follow_up,65.0,female,lower extremity,3956,train
HAM_0001500,ISIC_0025527,nv,follow_up,65.0,male,lower extremity,3958,train
HAM_0005377,ISIC_0028936,nv,follow_up,65.0,male,abdomen,3961,train
HAM_0005031,ISIC_0025109,nv,follow_up,65.0,male,abdomen,3962,train
HAM_0006348,ISIC_0027110,nv,follow_up,65.0,male,back,3963,train
HAM_0004966,ISIC_0029508,nv,follow_up,65.0,male,trunk,3964,train
HAM_0002102,ISIC_0024474,nv,follow_up,65.0,male,trunk,3965,train
HAM_0004634,ISIC_0032454,nv,follow_up,65.0,male,trunk,3966,train
HAM_0002035,ISIC_0024989,nv,follow_up,45.0,female,upper extremity,3968,train
HAM_0000270,ISIC_0031167,nv,follow_up,45.0,female,lower extremity,3970,train
HAM_0000816,ISIC_0027082,nv,follow_up,45.0,female,lower extremity,3971,train
HAM_0000158,ISIC_0025082,nv,follow_up,45.0,female,back,3972,train
HAM_0002779,ISIC_0026515,nv,follow_up,45.0,female,lower extremity,3974,train
HAM_0005849,ISIC_0028647,nv,follow_up,40.0,female,lower extremity,3976,train
HAM_0006474,ISIC_0030262,nv,follow_up,40.0,female,trunk,3978,train
HAM_0003126,ISIC_0029181,nv,follow_up,40.0,female,lower extremity,3979,train
HAM_0003972,ISIC_0029706,nv,follow_up,40.0,female,trunk,3981,train
HAM_0000614,ISIC_0025493,nv,follow_up,60.0,female,hand,3983,train
HAM_0003214,ISIC_0028745,nv,follow_up,60.0,female,foot,3984,train
HAM_0001771,ISIC_0030556,nv,follow_up,55.0,male,trunk,3987,train
HAM_0005946,ISIC_0026368,nv,follow_up,55.0,male,genital,3988,train
HAM_0001909,ISIC_0025481,nv,follow_up,55.0,male,upper extremity,3989,train
HAM_0007424,ISIC_0030560,nv,follow_up,80.0,male,back,3997,train
HAM_0003717,ISIC_0030414,nv,follow_up,80.0,male,back,3998,train
HAM_0002976,ISIC_0026908,nv,follow_up,80.0,male,back,3999,train
HAM_0005179,ISIC_0024957,nv,follow_up,80.0,male,lower extremity,4000,train
HAM_0001923,ISIC_0029219,nv,follow_up,80.0,male,lower extremity,4001,train
HAM_0000780,ISIC_0027453,nv,follow_up,80.0,male,lower extremity,4003,train
HAM_0002659,ISIC_0026448,nv,follow_up,60.0,female,trunk,4004,train
HAM_0004796,ISIC_0032143,nv,follow_up,60.0,female,back,4005,train
HAM_0000213,ISIC_0029167,nv,follow_up,60.0,female,upper extremity,4006,train
HAM_0001798,ISIC_0030141,nv,follow_up,50.0,male,back,4007,train
HAM_0002398,ISIC_0028208,nv,follow_up,70.0,female,foot,4010,train
HAM_0003257,ISIC_0024559,nv,follow_up,75.0,male,back,4011,train
HAM_0004359,ISIC_0025087,nv,follow_up,50.0,female,neck,4012,train
HAM_0000305,ISIC_0030815,nv,follow_up,50.0,female,abdomen,4013,train
HAM_0000094,ISIC_0026233,nv,follow_up,50.0,female,abdomen,4014,train
HAM_0002341,ISIC_0029117,nv,follow_up,50.0,female,abdomen,4015,train
HAM_0000577,ISIC_0026385,nv,follow_up,60.0,female,lower extremity,4016,train
HAM_0001857,ISIC_0027317,nv,follow_up,50.0,male,abdomen,4017,train
HAM_0006546,ISIC_0030413,nv,follow_up,50.0,male,lower extremity,4018,train
HAM_0002254,ISIC_0028027,nv,follow_up,70.0,female,lower extremity,4022,train
HAM_0003594,ISIC_0027009,nv,follow_up,70.0,female,lower extremity,4023,train
HAM_0006831,ISIC_0030545,nv,follow_up,70.0,female,trunk,4027,train
HAM_0000350,ISIC_0030921,nv,follow_up,60.0,female,back,4032,train
HAM_0005639,ISIC_0030657,nv,follow_up,45.0,female,trunk,4033,train
HAM_0000630,ISIC_0026832,nv,follow_up,80.0,male,trunk,4035,train
HAM_0002974,ISIC_0027553,nv,follow_up,80.0,male,upper extremity,4036,train
HAM_0002763,ISIC_0026884,nv,follow_up,80.0,male,back,4037,train
HAM_0002405,ISIC_0030380,nv,follow_up,80.0,male,upper extremity,4038,train
HAM_0005634,ISIC_0025944,nv,follow_up,40.0,male,lower extremity,4039,train
HAM_0006805,ISIC_0029772,nv,follow_up,50.0,male,back,4040,train
HAM_0006961,ISIC_0031792,nv,follow_up,50.0,male,trunk,4042,train
HAM_0005517,ISIC_0028561,nv,follow_up,50.0,male,abdomen,4043,train
HAM_0000471,ISIC_0031656,nv,follow_up,50.0,male,trunk,4049,train
HAM_0004704,ISIC_0026093,nv,follow_up,50.0,male,trunk,4050,train
HAM_0006712,ISIC_0025072,nv,follow_up,65.0,male,trunk,4052,train
HAM_0005405,ISIC_0025164,nv,follow_up,45.0,male,back,4056,train
HAM_0002969,ISIC_0030913,nv,follow_up,65.0,male,back,4058,train
HAM_0005656,ISIC_0026478,nv,follow_up,45.0,male,face,4061,train
HAM_0001558,ISIC_0025007,nv,follow_up,50.0,female,lower extremity,4064,train
HAM_0006922,ISIC_0024807,nv,follow_up,65.0,male,lower extremity,4067,train
HAM_0007496,ISIC_0028083,nv,follow_up,55.0,male,trunk,4068,train
HAM_0003406,ISIC_0030896,nv,follow_up,55.0,male,abdomen,4071,train
HAM_0007077,ISIC_0032505,nv,follow_up,55.0,male,trunk,4072,train
HAM_0005871,ISIC_0032080,nv,follow_up,50.0,female,trunk,4073,train
HAM_0006977,ISIC_0029456,nv,follow_up,50.0,female,back,4074,train
HAM_0001861,ISIC_0026688,nv,follow_up,70.0,male,unknown,4078,train
HAM_0005281,ISIC_0028908,nv,follow_up,60.0,female,lower extremity,4079,train
HAM_0000555,ISIC_0026791,nv,follow_up,60.0,female,trunk,4081,train
HAM_0001010,ISIC_0026170,nv,follow_up,60.0,female,lower extremity,4082,train
HAM_0004180,ISIC_0031055,nv,follow_up,60.0,female,abdomen,4083,train
HAM_0002747,ISIC_0025242,nv,follow_up,60.0,female,lower extremity,4084,train
HAM_0004244,ISIC_0032352,nv,follow_up,60.0,female,lower extremity,4086,train
HAM_0004918,ISIC_0026317,nv,follow_up,40.0,male,trunk,4088,train
HAM_0006687,ISIC_0031273,nv,follow_up,40.0,male,lower extremity,4089,train
HAM_0000475,ISIC_0027299,nv,follow_up,40.0,male,lower extremity,4090,train
HAM_0003762,ISIC_0024736,nv,follow_up,40.0,male,trunk,4091,train
HAM_0006260,ISIC_0029748,nv,follow_up,40.0,male,back,4093,train
HAM_0004608,ISIC_0028979,nv,follow_up,40.0,male,lower extremity,4094,train
HAM_0007273,ISIC_0025437,nv,follow_up,40.0,male,abdomen,4095,train
HAM_0000697,ISIC_0029148,nv,follow_up,40.0,male,abdomen,4096,train
HAM_0007158,ISIC_0027206,nv,follow_up,50.0,female,lower extremity,4097,train
HAM_0006665,ISIC_0030775,nv,follow_up,50.0,female,lower extremity,4099,train
HAM_0001483,ISIC_0030752,nv,follow_up,55.0,female,trunk,4101,train
HAM_0003453,ISIC_0031508,nv,follow_up,55.0,female,abdomen,4102,train
HAM_0000437,ISIC_0027731,nv,follow_up,55.0,female,abdomen,4105,train
HAM_0001332,ISIC_0026953,nv,follow_up,55.0,female,abdomen,4106,train
HAM_0005685,ISIC_0031490,nv,follow_up,55.0,female,unknown,4107,train
HAM_0006939,ISIC_0031675,nv,follow_up,50.0,female,lower extremity,4108,train
HAM_0004320,ISIC_0027901,nv,follow_up,50.0,female,abdomen,4110,train
HAM_0001636,ISIC_0030866,nv,follow_up,50.0,female,upper extremity,4112,train
HAM_0002868,ISIC_0031998,nv,follow_up,50.0,female,upper extremity,4113,train
HAM_0000641,ISIC_0027477,nv,follow_up,60.0,male,lower extremity,4115,train
HAM_0002614,ISIC_0027637,nv,follow_up,75.0,male,trunk,4116,train
HAM_0005296,ISIC_0029484,nv,follow_up,50.0,male,back,4117,train
HAM_0000260,ISIC_0026436,nv,follow_up,75.0,male,trunk,4118,train
HAM_0005305,ISIC_0028771,nv,follow_up,80.0,male,trunk,4119,train
HAM_0001085,ISIC_0025919,nv,follow_up,75.0,male,abdomen,4120,train
HAM_0006429,ISIC_0026240,nv,follow_up,75.0,male,abdomen,4121,train
HAM_0000363,ISIC_0027617,nv,follow_up,60.0,male,abdomen,4126,train
HAM_0005890,ISIC_0027653,nv,follow_up,60.0,male,abdomen,4127,train
HAM_0002457,ISIC_0027457,nv,follow_up,60.0,male,back,4128,train
HAM_0000379,ISIC_0029980,nv,follow_up,60.0,male,trunk,4129,train
HAM_0003961,ISIC_0026624,nv,follow_up,60.0,male,lower extremity,4130,train
HAM_0002875,ISIC_0032050,nv,follow_up,60.0,male,trunk,4131,train
HAM_0002953,ISIC_0025126,nv,follow_up,45.0,female,trunk,4135,train
HAM_0006621,ISIC_0026649,nv,follow_up,60.0,female,lower extremity,4137,train
HAM_0003353,ISIC_0025162,nv,follow_up,50.0,male,abdomen,4139,train
HAM_0000945,ISIC_0031104,nv,follow_up,60.0,female,foot,4141,train
HAM_0001736,ISIC_0026407,nv,follow_up,60.0,female,unknown,4142,train
HAM_0002649,ISIC_0026235,nv,follow_up,55.0,female,trunk,4143,train
HAM_0007377,ISIC_0029695,nv,follow_up,55.0,female,abdomen,4145,train
HAM_0004983,ISIC_0030291,nv,follow_up,55.0,female,foot,4147,train
HAM_0004148,ISIC_0026503,nv,follow_up,55.0,female,trunk,4149,train
HAM_0001262,ISIC_0026677,nv,follow_up,55.0,female,lower extremity,4150,train
HAM_0006109,ISIC_0028459,nv,follow_up,70.0,female,lower extremity,4151,train
HAM_0003052,ISIC_0024796,nv,follow_up,60.0,male,lower extremity,4154,train
HAM_0001109,ISIC_0027636,nv,follow_up,60.0,male,trunk,4157,train
HAM_0002019,ISIC_0030402,nv,follow_up,60.0,male,back,4159,train
HAM_0002999,ISIC_0029844,nv,follow_up,40.0,male,back,4161,train
HAM_0002290,ISIC_0027941,nv,follow_up,40.0,male,trunk,4162,train
HAM_0003697,ISIC_0025438,nv,follow_up,40.0,male,back,4163,train
HAM_0003374,ISIC_0030265,nv,follow_up,50.0,male,abdomen,4164,train
HAM_0007190,ISIC_0030505,nv,follow_up,40.0,male,abdomen,4166,train
HAM_0001363,ISIC_0026900,nv,follow_up,40.0,male,upper extremity,4167,train
HAM_0000428,ISIC_0027936,nv,follow_up,40.0,male,upper extremity,4168,train
HAM_0000565,ISIC_0025976,nv,follow_up,40.0,male,trunk,4171,train
HAM_0006403,ISIC_0030248,nv,follow_up,40.0,female,trunk,4175,train
HAM_0001034,ISIC_0026691,nv,follow_up,40.0,female,trunk,4176,train
HAM_0005493,ISIC_0028535,nv,follow_up,40.0,female,back,4178,train
HAM_0005390,ISIC_0024574,nv,follow_up,40.0,female,lower extremity,4179,train
HAM_0002634,ISIC_0028392,nv,follow_up,50.0,male,trunk,4184,train
HAM_0005210,ISIC_0025965,nv,follow_up,50.0,male,trunk,4185,train
HAM_0006307,ISIC_0024570,nv,follow_up,50.0,male,back,4186,train
HAM_0006919,ISIC_0031724,nv,follow_up,50.0,male,foot,4187,train
HAM_0000240,ISIC_0028552,nv,follow_up,60.0,male,trunk,4188,train
HAM_0000733,ISIC_0024965,nv,follow_up,60.0,male,genital,4189,train
HAM_0007624,ISIC_0026322,nv,follow_up,60.0,male,trunk,4190,train
HAM_0003067,ISIC_0032084,nv,follow_up,60.0,male,abdomen,4191,train
HAM_0003390,ISIC_0024859,nv,follow_up,50.0,male,trunk,4193,train
HAM_0000654,ISIC_0027799,nv,follow_up,45.0,male,abdomen,4194,train
HAM_0000829,ISIC_0029440,nv,follow_up,60.0,male,lower extremity,4197,train
HAM_0002089,ISIC_0025614,nv,follow_up,60.0,male,lower extremity,4199,train
HAM_0005920,ISIC_0026727,nv,follow_up,80.0,male,trunk,4200,train
HAM_0000514,ISIC_0028934,nv,follow_up,80.0,male,trunk,4201,train
HAM_0003999,ISIC_0026945,nv,follow_up,80.0,male,abdomen,4202,train
HAM_0001408,ISIC_0031004,nv,follow_up,80.0,male,back,4204,train
HAM_0001432,ISIC_0024393,nv,follow_up,80.0,male,trunk,4205,train
HAM_0000251,ISIC_0025404,nv,follow_up,80.0,male,abdomen,4207,train
HAM_0007362,ISIC_0030373,nv,follow_up,35.0,male,back,4209,train
HAM_0007351,ISIC_0032183,nv,follow_up,35.0,male,back,4210,train
HAM_0001371,ISIC_0029322,nv,follow_up,50.0,female,trunk,4212,train
HAM_0003703,ISIC_0030468,nv,follow_up,50.0,female,trunk,4213,train
HAM_0006862,ISIC_0025296,nv,follow_up,50.0,female,trunk,4214,train
HAM_0004602,ISIC_0031240,nv,follow_up,55.0,female,trunk,4215,train
HAM_0005406,ISIC_0027807,nv,follow_up,45.0,female,upper extremity,4216,train
HAM_0001477,ISIC_0024308,nv,follow_up,55.0,female,trunk,4217,train
HAM_0005128,ISIC_0025549,nv,follow_up,55.0,female,back,4219,train
HAM_0000957,ISIC_0029449,nv,follow_up,55.0,female,back,4220,train
HAM_0005917,ISIC_0032272,nv,follow_up,50.0,female,trunk,4222,train
HAM_0005990,ISIC_0032320,nv,follow_up,50.0,female,trunk,4223,train
HAM_0003930,ISIC_0028221,nv,follow_up,50.0,male,abdomen,4225,train
HAM_0003651,ISIC_0026252,nv,follow_up,45.0,male,chest,4226,train
HAM_0002931,ISIC_0028427,nv,follow_up,45.0,male,lower extremity,4227,train
HAM_0004262,ISIC_0025236,nv,follow_up,45.0,male,lower extremity,4228,train
HAM_0005875,ISIC_0032250,nv,follow_up,45.0,male,back,4229,train
HAM_0005589,ISIC_0026224,nv,follow_up,45.0,male,foot,4231,train
HAM_0000458,ISIC_0025714,nv,follow_up,20.0,male,back,4232,train
HAM_0004858,ISIC_0032239,nv,follow_up,50.0,female,trunk,4233,train
HAM_0000803,ISIC_0025925,nv,follow_up,50.0,female,trunk,4234,train
HAM_0005067,ISIC_0026261,nv,follow_up,50.0,female,upper extremity,4235,train
HAM_0006839,ISIC_0028683,nv,follow_up,50.0,female,trunk,4239,train
HAM_0006373,ISIC_0028143,nv,follow_up,50.0,female,abdomen,4240,train
HAM_0001256,ISIC_0025997,nv,follow_up,50.0,female,trunk,4242,train
HAM_0006840,ISIC_0025844,nv,follow_up,35.0,male,trunk,4243,train
HAM_0002820,ISIC_0028422,nv,follow_up,35.0,male,back,4244,train
HAM_0002403,ISIC_0028612,nv,follow_up,75.0,female,abdomen,4246,train
HAM_0006010,ISIC_0028695,nv,follow_up,75.0,female,back,4247,train
HAM_0007503,ISIC_0026109,nv,follow_up,50.0,male,trunk,4249,train
HAM_0002737,ISIC_0029795,nv,follow_up,50.0,male,abdomen,4250,train
HAM_0000030,ISIC_0031383,nv,follow_up,50.0,male,lower extremity,4251,train
HAM_0006212,ISIC_0029721,nv,follow_up,70.0,male,trunk,4252,train
HAM_0005556,ISIC_0028383,nv,follow_up,50.0,male,back,4253,train
HAM_0006614,ISIC_0027927,nv,follow_up,50.0,male,back,4254,train
HAM_0007211,ISIC_0025377,nv,follow_up,50.0,male,trunk,4256,train
HAM_0002735,ISIC_0029992,nv,follow_up,50.0,male,trunk,4258,train
HAM_0004217,ISIC_0031116,nv,follow_up,50.0,male,trunk,4259,train
HAM_0003298,ISIC_0031535,nv,follow_up,50.0,male,back,4260,train
HAM_0005426,ISIC_0028902,nv,follow_up,40.0,female,lower extremity,4261,train
HAM_0002095,ISIC_0026244,nv,follow_up,50.0,male,back,4262,train
HAM_0003577,ISIC_0024307,nv,follow_up,50.0,male,lower extremity,4263,train
HAM_0000853,ISIC_0027153,nv,follow_up,50.0,female,back,4264,train
HAM_0004026,ISIC_0030357,nv,follow_up,50.0,female,back,4265,train
HAM_0007397,ISIC_0027393,nv,follow_up,50.0,female,trunk,4266,train
HAM_0004093,ISIC_0030562,nv,follow_up,50.0,female,upper extremity,4268,train
HAM_0007387,ISIC_0027119,nv,follow_up,75.0,female,abdomen,4269,train
HAM_0007509,ISIC_0027542,nv,follow_up,75.0,female,lower extremity,4270,train
HAM_0001093,ISIC_0032198,nv,follow_up,75.0,female,upper extremity,4271,train
HAM_0002075,ISIC_0026678,nv,follow_up,75.0,female,trunk,4272,train
HAM_0006383,ISIC_0025183,nv,follow_up,75.0,female,trunk,4274,train
HAM_0004471,ISIC_0027353,nv,follow_up,50.0,male,trunk,4278,train
HAM_0003490,ISIC_0031162,nv,follow_up,50.0,male,trunk,4280,train
HAM_0006642,ISIC_0030916,nv,follow_up,50.0,male,trunk,4281,train
HAM_0000623,ISIC_0032004,nv,follow_up,50.0,male,lower extremity,4282,train
HAM_0005069,ISIC_0028301,nv,follow_up,60.0,female,lower extremity,4283,train
HAM_0000405,ISIC_0027225,nv,follow_up,60.0,female,lower extremity,4285,train
HAM_0004723,ISIC_0032413,nv,follow_up,60.0,female,genital,4286,train
HAM_0000293,ISIC_0030154,nv,follow_up,55.0,male,abdomen,4288,train
HAM_0001805,ISIC_0027200,nv,follow_up,55.0,male,trunk,4289,train
HAM_0004718,ISIC_0027589,nv,follow_up,50.0,female,abdomen,4290,train
HAM_0001193,ISIC_0029125,nv,follow_up,55.0,female,lower extremity,4293,train
HAM_0006811,ISIC_0024794,nv,follow_up,55.0,female,trunk,4295,train
HAM_0005491,ISIC_0032083,nv,follow_up,55.0,female,trunk,4296,train
HAM_0001441,ISIC_0024660,nv,follow_up,55.0,female,lower extremity,4297,train
HAM_0000714,ISIC_0027857,nv,follow_up,55.0,female,back,4300,train
HAM_0005850,ISIC_0026708,nv,follow_up,50.0,female,back,4302,train
HAM_0005825,ISIC_0027304,nv,follow_up,50.0,female,lower extremity,4303,train
HAM_0003147,ISIC_0029168,nv,follow_up,50.0,female,trunk,4304,train
HAM_0005816,ISIC_0027257,nv,follow_up,50.0,female,trunk,4305,train
HAM_0005843,ISIC_0024820,nv,follow_up,50.0,female,trunk,4306,train
HAM_0005269,ISIC_0025649,nv,follow_up,50.0,female,abdomen,4307,train
HAM_0000359,ISIC_0025701,nv,follow_up,35.0,female,lower extremity,4310,train
HAM_0000901,ISIC_0032120,nv,follow_up,50.0,female,lower extremity,4313,train
HAM_0004948,ISIC_0025736,nv,follow_up,50.0,female,lower extremity,4314,train
HAM_0003278,ISIC_0026537,nv,follow_up,45.0,female,trunk,4315,train
HAM_0006505,ISIC_0031343,nv,follow_up,45.0,female,abdomen,4316,train
HAM_0000824,ISIC_0029702,nv,follow_up,50.0,male,lower extremity,4318,train
HAM_0000784,ISIC_0030989,nv,follow_up,50.0,female,lower extremity,4319,train
HAM_0002064,ISIC_0030131,nv,follow_up,50.0,female,trunk,4320,train
HAM_0001181,ISIC_0030409,nv,follow_up,50.0,female,upper extremity,4323,train
HAM_0007161,ISIC_0026734,nv,follow_up,50.0,female,lower extremity,4324,train
HAM_0005285,ISIC_0025167,nv,follow_up,50.0,female,trunk,4325,train
HAM_0005951,ISIC_0027325,nv,follow_up,50.0,female,lower extremity,4327,train
HAM_0004425,ISIC_0025147,nv,follow_up,40.0,female,lower extremity,4329,train
HAM_0005177,ISIC_0029423,nv,follow_up,40.0,female,lower extremity,4331,train
HAM_0002311,ISIC_0028514,nv,follow_up,40.0,female,lower extremity,4333,train
HAM_0000997,ISIC_0030385,nv,follow_up,75.0,female,trunk,4334,train
HAM_0002825,ISIC_0031296,nv,follow_up,75.0,female,abdomen,4336,train
HAM_0003612,ISIC_0024456,nv,follow_up,75.0,female,back,4337,train
HAM_0004152,ISIC_0025137,nv,follow_up,50.0,female,abdomen,4338,train
HAM_0000646,ISIC_0025890,nv,follow_up,50.0,female,lower extremity,4339,train
HAM_0000839,ISIC_0032049,nv,follow_up,55.0,female,trunk,4342,train
HAM_0003842,ISIC_0027217,nv,follow_up,55.0,female,abdomen,4343,train
HAM_0007554,ISIC_0028193,nv,follow_up,55.0,female,lower extremity,4346,train
HAM_0001653,ISIC_0027895,nv,follow_up,55.0,female,lower extremity,4347,train
HAM_0006798,ISIC_0024685,nv,follow_up,55.0,female,lower extremity,4348,train
HAM_0005949,ISIC_0027148,nv,follow_up,45.0,male,upper extremity,4350,train
HAM_0001885,ISIC_0027534,nv,follow_up,75.0,female,lower extremity,4351,train
HAM_0003708,ISIC_0027232,nv,follow_up,75.0,female,lower extremity,4352,train
HAM_0001831,ISIC_0029556,nv,follow_up,60.0,male,back,4355,train
HAM_0006973,ISIC_0029377,nv,follow_up,60.0,male,trunk,4356,train
HAM_0002014,ISIC_0031120,nv,follow_up,55.0,male,abdomen,4358,train
HAM_0007177,ISIC_0025626,nv,follow_up,30.0,male,trunk,4359,train
HAM_0006731,ISIC_0026683,nv,follow_up,30.0,male,abdomen,4360,train
HAM_0000975,ISIC_0029267,nv,follow_up,40.0,female,trunk,4363,train
HAM_0000625,ISIC_0026062,nv,follow_up,40.0,female,trunk,4364,train
HAM_0006278,ISIC_0031141,nv,follow_up,40.0,female,lower extremity,4369,train
HAM_0003047,ISIC_0026505,nv,follow_up,40.0,female,trunk,4370,train
HAM_0000969,ISIC_0028071,nv,follow_up,40.0,female,lower extremity,4372,train
HAM_0003666,ISIC_0029246,nv,follow_up,40.0,female,lower extremity,4373,train
HAM_0003077,ISIC_0031230,nv,follow_up,40.0,female,lower extremity,4374,train
HAM_0002369,ISIC_0027016,nv,follow_up,40.0,female,ear,4375,train
HAM_0005411,ISIC_0026300,nv,follow_up,65.0,female,abdomen,4376,train
HAM_0001611,ISIC_0031032,nv,follow_up,65.0,female,lower extremity,4377,train
HAM_0005422,ISIC_0030554,nv,follow_up,65.0,female,lower extremity,4378,train
HAM_0002989,ISIC_0027378,nv,follow_up,65.0,female,lower extremity,4379,train
HAM_0002219,ISIC_0031679,nv,follow_up,55.0,female,trunk,4380,train
HAM_0004649,ISIC_0031373,nv,follow_up,60.0,female,trunk,4381,train
HAM_0007593,ISIC_0031854,nv,follow_up,60.0,female,abdomen,4382,train
HAM_0000962,ISIC_0028674,nv,follow_up,60.0,female,lower extremity,4385,train
HAM_0004031,ISIC_0029517,nv,follow_up,60.0,female,lower extremity,4388,train
HAM_0001340,ISIC_0025290,nv,follow_up,60.0,female,lower extremity,4389,train
HAM_0000315,ISIC_0027474,nv,follow_up,45.0,male,abdomen,4390,train
HAM_0005731,ISIC_0024920,nv,follow_up,45.0,male,back,4391,train
HAM_0002076,ISIC_0024720,nv,follow_up,45.0,male,trunk,4394,train
HAM_0003549,ISIC_0028741,nv,follow_up,45.0,male,lower extremity,4395,train
HAM_0001047,ISIC_0028853,nv,follow_up,35.0,female,back,4397,train
HAM_0002972,ISIC_0025430,nv,follow_up,40.0,female,genital,4398,train
HAM_0003500,ISIC_0025917,nv,follow_up,30.0,female,trunk,4399,train
HAM_0003397,ISIC_0027740,nv,follow_up,45.0,male,abdomen,4400,train
HAM_0004250,ISIC_0032499,nv,follow_up,45.0,male,lower extremity,4402,train
HAM_0002831,ISIC_0026977,nv,follow_up,45.0,male,lower extremity,4403,train
HAM_0001071,ISIC_0027570,nv,follow_up,50.0,male,trunk,4404,train
HAM_0000434,ISIC_0031635,nv,follow_up,45.0,female,trunk,4406,train
HAM_0001074,ISIC_0030764,nv,follow_up,50.0,male,lower extremity,4408,train
HAM_0000722,ISIC_0025875,nv,follow_up,75.0,male,trunk,4410,train
HAM_0001114,ISIC_0031260,nv,follow_up,75.0,male,abdomen,4411,train
HAM_0004394,ISIC_0025060,nv,follow_up,50.0,male,trunk,4412,train
HAM_0007531,ISIC_0030837,nv,follow_up,45.0,male,abdomen,4414,train
HAM_0001364,ISIC_0029510,nv,follow_up,45.0,male,back,4415,train
HAM_0005322,ISIC_0030068,nv,follow_up,45.0,male,trunk,4416,train
HAM_0001251,ISIC_0026972,nv,follow_up,45.0,male,lower extremity,4417,train
HAM_0001850,ISIC_0030947,nv,follow_up,45.0,male,lower extremity,4418,train
HAM_0001535,ISIC_0026653,nv,follow_up,45.0,male,trunk,4421,train
HAM_0002635,ISIC_0029364,nv,follow_up,70.0,male,lower extremity,4422,train
HAM_0002710,ISIC_0025241,nv,follow_up,70.0,male,lower extremity,4423,train
HAM_0000314,ISIC_0024621,nv,follow_up,70.0,male,abdomen,4425,train
HAM_0007210,ISIC_0026699,nv,follow_up,70.0,male,lower extremity,4426,train
HAM_0000680,ISIC_0028927,nv,follow_up,70.0,male,back,4427,train
HAM_0007565,ISIC_0028241,nv,follow_up,70.0,male,trunk,4428,train
HAM_0004732,ISIC_0024858,nv,follow_up,40.0,male,trunk,4430,train
HAM_0001054,ISIC_0029006,nv,follow_up,40.0,male,lower extremity,4431,train
HAM_0000739,ISIC_0025561,nv,follow_up,40.0,male,trunk,4433,train
HAM_0006204,ISIC_0029806,nv,follow_up,60.0,male,trunk,4437,train
HAM_0007380,ISIC_0029324,nv,follow_up,55.0,female,trunk,4439,train
HAM_0005168,ISIC_0028277,nv,follow_up,55.0,female,back,4440,train
HAM_0002982,ISIC_0031423,nv,follow_up,50.0,female,abdomen,4444,train
HAM_0004901,ISIC_0025361,nv,follow_up,35.0,female,back,4445,train
HAM_0003481,ISIC_0029050,nv,follow_up,35.0,female,back,4446,train
HAM_0005321,ISIC_0031816,nv,follow_up,35.0,female,trunk,4447,train
HAM_0005350,ISIC_0032054,nv,follow_up,35.0,female,upper extremity,4452,train
HAM_0004179,ISIC_0029171,nv,follow_up,55.0,female,back,4455,train
HAM_0004551,ISIC_0031763,nv,follow_up,50.0,female,lower extremity,4456,train
HAM_0006508,ISIC_0030342,nv,follow_up,50.0,female,foot,4458,train
HAM_0002656,ISIC_0027116,nv,follow_up,45.0,female,trunk,4462,train
HAM_0000990,ISIC_0031801,nv,follow_up,45.0,female,trunk,4465,train
HAM_0004822,ISIC_0029788,nv,follow_up,45.0,female,lower extremity,4469,train
HAM_0006500,ISIC_0032479,nv,follow_up,45.0,female,lower extremity,4470,train
HAM_0004154,ISIC_0031471,nv,follow_up,45.0,female,lower extremity,4471,train
HAM_0001832,ISIC_0031030,nv,follow_up,45.0,female,lower extremity,4472,train
HAM_0002633,ISIC_0031525,nv,follow_up,45.0,female,lower extremity,4473,train
HAM_0003701,ISIC_0027191,nv,follow_up,45.0,female,lower extremity,4476,train
HAM_0003084,ISIC_0026191,nv,follow_up,45.0,female,upper extremity,4478,train
HAM_0007520,ISIC_0029595,nv,follow_up,60.0,female,trunk,4479,train
HAM_0001253,ISIC_0025704,nv,follow_up,55.0,female,back,4483,train
HAM_0003799,ISIC_0031954,nv,follow_up,55.0,female,back,4485,train
HAM_0003454,ISIC_0031764,nv,follow_up,55.0,female,lower extremity,4486,train
HAM_0004554,ISIC_0026065,nv,follow_up,65.0,male,trunk,4489,train
HAM_0006797,ISIC_0025754,nv,follow_up,65.0,male,back,4490,train
HAM_0003931,ISIC_0026007,nv,follow_up,65.0,male,trunk,4491,train
HAM_0004865,ISIC_0028157,nv,follow_up,75.0,female,lower extremity,4494,train
HAM_0000761,ISIC_0026259,nv,follow_up,40.0,female,trunk,4498,train
HAM_0000678,ISIC_0029074,nv,follow_up,40.0,female,trunk,4500,train
HAM_0002948,ISIC_0030927,nv,follow_up,40.0,female,lower extremity,4502,train
HAM_0007461,ISIC_0025717,nv,follow_up,40.0,female,trunk,4504,train
HAM_0004470,ISIC_0028387,nv,follow_up,55.0,female,lower extremity,4507,train
HAM_0001559,ISIC_0029968,nv,follow_up,50.0,female,abdomen,4508,train
HAM_0000522,ISIC_0024826,nv,follow_up,40.0,female,upper extremity,4509,train
HAM_0000491,ISIC_0028207,nv,follow_up,45.0,male,trunk,4510,train
HAM_0003552,ISIC_0029084,nv,follow_up,45.0,male,abdomen,4511,train
HAM_0003493,ISIC_0028322,nv,follow_up,45.0,male,trunk,4513,train
HAM_0000317,ISIC_0030984,nv,follow_up,45.0,male,trunk,4514,train
HAM_0003527,ISIC_0029874,nv,follow_up,45.0,male,lower extremity,4515,train
HAM_0000487,ISIC_0032268,nv,follow_up,45.0,female,trunk,4517,train
HAM_0004727,ISIC_0028250,nv,follow_up,45.0,female,lower extremity,4518,train
HAM_0006620,ISIC_0029378,nv,follow_up,45.0,female,upper extremity,4519,train
HAM_0002713,ISIC_0026695,nv,follow_up,55.0,male,abdomen,4521,train
HAM_0002524,ISIC_0026184,nv,follow_up,55.0,male,trunk,4526,train
HAM_0001102,ISIC_0029903,nv,follow_up,55.0,male,trunk,4527,train
HAM_0007416,ISIC_0025281,nv,follow_up,55.0,male,upper extremity,4529,train
HAM_0006585,ISIC_0024455,nv,follow_up,45.0,female,upper extremity,4530,train
HAM_0000403,ISIC_0024874,nv,follow_up,45.0,female,back,4531,train
HAM_0002279,ISIC_0031427,nv,follow_up,45.0,female,lower extremity,4533,train
HAM_0005073,ISIC_0029956,nv,follow_up,45.0,female,trunk,4534,train
HAM_0003306,ISIC_0025259,nv,follow_up,45.0,female,trunk,4535,train
HAM_0006063,ISIC_0026975,nv,follow_up,45.0,female,chest,4537,train
HAM_0006412,ISIC_0027720,nv,follow_up,45.0,female,abdomen,4538,train
HAM_0002122,ISIC_0029408,nv,follow_up,45.0,female,abdomen,4539,train
HAM_0001659,ISIC_0026564,nv,follow_up,35.0,male,lower extremity,4540,train
HAM_0000131,ISIC_0030769,nv,follow_up,35.0,male,abdomen,4542,train
HAM_0001476,ISIC_0025343,nv,follow_up,35.0,male,lower extremity,4544,train
HAM_0002374,ISIC_0024780,nv,follow_up,35.0,male,back,4545,train
HAM_0005174,ISIC_0032276,nv,follow_up,35.0,male,trunk,4546,train
HAM_0001924,ISIC_0031112,nv,follow_up,45.0,male,abdomen,4549,train
HAM_0002873,ISIC_0026412,nv,follow_up,45.0,male,lower extremity,4550,train
HAM_0004856,ISIC_0026299,nv,follow_up,45.0,male,lower extremity,4551,train
HAM_0006087,ISIC_0032094,nv,follow_up,45.0,male,back,4553,train
HAM_0000244,ISIC_0029057,nv,follow_up,45.0,male,back,4554,train
HAM_0006082,ISIC_0027500,nv,follow_up,55.0,female,trunk,4555,train
HAM_0002056,ISIC_0026762,nv,follow_up,55.0,female,trunk,4556,train
HAM_0006226,ISIC_0024414,nv,follow_up,70.0,female,trunk,4558,train
HAM_0003100,ISIC_0028976,nv,follow_up,70.0,female,trunk,4559,train
HAM_0001972,ISIC_0027228,nv,follow_up,70.0,female,lower extremity,4560,train
HAM_0005204,ISIC_0024749,nv,follow_up,70.0,female,trunk,4561,train
HAM_0003894,ISIC_0025560,nv,follow_up,35.0,female,trunk,4562,train
HAM_0000467,ISIC_0030612,nv,follow_up,35.0,female,back,4563,train
HAM_0002133,ISIC_0027885,nv,follow_up,35.0,female,lower extremity,4564,train
HAM_0001163,ISIC_0028997,nv,follow_up,35.0,female,face,4566,train
HAM_0007610,ISIC_0030855,nv,follow_up,45.0,female,trunk,4568,train
HAM_0006259,ISIC_0027785,nv,follow_up,45.0,female,foot,4570,train
HAM_0001981,ISIC_0024342,nv,follow_up,40.0,male,lower extremity,4571,train
HAM_0006493,ISIC_0024950,nv,follow_up,45.0,female,back,4573,train
HAM_0001194,ISIC_0028991,nv,follow_up,45.0,female,lower extremity,4574,train
HAM_0006075,ISIC_0026999,nv,follow_up,60.0,female,trunk,4576,train
HAM_0007587,ISIC_0029762,nv,follow_up,60.0,female,lower extremity,4578,train
HAM_0002478,ISIC_0031787,nv,follow_up,60.0,female,unknown,4579,train
HAM_0004314,ISIC_0029758,nv,follow_up,60.0,female,trunk,4580,train
HAM_0007371,ISIC_0026002,nv,follow_up,60.0,female,trunk,4581,train
HAM_0004223,ISIC_0025632,nv,follow_up,40.0,female,trunk,4582,train
HAM_0001668,ISIC_0027434,nv,follow_up,40.0,female,trunk,4583,train
HAM_0003837,ISIC_0028850,nv,follow_up,40.0,female,back,4584,train
HAM_0001822,ISIC_0031244,nv,follow_up,40.0,female,hand,4587,train
HAM_0001942,ISIC_0027476,nv,follow_up,60.0,male,lower extremity,4589,train
HAM_0002188,ISIC_0032196,nv,follow_up,45.0,male,trunk,4592,train
HAM_0006432,ISIC_0030884,nv,follow_up,45.0,male,back,4593,train
HAM_0002776,ISIC_0026143,nv,follow_up,45.0,male,trunk,4594,train
HAM_0000074,ISIC_0024939,nv,follow_up,45.0,male,trunk,4595,train
HAM_0004652,ISIC_0024583,nv,follow_up,45.0,male,back,4596,train
HAM_0000506,ISIC_0031891,nv,follow_up,55.0,male,abdomen,4598,train
HAM_0005706,ISIC_0027205,nv,follow_up,40.0,female,lower extremity,4599,train
HAM_0006989,ISIC_0028729,nv,follow_up,40.0,female,foot,4600,train
HAM_0001874,ISIC_0024601,nv,follow_up,40.0,female,trunk,4602,train
HAM_0000450,ISIC_0025059,nv,follow_up,40.0,female,lower extremity,4604,train
HAM_0003942,ISIC_0029024,nv,follow_up,45.0,male,abdomen,4606,train
HAM_0000413,ISIC_0024589,nv,follow_up,45.0,male,genital,4608,train
HAM_0003854,ISIC_0031655,nv,follow_up,45.0,male,lower extremity,4609,train
HAM_0006422,ISIC_0030368,nv,follow_up,45.0,male,lower extremity,4611,train
HAM_0004728,ISIC_0026779,nv,follow_up,45.0,male,trunk,4612,train
HAM_0006650,ISIC_0032502,nv,follow_up,50.0,female,ear,4614,train
HAM_0000096,ISIC_0029071,nv,follow_up,50.0,female,trunk,4615,train
HAM_0000725,ISIC_0027349,nv,follow_up,50.0,female,abdomen,4616,train
HAM_0001854,ISIC_0027013,nv,follow_up,35.0,female,trunk,4617,train
HAM_0004166,ISIC_0028313,nv,follow_up,45.0,male,back,4619,train
HAM_0005344,ISIC_0029383,nv,follow_up,45.0,male,upper extremity,4620,train
HAM_0003096,ISIC_0031793,nv,follow_up,45.0,male,lower extremity,4621,train
HAM_0006710,ISIC_0028324,nv,follow_up,45.0,male,trunk,4622,train
HAM_0005839,ISIC_0027366,nv,follow_up,45.0,male,back,4623,train
HAM_0002977,ISIC_0025629,nv,follow_up,45.0,male,trunk,4624,train
HAM_0006446,ISIC_0025591,nv,follow_up,60.0,male,trunk,4627,train
HAM_0006314,ISIC_0029532,nv,follow_up,60.0,male,trunk,4628,train
HAM_0002440,ISIC_0029723,nv,follow_up,50.0,male,trunk,4629,train
HAM_0005032,ISIC_0027376,nv,follow_up,45.0,male,abdomen,4630,train
HAM_0004465,ISIC_0024500,nv,follow_up,45.0,male,abdomen,4631,train
HAM_0007132,ISIC_0029621,nv,follow_up,45.0,male,abdomen,4632,train
HAM_0006894,ISIC_0029503,nv,follow_up,45.0,male,back,4633,train
HAM_0002762,ISIC_0029458,nv,follow_up,45.0,male,trunk,4634,train
HAM_0007389,ISIC_0029090,nv,follow_up,45.0,male,trunk,4636,train
HAM_0006986,ISIC_0025071,nv,follow_up,45.0,male,back,4637,train
HAM_0006761,ISIC_0029866,nv,follow_up,45.0,male,foot,4638,train
HAM_0002453,ISIC_0029921,nv,follow_up,30.0,male,abdomen,4639,train
HAM_0002667,ISIC_0024388,nv,follow_up,30.0,male,trunk,4640,train
HAM_0006248,ISIC_0030087,nv,follow_up,60.0,male,abdomen,4642,train
HAM_0005929,ISIC_0026638,nv,follow_up,50.0,female,lower extremity,4643,train
HAM_0002118,ISIC_0028249,nv,follow_up,40.0,female,back,4646,train
HAM_0007068,ISIC_0024866,nv,follow_up,40.0,female,trunk,4647,train
HAM_0002709,ISIC_0025773,nv,follow_up,70.0,male,trunk,4650,train
HAM_0006354,ISIC_0032137,nv,follow_up,70.0,male,upper extremity,4651,train
HAM_0001932,ISIC_0031082,nv,follow_up,70.0,male,genital,4652,train
HAM_0003638,ISIC_0031492,nv,follow_up,70.0,male,trunk,4653,train
HAM_0003331,ISIC_0027035,nv,follow_up,70.0,male,back,4655,train
HAM_0000370,ISIC_0025998,nv,follow_up,70.0,male,trunk,4658,train
HAM_0007154,ISIC_0024719,nv,follow_up,70.0,male,upper extremity,4659,train
HAM_0002608,ISIC_0026484,nv,follow_up,40.0,female,foot,4660,train
HAM_0005472,ISIC_0027173,nv,follow_up,45.0,female,lower extremity,4662,train
HAM_0006534,ISIC_0028778,nv,follow_up,55.0,female,lower extremity,4664,train
HAM_0002304,ISIC_0024648,nv,follow_up,55.0,female,lower extremity,4666,train
HAM_0005458,ISIC_0030584,nv,follow_up,55.0,female,lower extremity,4667,train
HAM_0004059,ISIC_0029399,nv,follow_up,40.0,female,lower extremity,4668,train
HAM_0007215,ISIC_0030294,nv,follow_up,40.0,female,back,4669,train
HAM_0005698,ISIC_0028907,nv,follow_up,40.0,female,abdomen,4673,train
HAM_0006067,ISIC_0028245,nv,follow_up,40.0,female,lower extremity,4674,train
HAM_0001462,ISIC_0026748,nv,follow_up,75.0,male,lower extremity,4675,train
HAM_0002039,ISIC_0029663,nv,follow_up,50.0,female,trunk,4676,train
HAM_0003213,ISIC_0031747,nv,follow_up,50.0,female,trunk,4678,train
HAM_0006519,ISIC_0025258,nv,follow_up,55.0,female,neck,4679,train
HAM_0006336,ISIC_0032117,nv,follow_up,55.0,female,abdomen,4680,train
HAM_0000196,ISIC_0032377,nv,follow_up,55.0,female,lower extremity,4681,train
HAM_0000895,ISIC_0030510,nv,follow_up,55.0,female,lower extremity,4682,train
HAM_0003994,ISIC_0026648,nv,follow_up,55.0,female,lower extremity,4683,train
HAM_0002673,ISIC_0027686,nv,follow_up,55.0,female,lower extremity,4685,train
HAM_0006140,ISIC_0030163,nv,follow_up,55.0,female,foot,4686,train
HAM_0000166,ISIC_0028954,nv,follow_up,55.0,female,lower extremity,4687,train
HAM_0006818,ISIC_0031723,nv,follow_up,55.0,female,lower extremity,4688,train
HAM_0004969,ISIC_0025521,nv,follow_up,55.0,female,lower extremity,4689,train
HAM_0006057,ISIC_0030999,nv,follow_up,55.0,female,lower extremity,4690,train
HAM_0000469,ISIC_0025408,nv,follow_up,50.0,female,abdomen,4692,train
HAM_0005955,ISIC_0024713,nv,follow_up,50.0,female,trunk,4697,train
HAM_0004753,ISIC_0031884,nv,follow_up,50.0,female,back,4698,train
HAM_0004561,ISIC_0024775,nv,follow_up,50.0,female,back,4699,train
HAM_0005133,ISIC_0028409,nv,follow_up,75.0,female,lower extremity,4701,train
HAM_0005771,ISIC_0030799,nv,follow_up,50.0,female,trunk,4703,train
HAM_0000341,ISIC_0031634,nv,follow_up,35.0,female,upper extremity,4706,train
HAM_0003871,ISIC_0031664,nv,follow_up,35.0,female,back,4707,train
HAM_0002420,ISIC_0028796,nv,follow_up,35.0,female,back,4708,train
HAM_0000908,ISIC_0028340,nv,follow_up,75.0,male,lower extremity,4711,train
HAM_0004325,ISIC_0031669,nv,follow_up,75.0,male,lower extremity,4712,train
HAM_0006091,ISIC_0026507,nv,follow_up,75.0,male,trunk,4713,train
HAM_0002496,ISIC_0030861,nv,follow_up,75.0,male,lower extremity,4714,train
HAM_0001481,ISIC_0028363,nv,follow_up,75.0,male,back,4715,train
HAM_0001514,ISIC_0024659,nv,follow_up,60.0,male,trunk,4717,train
HAM_0005050,ISIC_0025949,nv,follow_up,60.0,male,back,4718,train
HAM_0001663,ISIC_0029521,nv,follow_up,50.0,male,trunk,4720,train
HAM_0006378,ISIC_0024735,nv,follow_up,50.0,male,trunk,4721,train
HAM_0004845,ISIC_0026486,nv,follow_up,50.0,male,trunk,4722,train
HAM_0003370,ISIC_0032237,nv,follow_up,50.0,male,lower extremity,4724,train
HAM_0007582,ISIC_0027092,nv,follow_up,50.0,male,lower extremity,4725,train
HAM_0005945,ISIC_0032053,nv,follow_up,50.0,male,lower extremity,4726,train
HAM_0005815,ISIC_0030327,nv,follow_up,40.0,male,lower extremity,4727,train
HAM_0006716,ISIC_0024434,nv,follow_up,40.0,male,abdomen,4729,train
HAM_0001586,ISIC_0030256,nv,follow_up,50.0,female,lower extremity,4732,train
HAM_0003734,ISIC_0029767,nv,follow_up,40.0,male,lower extremity,4733,train
HAM_0003416,ISIC_0030379,nv,follow_up,40.0,male,lower extremity,4734,train
HAM_0006676,ISIC_0026221,nv,follow_up,45.0,male,back,4736,train
HAM_0004123,ISIC_0032216,nv,follow_up,45.0,male,trunk,4738,train
HAM_0000528,ISIC_0028782,nv,follow_up,45.0,male,lower extremity,4740,train
HAM_0002458,ISIC_0026155,nv,follow_up,50.0,male,lower extremity,4747,train
HAM_0004005,ISIC_0032093,nv,follow_up,50.0,male,lower extremity,4748,train
HAM_0005370,ISIC_0025923,nv,follow_up,50.0,male,lower extremity,4750,train
HAM_0006127,ISIC_0032449,nv,follow_up,50.0,male,unknown,4752,train
HAM_0007007,ISIC_0031665,nv,follow_up,50.0,male,lower extremity,4753,train
HAM_0005959,ISIC_0025058,nv,follow_up,25.0,male,back,4754,train
HAM_0004241,ISIC_0024616,nv,follow_up,35.0,male,lower extremity,4755,train
HAM_0001051,ISIC_0024686,nv,follow_up,35.0,male,back,4756,train
HAM_0002700,ISIC_0025011,nv,follow_up,55.0,female,trunk,4758,train
HAM_0006029,ISIC_0025935,nv,follow_up,55.0,female,trunk,4762,train
HAM_0000071,ISIC_0029299,nv,follow_up,55.0,female,back,4763,train
HAM_0005502,ISIC_0029605,nv,follow_up,55.0,female,lower extremity,4764,train
HAM_0000817,ISIC_0025174,nv,follow_up,55.0,female,lower extremity,4765,train
HAM_0007472,ISIC_0027274,nv,follow_up,60.0,male,abdomen,4768,train
HAM_0005899,ISIC_0031767,nv,follow_up,60.0,male,lower extremity,4769,train
HAM_0006762,ISIC_0029467,nv,follow_up,60.0,male,lower extremity,4770,train
HAM_0002630,ISIC_0026257,nv,follow_up,60.0,male,back,4772,train
HAM_0001676,ISIC_0031587,nv,follow_up,60.0,male,upper extremity,4773,train
HAM_0003709,ISIC_0028483,nv,follow_up,55.0,male,lower extremity,4782,train
HAM_0002767,ISIC_0031914,nv,follow_up,55.0,male,upper extremity,4785,train
HAM_0004668,ISIC_0027272,nv,follow_up,45.0,female,lower extremity,4787,train
HAM_0004415,ISIC_0024532,nv,follow_up,40.0,male,abdomen,4790,train
HAM_0005912,ISIC_0027028,nv,follow_up,40.0,male,abdomen,4792,train
HAM_0002252,ISIC_0031227,nv,follow_up,40.0,male,back,4795,train
HAM_0003436,ISIC_0027940,nv,follow_up,40.0,male,back,4796,train
HAM_0000533,ISIC_0026380,nv,follow_up,40.0,male,trunk,4797,train
HAM_0001300,ISIC_0029497,nv,follow_up,40.0,male,upper extremity,4798,train
HAM_0001006,ISIC_0027602,nv,follow_up,40.0,male,trunk,4799,train
HAM_0003834,ISIC_0030398,nv,follow_up,40.0,male,lower extremity,4800,train
HAM_0002068,ISIC_0029710,nv,follow_up,45.0,female,back,4801,train
HAM_0006440,ISIC_0028074,nv,follow_up,40.0,male,foot,4803,train
HAM_0002101,ISIC_0029398,nv,follow_up,35.0,female,upper extremity,4805,train
HAM_0007338,ISIC_0028986,nv,follow_up,65.0,female,trunk,4807,train
HAM_0006471,ISIC_0028187,nv,follow_up,65.0,female,lower extremity,4808,train
HAM_0001672,ISIC_0024398,nv,follow_up,65.0,female,trunk,4809,train
HAM_0001998,ISIC_0032038,nv,follow_up,40.0,female,back,4810,train
HAM_0002163,ISIC_0030250,nv,follow_up,50.0,male,trunk,4812,train
HAM_0004797,ISIC_0024895,nv,follow_up,50.0,female,back,4814,train
HAM_0002399,ISIC_0030330,nv,follow_up,60.0,male,trunk,4815,train
HAM_0000906,ISIC_0026750,nv,follow_up,70.0,male,trunk,4818,train
HAM_0004032,ISIC_0032403,nv,follow_up,50.0,male,lower extremity,4822,train
HAM_0002337,ISIC_0029949,nv,follow_up,55.0,female,trunk,4823,train
HAM_0006096,ISIC_0025190,nv,follow_up,55.0,female,abdomen,4824,train
HAM_0007361,ISIC_0026058,nv,follow_up,55.0,female,trunk,4826,train
HAM_0006690,ISIC_0028942,nv,follow_up,55.0,female,unknown,4828,train
HAM_0007055,ISIC_0031235,nv,follow_up,55.0,female,upper extremity,4832,train
HAM_0005528,ISIC_0028391,nv,follow_up,55.0,female,lower extremity,4833,train
HAM_0002479,ISIC_0029768,nv,follow_up,55.0,female,lower extremity,4834,train
HAM_0001977,ISIC_0029261,nv,follow_up,55.0,female,lower extremity,4835,train
HAM_0000084,ISIC_0028036,nv,follow_up,70.0,male,abdomen,4837,train
HAM_0004950,ISIC_0031878,nv,follow_up,70.0,male,trunk,4838,train
HAM_0004715,ISIC_0030494,nv,follow_up,50.0,female,lower extremity,4840,train
HAM_0000172,ISIC_0027182,nv,follow_up,50.0,female,back,4842,train
HAM_0006952,ISIC_0027543,nv,follow_up,50.0,female,upper extremity,4843,train
HAM_0006713,ISIC_0030527,nv,follow_up,50.0,female,trunk,4845,train
HAM_0002697,ISIC_0028055,nv,follow_up,50.0,female,trunk,4846,train
HAM_0007435,ISIC_0030359,nv,follow_up,50.0,female,upper extremity,4847,train
HAM_0007135,ISIC_0024460,nv,follow_up,50.0,female,neck,4848,train
HAM_0000691,ISIC_0026535,nv,follow_up,50.0,female,upper extremity,4849,train
HAM_0004064,ISIC_0024399,nv,follow_up,50.0,female,back,4850,train
HAM_0003571,ISIC_0026602,nv,follow_up,50.0,female,trunk,4851,train
HAM_0002247,ISIC_0029205,nv,follow_up,50.0,female,back,4853,train
HAM_0003624,ISIC_0025608,nv,follow_up,50.0,female,trunk,4854,train
HAM_0006050,ISIC_0029122,nv,follow_up,65.0,female,back,4855,train
HAM_0000694,ISIC_0032298,nv,follow_up,65.0,female,lower extremity,4857,train
HAM_0006141,ISIC_0024603,nv,follow_up,65.0,female,lower extremity,4859,train
HAM_0003240,ISIC_0026387,nv,follow_up,65.0,female,lower extremity,4860,train
HAM_0000008,ISIC_0029868,nv,follow_up,65.0,male,trunk,4863,train
HAM_0007547,ISIC_0025429,nv,follow_up,65.0,male,abdomen,4864,train
HAM_0004741,ISIC_0031687,nv,follow_up,65.0,male,upper extremity,4866,train
HAM_0004057,ISIC_0026635,nv,follow_up,65.0,male,trunk,4868,train
HAM_0006698,ISIC_0026771,nv,follow_up,65.0,male,lower extremity,4869,train
HAM_0006431,ISIC_0031992,nv,follow_up,65.0,male,lower extremity,4871,train
HAM_0000544,ISIC_0031810,nv,follow_up,65.0,male,lower extremity,4872,train
HAM_0003347,ISIC_0032416,nv,follow_up,55.0,female,lower extremity,4875,train
HAM_0006990,ISIC_0025480,nv,follow_up,55.0,female,lower extremity,4877,train
HAM_0004276,ISIC_0029622,nv,follow_up,40.0,female,genital,4878,train
HAM_0003273,ISIC_0024536,nv,follow_up,40.0,female,neck,4880,train
HAM_0002157,ISIC_0030763,nv,follow_up,30.0,female,trunk,4881,train
HAM_0003160,ISIC_0029587,nv,follow_up,75.0,female,back,4882,train
HAM_0001286,ISIC_0031846,nv,follow_up,75.0,female,lower extremity,4883,train
HAM_0002475,ISIC_0026685,nv,follow_up,70.0,female,foot,4884,train
HAM_0005922,ISIC_0025896,nv,follow_up,60.0,male,abdomen,4885,train
HAM_0000875,ISIC_0031022,nv,follow_up,60.0,male,back,4886,train
HAM_0002937,ISIC_0029478,nv,follow_up,40.0,male,trunk,4887,train
HAM_0005221,ISIC_0029019,nv,follow_up,40.0,male,trunk,4888,train
HAM_0003831,ISIC_0026724,nv,follow_up,40.0,male,abdomen,4890,train
HAM_0000310,ISIC_0032386,nv,follow_up,40.0,male,upper extremity,4891,train
HAM_0001165,ISIC_0030199,nv,follow_up,40.0,male,upper extremity,4892,train
HAM_0004305,ISIC_0026392,nv,follow_up,40.0,male,lower extremity,4893,train
HAM_0006814,ISIC_0032264,nv,follow_up,40.0,male,trunk,4896,train
HAM_0001068,ISIC_0029365,nv,follow_up,40.0,male,lower extremity,4897,train
HAM_0004902,ISIC_0030823,nv,follow_up,40.0,male,trunk,4898,train
HAM_0001089,ISIC_0029941,nv,follow_up,40.0,male,trunk,4899,train
HAM_0002191,ISIC_0028278,nv,follow_up,40.0,male,trunk,4902,train
HAM_0002880,ISIC_0029691,nv,follow_up,50.0,female,trunk,4903,train
HAM_0001674,ISIC_0031551,nv,follow_up,50.0,female,lower extremity,4906,train
HAM_0006598,ISIC_0024508,nv,follow_up,50.0,male,trunk,4908,train
HAM_0007440,ISIC_0029882,nv,follow_up,50.0,male,upper extremity,4909,train
HAM_0002863,ISIC_0024769,nv,follow_up,50.0,male,back,4912,train
HAM_0004446,ISIC_0031862,nv,follow_up,50.0,male,trunk,4914,train
HAM_0000677,ISIC_0025494,nv,follow_up,55.0,male,abdomen,4915,train
HAM_0003565,ISIC_0027289,nv,follow_up,40.0,female,abdomen,4917,train
HAM_0000004,ISIC_0024645,nv,follow_up,40.0,female,back,4918,train
HAM_0003533,ISIC_0030178,nv,follow_up,50.0,male,lower extremity,4919,train
HAM_0006292,ISIC_0029058,nv,follow_up,50.0,male,trunk,4921,train
HAM_0006573,ISIC_0026918,nv,follow_up,50.0,male,trunk,4922,train
HAM_0005940,ISIC_0026331,nv,follow_up,45.0,male,trunk,4928,train
HAM_0000826,ISIC_0027362,nv,follow_up,45.0,male,back,4929,train
HAM_0006051,ISIC_0030475,nv,follow_up,45.0,male,lower extremity,4930,train
HAM_0000610,ISIC_0024689,nv,follow_up,45.0,male,lower extremity,4931,train
HAM_0003719,ISIC_0028046,nv,follow_up,45.0,male,lower extremity,4933,train
HAM_0002522,ISIC_0028382,nv,follow_up,50.0,female,abdomen,4934,train
HAM_0001161,ISIC_0028691,nv,follow_up,50.0,female,abdomen,4936,train
HAM_0002379,ISIC_0026082,nv,follow_up,55.0,female,lower extremity,4937,train
HAM_0000681,ISIC_0032032,nv,follow_up,45.0,female,upper extremity,4941,train
HAM_0006771,ISIC_0030624,nv,follow_up,45.0,female,upper extremity,4942,train
HAM_0005150,ISIC_0028161,nv,follow_up,45.0,female,lower extremity,4943,train
HAM_0002586,ISIC_0025186,nv,follow_up,45.0,female,lower extremity,4946,train
HAM_0000466,ISIC_0027749,nv,follow_up,45.0,female,lower extremity,4947,train
HAM_0000749,ISIC_0029446,nv,follow_up,45.0,female,lower extremity,4948,train
HAM_0004229,ISIC_0029593,nv,follow_up,40.0,male,trunk,4950,train
HAM_0003922,ISIC_0027603,nv,follow_up,40.0,male,lower extremity,4951,train
HAM_0000367,ISIC_0025462,nv,follow_up,45.0,female,trunk,4954,train
HAM_0005039,ISIC_0024320,nv,follow_up,65.0,male,trunk,4957,train
HAM_0002487,ISIC_0032503,nv,follow_up,55.0,female,trunk,4958,train
HAM_0001988,ISIC_0029948,nv,follow_up,35.0,male,back,4960,train
HAM_0002777,ISIC_0030228,nv,follow_up,50.0,female,abdomen,4962,train
HAM_0005189,ISIC_0025762,nv,follow_up,35.0,male,abdomen,4965,train
HAM_0001445,ISIC_0029433,nv,follow_up,35.0,male,trunk,4966,train
HAM_0000811,ISIC_0028470,nv,follow_up,35.0,male,abdomen,4967,train
HAM_0007121,ISIC_0029922,nv,follow_up,35.0,male,back,4970,train
HAM_0001963,ISIC_0025721,nv,follow_up,35.0,male,lower extremity,4971,train
HAM_0004040,ISIC_0029042,nv,follow_up,35.0,male,trunk,4972,train
HAM_0005831,ISIC_0026418,nv,follow_up,50.0,female,trunk,4973,train
HAM_0003201,ISIC_0030386,nv,follow_up,50.0,female,trunk,4975,train
HAM_0001229,ISIC_0032401,nv,follow_up,25.0,female,upper extremity,4976,train
HAM_0002263,ISIC_0030252,nv,follow_up,25.0,female,abdomen,4977,train
HAM_0007605,ISIC_0024699,nv,follow_up,25.0,female,trunk,4980,train
HAM_0006012,ISIC_0029240,nv,follow_up,25.0,female,lower extremity,4981,train
HAM_0001496,ISIC_0028000,nv,follow_up,65.0,female,lower extremity,4983,train
HAM_0001398,ISIC_0027934,nv,follow_up,65.0,female,back,4984,train
HAM_0006866,ISIC_0030713,nv,follow_up,65.0,female,upper extremity,4985,train
HAM_0000481,ISIC_0028634,nv,follow_up,60.0,male,back,4986,train
HAM_0006838,ISIC_0028506,nv,follow_up,60.0,male,trunk,4987,train
HAM_0007473,ISIC_0025858,nv,follow_up,60.0,male,upper extremity,4989,train
HAM_0007217,ISIC_0024844,nv,follow_up,60.0,male,back,4990,train
HAM_0000343,ISIC_0027824,nv,follow_up,60.0,male,lower extremity,4991,train
HAM_0000160,ISIC_0027611,nv,follow_up,25.0,male,upper extremity,4994,train
HAM_0007146,ISIC_0031493,nv,follow_up,60.0,female,back,4995,train
HAM_0004659,ISIC_0027993,nv,follow_up,60.0,female,abdomen,4996,train
HAM_0000399,ISIC_0027599,nv,follow_up,60.0,female,upper extremity,4997,train
HAM_0005928,ISIC_0031574,nv,follow_up,55.0,female,trunk,4999,train
HAM_0004631,ISIC_0032473,nv,follow_up,55.0,female,trunk,5000,train
HAM_0004640,ISIC_0031834,nv,follow_up,55.0,female,lower extremity,5001,train
HAM_0006783,ISIC_0025624,nv,follow_up,55.0,male,trunk,5002,train
HAM_0005494,ISIC_0027161,nv,follow_up,55.0,male,lower extremity,5003,train
HAM_0000989,ISIC_0028070,nv,follow_up,55.0,male,lower extremity,5006,train
HAM_0006647,ISIC_0030895,nv,follow_up,55.0,male,foot,5008,train
HAM_0002085,ISIC_0031336,nv,follow_up,55.0,male,trunk,5009,train
HAM_0000445,ISIC_0032010,nv,follow_up,50.0,female,trunk,5010,train
HAM_0000037,ISIC_0027391,nv,follow_up,45.0,female,abdomen,5011,train
HAM_0004913,ISIC_0025770,nv,follow_up,45.0,female,lower extremity,5012,train
HAM_0003318,ISIC_0031979,nv,follow_up,45.0,female,back,5016,train
HAM_0003731,ISIC_0031680,nv,follow_up,45.0,female,trunk,5017,train
HAM_0001898,ISIC_0026917,nv,follow_up,50.0,female,abdomen,5018,train
HAM_0007353,ISIC_0025207,nv,follow_up,50.0,female,lower extremity,5019,train
HAM_0000371,ISIC_0025395,nv,follow_up,55.0,female,lower extremity,5024,train
HAM_0000493,ISIC_0030304,nv,follow_up,55.0,female,lower extremity,5025,train
HAM_0007412,ISIC_0031949,nv,follow_up,60.0,female,trunk,5030,train
HAM_0004151,ISIC_0028996,nv,follow_up,60.0,female,upper extremity,5031,train
HAM_0003864,ISIC_0029586,nv,follow_up,60.0,female,upper extremity,5032,train
HAM_0007628,ISIC_0027059,nv,follow_up,60.0,female,back,5033,train
HAM_0002816,ISIC_0028405,nv,follow_up,60.0,female,back,5034,train
HAM_0000103,ISIC_0032041,nv,follow_up,60.0,female,lower extremity,5037,train
HAM_0004977,ISIC_0028740,nv,follow_up,65.0,male,upper extremity,5038,train
HAM_0005793,ISIC_0024629,nv,follow_up,65.0,male,trunk,5039,train
HAM_0007185,ISIC_0025189,nv,follow_up,65.0,male,back,5040,train
HAM_0004874,ISIC_0032160,nv,follow_up,65.0,male,upper extremity,5042,train
HAM_0002351,ISIC_0028788,nv,follow_up,65.0,male,trunk,5045,train
HAM_0000414,ISIC_0032451,nv,follow_up,65.0,male,trunk,5046,train
HAM_0005240,ISIC_0030169,nv,follow_up,65.0,male,abdomen,5048,train
HAM_0005868,ISIC_0025845,nv,follow_up,65.0,male,abdomen,5049,train
HAM_0006892,ISIC_0031444,nv,follow_up,65.0,male,upper extremity,5050,train
HAM_0002739,ISIC_0032452,nv,follow_up,65.0,male,upper extremity,5051,train
HAM_0002126,ISIC_0028563,nv,follow_up,65.0,male,lower extremity,5052,train
HAM_0002716,ISIC_0030779,nv,follow_up,65.0,male,lower extremity,5053,train
HAM_0000583,ISIC_0029681,nv,follow_up,65.0,male,trunk,5054,train
HAM_0005567,ISIC_0028485,nv,follow_up,40.0,male,upper extremity,5055,train
HAM_0002627,ISIC_0027014,nv,follow_up,40.0,female,lower extremity,5057,train
HAM_0002694,ISIC_0030100,nv,follow_up,45.0,male,trunk,5059,train
HAM_0006999,ISIC_0027459,nv,follow_up,40.0,male,trunk,5060,train
HAM_0001564,ISIC_0027913,nv,follow_up,40.0,male,foot,5061,train
HAM_0004052,ISIC_0028206,nv,follow_up,45.0,female,hand,5062,train
HAM_0005398,ISIC_0028374,nv,follow_up,45.0,female,lower extremity,5063,train
HAM_0000595,ISIC_0025991,nv,follow_up,45.0,female,lower extremity,5064,train
HAM_0002618,ISIC_0027705,nv,follow_up,35.0,female,lower extremity,5068,train
HAM_0004022,ISIC_0028134,nv,follow_up,35.0,female,lower extremity,5070,train
HAM_0001348,ISIC_0028259,nv,follow_up,35.0,female,upper extremity,5072,train
HAM_0003258,ISIC_0026187,nv,follow_up,35.0,female,upper extremity,5073,train
HAM_0006297,ISIC_0025962,nv,follow_up,35.0,female,lower extremity,5074,train
HAM_0003121,ISIC_0024347,nv,follow_up,25.0,female,upper extremity,5075,train
HAM_0003170,ISIC_0029631,nv,follow_up,50.0,male,trunk,5076,train
HAM_0000389,ISIC_0029754,nv,follow_up,50.0,male,abdomen,5077,train
HAM_0002950,ISIC_0028176,nv,follow_up,50.0,male,trunk,5078,train
HAM_0004175,ISIC_0028806,nv,follow_up,50.0,female,abdomen,5080,train
HAM_0003332,ISIC_0028416,nv,follow_up,50.0,female,lower extremity,5081,train
HAM_0002563,ISIC_0024607,nv,follow_up,50.0,female,lower extremity,5082,train
HAM_0003793,ISIC_0025382,nv,follow_up,50.0,female,back,5083,train
HAM_0000809,ISIC_0030572,nv,follow_up,50.0,female,back,5085,train
HAM_0005803,ISIC_0028717,nv,follow_up,55.0,male,abdomen,5087,train
HAM_0000708,ISIC_0024499,nv,follow_up,55.0,male,lower extremity,5088,train
HAM_0006777,ISIC_0028181,nv,follow_up,55.0,male,back,5089,train
HAM_0006632,ISIC_0026196,nv,follow_up,60.0,female,upper extremity,5091,train
HAM_0007438,ISIC_0028203,nv,follow_up,60.0,female,abdomen,5092,train
HAM_0003897,ISIC_0025853,nv,follow_up,60.0,female,trunk,5093,train
HAM_0003456,ISIC_0025077,nv,follow_up,45.0,female,trunk,5094,train
HAM_0000916,ISIC_0032167,nv,follow_up,45.0,female,abdomen,5095,train
HAM_0004616,ISIC_0030084,nv,follow_up,45.0,female,upper extremity,5096,train
HAM_0003291,ISIC_0029428,nv,follow_up,45.0,female,trunk,5097,train
HAM_0003628,ISIC_0031324,nv,follow_up,45.0,female,trunk,5098,train
HAM_0004689,ISIC_0029158,nv,follow_up,45.0,female,trunk,5099,train
HAM_0005271,ISIC_0025306,nv,follow_up,45.0,female,back,5100,train
HAM_0004238,ISIC_0024903,nv,follow_up,45.0,female,upper extremity,5101,train
HAM_0004931,ISIC_0026428,nv,follow_up,50.0,male,lower extremity,5106,train
HAM_0007231,ISIC_0029114,nv,follow_up,60.0,female,trunk,5107,train
HAM_0000281,ISIC_0030577,nv,follow_up,60.0,female,genital,5108,train
HAM_0003503,ISIC_0027555,nv,follow_up,60.0,female,lower extremity,5110,train
HAM_0004868,ISIC_0031538,nv,follow_up,60.0,female,abdomen,5111,train
HAM_0003626,ISIC_0030288,nv,follow_up,55.0,male,trunk,5115,train
HAM_0001275,ISIC_0025495,nv,follow_up,55.0,male,trunk,5117,train
HAM_0006963,ISIC_0032351,nv,follow_up,55.0,male,trunk,5118,train
HAM_0002229,ISIC_0025423,nv,follow_up,55.0,female,lower extremity,5120,train
HAM_0000147,ISIC_0024993,nv,follow_up,55.0,female,trunk,5121,train
HAM_0007319,ISIC_0029144,nv,follow_up,55.0,female,lower extremity,5122,train
HAM_0006286,ISIC_0027619,nv,follow_up,40.0,male,trunk,5124,train
HAM_0003450,ISIC_0027746,nv,follow_up,40.0,male,trunk,5125,train
HAM_0004045,ISIC_0030939,nv,follow_up,45.0,female,trunk,5128,train
HAM_0001996,ISIC_0031179,nv,follow_up,45.0,female,lower extremity,5129,train
HAM_0003570,ISIC_0024847,nv,follow_up,45.0,female,upper extremity,5130,train
HAM_0000605,ISIC_0030212,nv,follow_up,45.0,female,foot,5131,train
HAM_0006561,ISIC_0026612,nv,follow_up,45.0,female,foot,5132,train
HAM_0006848,ISIC_0031129,nv,follow_up,45.0,female,foot,5133,train
HAM_0002549,ISIC_0030043,nv,follow_up,45.0,female,unknown,5135,train
HAM_0006981,ISIC_0029451,nv,follow_up,45.0,female,foot,5136,train
HAM_0005099,ISIC_0029648,nv,follow_up,45.0,male,abdomen,5138,train
HAM_0006578,ISIC_0030671,nv,follow_up,45.0,male,lower extremity,5139,train
HAM_0005140,ISIC_0026662,nv,follow_up,45.0,male,lower extremity,5140,train
HAM_0002958,ISIC_0026088,nv,follow_up,45.0,male,neck,5141,train
HAM_0004530,ISIC_0030667,nv,follow_up,45.0,male,lower extremity,5142,train
HAM_0000111,ISIC_0024742,nv,follow_up,45.0,male,back,5143,train
HAM_0001595,ISIC_0032127,nv,follow_up,70.0,male,lower extremity,5144,train
HAM_0005416,ISIC_0029136,nv,follow_up,55.0,male,upper extremity,5145,train
HAM_0007363,ISIC_0028013,nv,follow_up,55.0,male,trunk,5146,train
HAM_0004771,ISIC_0024622,nv,follow_up,55.0,male,trunk,5147,train
HAM_0007392,ISIC_0024905,nv,follow_up,55.0,male,abdomen,5148,train
HAM_0003519,ISIC_0026627,nv,follow_up,55.0,male,lower extremity,5151,train
HAM_0003012,ISIC_0029375,nv,follow_up,55.0,male,abdomen,5153,train
HAM_0006582,ISIC_0029487,nv,follow_up,55.0,male,trunk,5154,train
HAM_0006971,ISIC_0025185,nv,follow_up,55.0,male,back,5155,train
HAM_0002593,ISIC_0029935,nv,follow_up,50.0,female,hand,5156,train
HAM_0007056,ISIC_0025750,nv,follow_up,45.0,male,abdomen,5157,train
HAM_0000384,ISIC_0030506,nv,follow_up,35.0,male,trunk,5159,train
HAM_0002669,ISIC_0031994,nv,follow_up,35.0,male,upper extremity,5161,train
HAM_0006275,ISIC_0029186,nv,follow_up,35.0,male,lower extremity,5163,train
HAM_0006985,ISIC_0029131,nv,follow_up,35.0,male,trunk,5165,train
HAM_0004390,ISIC_0031210,nv,follow_up,35.0,male,back,5166,train
HAM_0006518,ISIC_0027618,nv,follow_up,35.0,male,back,5167,train
HAM_0001955,ISIC_0029304,nv,follow_up,35.0,male,trunk,5169,train
HAM_0006068,ISIC_0024591,nv,follow_up,35.0,male,back,5171,train
HAM_0003395,ISIC_0030392,nv,follow_up,35.0,male,lower extremity,5172,train
HAM_0002528,ISIC_0025821,nv,follow_up,35.0,male,upper extremity,5174,train
HAM_0007597,ISIC_0028274,nv,follow_up,50.0,male,back,5176,train
HAM_0001282,ISIC_0028269,nv,follow_up,45.0,female,back,5179,train
HAM_0003154,ISIC_0031075,nv,follow_up,45.0,female,back,5180,train
HAM_0000883,ISIC_0030631,nv,follow_up,50.0,male,abdomen,5181,train
HAM_0001639,ISIC_0026160,nv,follow_up,55.0,female,trunk,5182,train
HAM_0001451,ISIC_0029960,nv,follow_up,55.0,female,trunk,5183,train
HAM_0007246,ISIC_0024764,nv,follow_up,55.0,female,foot,5187,train
HAM_0000081,ISIC_0028072,nv,follow_up,45.0,male,abdomen,5188,train
HAM_0007288,ISIC_0027243,nv,follow_up,45.0,female,trunk,5190,train
HAM_0005615,ISIC_0031067,nv,follow_up,45.0,female,trunk,5191,train
HAM_0004591,ISIC_0027743,nv,follow_up,45.0,female,trunk,5194,train
HAM_0006607,ISIC_0026985,nv,follow_up,70.0,male,abdomen,5196,train
HAM_0002638,ISIC_0028096,nv,follow_up,70.0,male,trunk,5197,train
HAM_0002148,ISIC_0031214,nv,follow_up,70.0,male,back,5198,train
HAM_0006951,ISIC_0030482,nv,follow_up,45.0,male,trunk,5200,train
HAM_0002935,ISIC_0024670,nv,follow_up,45.0,male,trunk,5201,train
HAM_0000409,ISIC_0025829,nv,follow_up,45.0,male,abdomen,5202,train
HAM_0006254,ISIC_0024633,nv,follow_up,45.0,male,lower extremity,5206,train
HAM_0004386,ISIC_0024766,nv,follow_up,45.0,male,upper extremity,5207,train
HAM_0001485,ISIC_0029853,nv,follow_up,45.0,male,back,5209,train
HAM_0001871,ISIC_0030834,nv,follow_up,50.0,female,abdomen,5211,train
HAM_0006948,ISIC_0026463,nv,follow_up,50.0,female,abdomen,5212,train
HAM_0003643,ISIC_0027923,nv,follow_up,50.0,female,back,5215,train
HAM_0001873,ISIC_0029283,nv,follow_up,50.0,female,trunk,5216,train
HAM_0002790,ISIC_0026721,nv,follow_up,50.0,female,trunk,5217,train
HAM_0000197,ISIC_0024889,nv,follow_up,50.0,female,lower extremity,5219,train
HAM_0002883,ISIC_0030071,nv,follow_up,50.0,female,foot,5222,train
HAM_0002125,ISIC_0025502,nv,follow_up,50.0,male,trunk,5223,train
HAM_0001583,ISIC_0025280,nv,follow_up,35.0,female,trunk,5226,train
HAM_0002540,ISIC_0030471,nv,follow_up,35.0,female,lower extremity,5228,train
HAM_0005857,ISIC_0030132,nv,follow_up,60.0,male,trunk,5229,train
HAM_0003763,ISIC_0029709,nv,follow_up,60.0,male,trunk,5232,train
HAM_0006102,ISIC_0032105,nv,follow_up,60.0,male,back,5233,train
HAM_0005063,ISIC_0030419,nv,follow_up,60.0,male,upper extremity,5234,train
HAM_0005399,ISIC_0030474,nv,follow_up,60.0,male,back,5235,train
HAM_0005807,ISIC_0026508,nv,follow_up,60.0,male,lower extremity,5237,train
HAM_0001533,ISIC_0028244,nv,follow_up,50.0,male,lower extremity,5238,train
HAM_0004333,ISIC_0032259,nv,follow_up,50.0,male,trunk,5239,train
HAM_0002251,ISIC_0024438,nv,follow_up,50.0,male,back,5242,train
HAM_0005592,ISIC_0026077,nv,follow_up,50.0,male,foot,5243,train
HAM_0006305,ISIC_0031274,nv,follow_up,75.0,male,abdomen,5244,train
HAM_0000115,ISIC_0030745,nv,follow_up,75.0,male,back,5246,train
HAM_0007626,ISIC_0031300,nv,follow_up,45.0,male,abdomen,5247,train
HAM_0004107,ISIC_0029769,nv,follow_up,40.0,female,trunk,5248,train
HAM_0007414,ISIC_0026434,nv,follow_up,40.0,female,abdomen,5249,train
HAM_0001007,ISIC_0031758,nv,follow_up,40.0,female,lower extremity,5250,train
HAM_0005167,ISIC_0031780,nv,follow_up,40.0,female,abdomen,5251,train
HAM_0001893,ISIC_0025110,nv,follow_up,40.0,female,trunk,5252,train
HAM_0000478,ISIC_0025895,nv,follow_up,40.0,female,upper extremity,5253,train
HAM_0004023,ISIC_0029766,nv,follow_up,40.0,female,lower extremity,5254,train
HAM_0002842,ISIC_0029616,nv,follow_up,45.0,male,lower extremity,5256,train
HAM_0001569,ISIC_0030994,nv,follow_up,45.0,male,back,5257,train
HAM_0002941,ISIC_0031028,nv,follow_up,45.0,male,lower extremity,5258,train
HAM_0005638,ISIC_0030201,nv,follow_up,50.0,female,lower extremity,5264,train
HAM_0007257,ISIC_0025537,nv,follow_up,50.0,female,back,5265,train
HAM_0002114,ISIC_0026504,nv,follow_up,50.0,female,back,5266,train
HAM_0003203,ISIC_0029421,nv,follow_up,50.0,female,trunk,5267,train
HAM_0002996,ISIC_0025496,nv,follow_up,45.0,female,trunk,5268,train
HAM_0003693,ISIC_0030149,nv,follow_up,45.0,female,lower extremity,5269,train
HAM_0003604,ISIC_0028125,nv,follow_up,45.0,female,upper extremity,5270,train
HAM_0001252,ISIC_0026284,nv,follow_up,40.0,male,hand,5271,train
HAM_0004597,ISIC_0027050,nv,follow_up,40.0,male,upper extremity,5275,train
HAM_0001471,ISIC_0031843,nv,follow_up,40.0,male,upper extremity,5276,train
HAM_0000819,ISIC_0027777,nv,follow_up,40.0,male,upper extremity,5277,train
HAM_0002580,ISIC_0031252,nv,follow_up,40.0,male,back,5279,train
HAM_0005277,ISIC_0030750,nv,follow_up,40.0,male,back,5280,train
HAM_0003499,ISIC_0031516,nv,follow_up,40.0,male,trunk,5281,train
HAM_0004764,ISIC_0025270,nv,follow_up,60.0,male,abdomen,5284,train
HAM_0006849,ISIC_0028189,nv,follow_up,60.0,male,back,5287,train
HAM_0001917,ISIC_0030046,nv,follow_up,30.0,female,back,5288,train
HAM_0006773,ISIC_0026680,nv,follow_up,45.0,male,abdomen,5291,train
HAM_0005004,ISIC_0028708,nv,follow_up,45.0,male,upper extremity,5292,train
HAM_0002026,ISIC_0027524,nv,follow_up,40.0,female,neck,5293,train
HAM_0003431,ISIC_0031847,nv,follow_up,40.0,female,abdomen,5294,train
HAM_0001578,ISIC_0031003,nv,follow_up,40.0,female,trunk,5295,train
HAM_0006606,ISIC_0028794,nv,follow_up,50.0,male,lower extremity,5298,train
HAM_0001081,ISIC_0026278,nv,follow_up,50.0,male,trunk,5299,train
HAM_0005897,ISIC_0027511,nv,follow_up,50.0,male,lower extremity,5301,train
HAM_0006717,ISIC_0027890,nv,follow_up,50.0,male,lower extremity,5302,train
HAM_0006455,ISIC_0029690,nv,follow_up,50.0,male,lower extremity,5303,train
HAM_0005357,ISIC_0029981,nv,follow_up,40.0,female,upper extremity,5304,train
HAM_0004729,ISIC_0026198,nv,follow_up,40.0,female,upper extremity,5305,train
HAM_0003134,ISIC_0027001,nv,follow_up,40.0,female,trunk,5309,train
HAM_0001945,ISIC_0026919,nv,follow_up,45.0,female,back,5313,train
HAM_0001199,ISIC_0025802,nv,follow_up,45.0,female,trunk,5314,train
HAM_0007149,ISIC_0025304,nv,follow_up,45.0,female,lower extremity,5315,train
HAM_0007394,ISIC_0030864,nv,follow_up,45.0,female,trunk,5316,train
HAM_0006933,ISIC_0027594,nv,follow_up,45.0,male,back,5318,train
HAM_0000253,ISIC_0030012,nv,follow_up,45.0,male,back,5319,train
HAM_0000663,ISIC_0027761,nv,follow_up,50.0,male,trunk,5320,train
HAM_0006038,ISIC_0029969,nv,follow_up,50.0,male,abdomen,5321,train
HAM_0001182,ISIC_0029361,nv,follow_up,50.0,male,trunk,5322,train
HAM_0004146,ISIC_0027450,nv,follow_up,50.0,male,back,5323,train
HAM_0001628,ISIC_0024810,nv,follow_up,50.0,male,trunk,5324,train
HAM_0005781,ISIC_0024339,nv,follow_up,50.0,male,trunk,5325,train
HAM_0000218,ISIC_0025552,nv,follow_up,50.0,male,trunk,5326,train
HAM_0002992,ISIC_0024627,nv,follow_up,75.0,male,trunk,5327,train
HAM_0003477,ISIC_0029207,nv,follow_up,45.0,female,trunk,5330,train
HAM_0007048,ISIC_0029284,nv,follow_up,45.0,female,abdomen,5331,train
HAM_0003169,ISIC_0028867,nv,follow_up,45.0,female,hand,5332,train
HAM_0005702,ISIC_0030381,nv,follow_up,45.0,female,back,5333,train
HAM_0000732,ISIC_0026183,nv,follow_up,35.0,male,trunk,5336,train
HAM_0003635,ISIC_0024801,nv,follow_up,35.0,male,upper extremity,5337,train
HAM_0002612,ISIC_0031180,nv,follow_up,35.0,male,abdomen,5338,train
HAM_0007105,ISIC_0026616,nv,follow_up,35.0,male,abdomen,5339,train
HAM_0002241,ISIC_0026459,nv,follow_up,35.0,male,lower extremity,5340,train
HAM_0006758,ISIC_0029234,nv,follow_up,35.0,male,lower extremity,5343,train
HAM_0002168,ISIC_0028002,nv,follow_up,35.0,male,back,5345,train
HAM_0003923,ISIC_0025282,nv,follow_up,35.0,male,trunk,5346,train
HAM_0003905,ISIC_0029275,nv,follow_up,35.0,male,upper extremity,5347,train
HAM_0002412,ISIC_0026287,nv,follow_up,35.0,male,lower extremity,5348,train
HAM_0001235,ISIC_0024530,nv,follow_up,35.0,male,lower extremity,5349,train
HAM_0003118,ISIC_0026483,nv,follow_up,65.0,male,abdomen,5350,train
HAM_0002091,ISIC_0025857,nv,follow_up,80.0,male,upper extremity,5356,train
HAM_0006565,ISIC_0027489,nv,follow_up,80.0,male,trunk,5357,train
HAM_0005635,ISIC_0024878,nv,follow_up,80.0,male,trunk,5358,train
HAM_0001585,ISIC_0028697,nv,follow_up,80.0,male,lower extremity,5360,train
HAM_0001756,ISIC_0027484,nv,follow_up,80.0,male,back,5362,train
HAM_0001951,ISIC_0030216,nv,follow_up,80.0,male,abdomen,5364,train
HAM_0007556,ISIC_0028893,nv,follow_up,35.0,male,back,5365,train
HAM_0006175,ISIC_0024954,nv,follow_up,35.0,male,back,5366,train
HAM_0003607,ISIC_0030648,nv,follow_up,35.0,male,upper extremity,5368,train
HAM_0004339,ISIC_0026332,nv,follow_up,75.0,male,lower extremity,5370,train
HAM_0000331,ISIC_0026944,nv,follow_up,75.0,male,trunk,5371,train
HAM_0002499,ISIC_0024600,nv,follow_up,50.0,female,genital,5374,train
HAM_0004693,ISIC_0025283,nv,follow_up,50.0,female,foot,5375,train
HAM_0005796,ISIC_0030078,nv,follow_up,50.0,female,upper extremity,5376,train
HAM_0004598,ISIC_0030345,nv,follow_up,50.0,female,abdomen,5377,train
HAM_0001032,ISIC_0028321,nv,follow_up,55.0,male,abdomen,5380,train
HAM_0002718,ISIC_0024316,nv,follow_up,55.0,male,back,5381,train
HAM_0002885,ISIC_0026386,nv,follow_up,45.0,male,upper extremity,5382,train
HAM_0004488,ISIC_0030601,nv,follow_up,45.0,male,trunk,5383,train
HAM_0000712,ISIC_0028434,nv,follow_up,45.0,male,abdomen,5384,train
HAM_0001724,ISIC_0027386,nv,follow_up,45.0,male,abdomen,5385,train
HAM_0003377,ISIC_0032085,nv,follow_up,55.0,female,back,5386,train
HAM_0007345,ISIC_0028703,nv,follow_up,45.0,female,trunk,5387,train
HAM_0004137,ISIC_0024966,nv,follow_up,45.0,female,abdomen,5389,train
HAM_0005773,ISIC_0031096,nv,follow_up,45.0,female,lower extremity,5390,train
HAM_0004362,ISIC_0031873,nv,follow_up,45.0,female,lower extremity,5391,train
HAM_0006759,ISIC_0030254,nv,follow_up,45.0,female,trunk,5394,train
HAM_0005452,ISIC_0024722,nv,follow_up,65.0,female,upper extremity,5397,train
HAM_0005418,ISIC_0029957,nv,follow_up,65.0,female,upper extremity,5398,train
HAM_0005461,ISIC_0027699,nv,follow_up,65.0,female,lower extremity,5399,train
HAM_0000242,ISIC_0028273,nv,follow_up,20.0,female,neck,5400,train
HAM_0007485,ISIC_0032438,nv,follow_up,45.0,female,lower extremity,5401,train
HAM_0005836,ISIC_0030153,nv,follow_up,45.0,female,neck,5402,train
HAM_0004445,ISIC_0030551,nv,follow_up,60.0,female,lower extremity,5403,train
HAM_0004037,ISIC_0027383,nv,follow_up,75.0,male,lower extremity,5406,train
HAM_0005477,ISIC_0029552,nv,follow_up,75.0,male,lower extremity,5407,train
HAM_0006460,ISIC_0027292,nv,follow_up,75.0,male,trunk,5408,train
HAM_0002590,ISIC_0025010,nv,follow_up,70.0,male,trunk,5409,train
HAM_0005709,ISIC_0028569,nv,follow_up,70.0,male,lower extremity,5412,train
HAM_0004490,ISIC_0031788,nv,follow_up,70.0,male,lower extremity,5413,train
HAM_0005288,ISIC_0026354,nv,follow_up,60.0,male,trunk,5414,train
HAM_0004155,ISIC_0025269,nv,follow_up,60.0,male,abdomen,5415,train
HAM_0002310,ISIC_0025848,nv,follow_up,60.0,male,abdomen,5417,train
HAM_0004493,ISIC_0030325,nv,follow_up,60.0,male,upper extremity,5419,train
HAM_0004875,ISIC_0028268,nv,follow_up,60.0,male,trunk,5420,train
HAM_0005726,ISIC_0026898,nv,follow_up,75.0,male,lower extremity,5424,train
HAM_0001574,ISIC_0031859,nv,follow_up,75.0,male,lower extremity,5425,train
HAM_0001658,ISIC_0030001,nv,follow_up,75.0,male,abdomen,5427,train
HAM_0001660,ISIC_0027078,nv,follow_up,75.0,male,abdomen,5428,train
HAM_0000664,ISIC_0029535,nv,follow_up,60.0,male,abdomen,5430,train
HAM_0004688,ISIC_0032000,nv,follow_up,60.0,male,upper extremity,5431,train
HAM_0006172,ISIC_0024485,nv,follow_up,60.0,male,upper extremity,5433,train
HAM_0006488,ISIC_0031066,nv,follow_up,60.0,male,upper extremity,5434,train
HAM_0007423,ISIC_0025582,nv,follow_up,60.0,male,trunk,5435,train
HAM_0004808,ISIC_0029078,nv,follow_up,60.0,male,trunk,5436,train
HAM_0002932,ISIC_0027841,nv,follow_up,60.0,male,lower extremity,5437,train
HAM_0000738,ISIC_0027443,nv,follow_up,60.0,male,lower extremity,5438,train
HAM_0006890,ISIC_0031983,nv,follow_up,60.0,male,lower extremity,5440,train
HAM_0005595,ISIC_0029180,nv,follow_up,70.0,male,trunk,5442,train
HAM_0000365,ISIC_0026534,nv,follow_up,70.0,male,lower extremity,5443,train
HAM_0001463,ISIC_0028040,nv,follow_up,35.0,male,back,5445,train
HAM_0001784,ISIC_0026450,nv,follow_up,35.0,male,abdomen,5446,train
HAM_0005220,ISIC_0025479,nv,follow_up,35.0,male,back,5447,train
HAM_0004144,ISIC_0027980,nv,follow_up,35.0,male,back,5448,train
HAM_0000447,ISIC_0024817,nv,follow_up,40.0,female,trunk,5454,train
HAM_0007087,ISIC_0031425,nv,follow_up,40.0,female,abdomen,5455,train
HAM_0001426,ISIC_0029154,nv,follow_up,40.0,female,abdomen,5456,train
HAM_0003537,ISIC_0029734,nv,follow_up,40.0,female,lower extremity,5457,train
HAM_0006202,ISIC_0030627,nv,follow_up,40.0,female,lower extremity,5458,train
HAM_0002137,ISIC_0030217,nv,follow_up,45.0,male,upper extremity,5459,train
HAM_0004035,ISIC_0027039,nv,follow_up,45.0,male,lower extremity,5460,train
HAM_0001929,ISIC_0026938,nv,follow_up,45.0,male,trunk,5462,train
HAM_0003645,ISIC_0024390,nv,follow_up,65.0,male,upper extremity,5464,train
HAM_0002156,ISIC_0024802,nv,follow_up,65.0,male,trunk,5465,train
HAM_0004299,ISIC_0031307,nv,follow_up,65.0,male,abdomen,5466,train
HAM_0005151,ISIC_0030992,nv,follow_up,65.0,male,abdomen,5467,train
HAM_0005976,ISIC_0030638,nv,follow_up,65.0,male,abdomen,5468,train
HAM_0005161,ISIC_0030472,nv,follow_up,65.0,male,trunk,5471,train
HAM_0004920,ISIC_0030983,nv,follow_up,65.0,male,back,5472,train
HAM_0006788,ISIC_0026482,nv,follow_up,65.0,male,back,5473,train
HAM_0003658,ISIC_0026379,nv,follow_up,45.0,male,trunk,5475,train
HAM_0007613,ISIC_0024912,nv,follow_up,45.0,male,trunk,5476,train
HAM_0005844,ISIC_0027918,nv,follow_up,45.0,male,foot,5477,train
HAM_0000234,ISIC_0032431,nv,follow_up,65.0,male,abdomen,5478,train
HAM_0006888,ISIC_0026146,nv,follow_up,65.0,male,back,5481,train
HAM_0006282,ISIC_0031772,nv,follow_up,35.0,male,back,5483,train
HAM_0005526,ISIC_0026563,nv,follow_up,35.0,male,back,5484,train
HAM_0006165,ISIC_0029964,nv,follow_up,55.0,female,back,5485,train
HAM_0004755,ISIC_0029151,nv,follow_up,55.0,female,back,5486,train
HAM_0006865,ISIC_0029842,nv,follow_up,55.0,female,lower extremity,5487,train
HAM_0001856,ISIC_0027666,nv,follow_up,50.0,female,trunk,5490,train
HAM_0005916,ISIC_0027556,nv,follow_up,50.0,female,trunk,5491,train
HAM_0001128,ISIC_0029444,nv,follow_up,50.0,female,trunk,5492,train
HAM_0005317,ISIC_0030415,nv,follow_up,50.0,female,abdomen,5493,train
HAM_0000594,ISIC_0029178,nv,follow_up,50.0,female,abdomen,5494,train
HAM_0003268,ISIC_0025572,nv,follow_up,50.0,female,trunk,5496,train
HAM_0000695,ISIC_0025757,nv,follow_up,50.0,female,trunk,5497,train
HAM_0001268,ISIC_0025535,nv,follow_up,50.0,female,lower extremity,5498,train
HAM_0006405,ISIC_0031641,nv,follow_up,35.0,female,trunk,5499,train
HAM_0003124,ISIC_0031512,nv,follow_up,75.0,male,abdomen,5500,train
HAM_0003473,ISIC_0024417,nv,follow_up,75.0,male,trunk,5501,train
HAM_0002893,ISIC_0025037,nv,follow_up,75.0,male,trunk,5502,train
HAM_0001577,ISIC_0029818,nv,follow_up,65.0,male,abdomen,5503,train
HAM_0001779,ISIC_0031439,nv,follow_up,65.0,male,upper extremity,5504,train
HAM_0002272,ISIC_0025371,nv,follow_up,65.0,male,back,5506,train
HAM_0005520,ISIC_0031255,nv,follow_up,65.0,male,back,5507,train
HAM_0003312,ISIC_0030516,nv,follow_up,35.0,female,abdomen,5509,train
HAM_0006113,ISIC_0031696,nv,follow_up,35.0,female,genital,5510,train
HAM_0002920,ISIC_0031205,nv,follow_up,35.0,female,trunk,5511,train
HAM_0007126,ISIC_0027835,nv,follow_up,35.0,female,lower extremity,5513,train
HAM_0001184,ISIC_0028330,nv,follow_up,55.0,male,trunk,5514,train
HAM_0004512,ISIC_0027977,nv,follow_up,55.0,male,abdomen,5517,train
HAM_0000830,ISIC_0030634,nv,follow_up,55.0,male,abdomen,5518,train
HAM_0004666,ISIC_0029165,nv,follow_up,55.0,male,upper extremity,5519,train
HAM_0001204,ISIC_0030185,nv,follow_up,55.0,male,back,5520,train
HAM_0004136,ISIC_0029787,nv,follow_up,55.0,male,back,5521,train
HAM_0000661,ISIC_0025538,nv,follow_up,55.0,male,upper extremity,5522,train
HAM_0003085,ISIC_0027809,nv,follow_up,45.0,female,trunk,5524,train
HAM_0000495,ISIC_0030200,nv,follow_up,50.0,male,trunk,5525,train
HAM_0002315,ISIC_0028312,nv,follow_up,50.0,male,abdomen,5526,train
HAM_0003718,ISIC_0025233,nv,follow_up,50.0,male,lower extremity,5527,train
HAM_0003599,ISIC_0029607,nv,follow_up,50.0,male,lower extremity,5528,train
HAM_0003796,ISIC_0030696,nv,follow_up,50.0,male,trunk,5529,train
HAM_0000804,ISIC_0029863,nv,follow_up,50.0,male,trunk,5530,train
HAM_0000537,ISIC_0027095,nv,follow_up,50.0,male,lower extremity,5531,train
HAM_0002847,ISIC_0024353,nv,follow_up,50.0,male,trunk,5532,train
HAM_0000633,ISIC_0030719,nv,follow_up,50.0,female,trunk,5534,train
HAM_0000173,ISIC_0025026,nv,follow_up,50.0,female,back,5535,train
HAM_0004277,ISIC_0026472,nv,follow_up,50.0,female,trunk,5536,train
HAM_0007382,ISIC_0030030,nv,follow_up,50.0,female,upper extremity,5537,train
HAM_0004294,ISIC_0028153,nv,follow_up,50.0,female,foot,5538,train
HAM_0006095,ISIC_0025933,nv,follow_up,50.0,female,back,5539,train
HAM_0003784,ISIC_0027965,nv,follow_up,50.0,male,back,5540,train
HAM_0003678,ISIC_0026197,nv,follow_up,55.0,female,abdomen,5542,train
HAM_0002813,ISIC_0030751,nv,follow_up,55.0,female,upper extremity,5544,train
HAM_0002449,ISIC_0024391,nv,follow_up,50.0,male,chest,5549,train
HAM_0003855,ISIC_0028801,nv,follow_up,50.0,male,abdomen,5550,train
HAM_0002665,ISIC_0032208,nv,follow_up,50.0,male,abdomen,5553,train
HAM_0004456,ISIC_0026306,nv,follow_up,50.0,male,back,5555,train
HAM_0007256,ISIC_0031480,nv,follow_up,40.0,male,upper extremity,5556,train
HAM_0003153,ISIC_0025565,nv,follow_up,40.0,male,trunk,5560,train
HAM_0006903,ISIC_0031487,nv,follow_up,40.0,male,trunk,5561,train
HAM_0003588,ISIC_0025232,nv,follow_up,40.0,male,upper extremity,5562,train
HAM_0000873,ISIC_0025012,nv,follow_up,40.0,male,upper extremity,5563,train
HAM_0005192,ISIC_0031858,nv,follow_up,40.0,male,lower extremity,5565,train
HAM_0005293,ISIC_0025342,nv,follow_up,40.0,male,hand,5566,train
HAM_0004633,ISIC_0025772,nv,follow_up,45.0,male,lower extremity,5567,train
HAM_0000842,ISIC_0025401,nv,follow_up,45.0,male,lower extremity,5568,train
HAM_0002022,ISIC_0026579,nv,follow_up,45.0,male,back,5569,train
HAM_0001380,ISIC_0031568,nv,follow_up,45.0,male,back,5570,train
HAM_0006640,ISIC_0029551,nv,follow_up,45.0,male,foot,5571,train
HAM_0003898,ISIC_0028713,nv,follow_up,45.0,male,foot,5572,train
HAM_0004266,ISIC_0024483,nv,follow_up,25.0,female,upper extremity,5575,train
HAM_0003065,ISIC_0031879,nv,follow_up,85.0,male,back,5577,train
HAM_0004173,ISIC_0030637,nv,follow_up,85.0,male,trunk,5578,train
HAM_0006167,ISIC_0027845,nv,follow_up,50.0,female,foot,5579,train
HAM_0005286,ISIC_0025999,nv,follow_up,50.0,female,foot,5580,train
HAM_0003557,ISIC_0026973,nv,follow_up,75.0,male,trunk,5582,train
HAM_0001108,ISIC_0027313,nv,follow_up,75.0,male,lower extremity,5583,train
HAM_0003629,ISIC_0024978,nv,follow_up,45.0,male,back,5585,train
HAM_0002520,ISIC_0032177,nv,follow_up,45.0,male,back,5586,train
HAM_0004451,ISIC_0027992,nv,follow_up,55.0,female,trunk,5588,train
HAM_0000056,ISIC_0025725,nv,follow_up,55.0,female,trunk,5589,train
HAM_0005340,ISIC_0031830,nv,follow_up,55.0,female,abdomen,5590,train
HAM_0002801,ISIC_0025889,nv,follow_up,55.0,female,abdomen,5591,train
HAM_0004085,ISIC_0028471,nv,follow_up,55.0,female,abdomen,5592,train
HAM_0002884,ISIC_0028251,nv,follow_up,55.0,female,lower extremity,5594,train
HAM_0001845,ISIC_0026462,nv,follow_up,55.0,female,trunk,5595,train
HAM_0001305,ISIC_0030887,nv,follow_up,55.0,female,trunk,5596,train
HAM_0002175,ISIC_0028369,nv,follow_up,55.0,female,lower extremity,5597,train
HAM_0003890,ISIC_0028940,nv,follow_up,55.0,female,trunk,5598,train
HAM_0002162,ISIC_0030708,nv,follow_up,55.0,female,lower extremity,5599,train
HAM_0002393,ISIC_0026879,nv,follow_up,40.0,male,lower extremity,5602,train
HAM_0001116,ISIC_0028601,nv,follow_up,40.0,male,lower extremity,5604,train
HAM_0002963,ISIC_0032435,nv,follow_up,45.0,male,trunk,5605,train
HAM_0002437,ISIC_0031899,nv,follow_up,55.0,female,lower extremity,5607,train
HAM_0006929,ISIC_0026542,nv,follow_up,55.0,male,trunk,5608,train
HAM_0002852,ISIC_0031530,nv,follow_up,55.0,male,back,5612,train
HAM_0001185,ISIC_0029063,nv,follow_up,55.0,male,trunk,5614,train
HAM_0002727,ISIC_0025459,nv,follow_up,50.0,female,back,5617,train
HAM_0001489,ISIC_0031765,nv,follow_up,50.0,female,foot,5618,train
HAM_0001395,ISIC_0031818,nv,follow_up,50.0,female,foot,5619,train
HAM_0003975,ISIC_0030098,nv,follow_up,40.0,female,lower extremity,5620,train
HAM_0006680,ISIC_0028458,nv,follow_up,40.0,female,back,5622,train
HAM_0007111,ISIC_0025715,nv,follow_up,40.0,female,lower extremity,5625,train
HAM_0006163,ISIC_0030331,nv,follow_up,50.0,male,abdomen,5628,train
HAM_0006704,ISIC_0025464,nv,follow_up,50.0,male,lower extremity,5633,train
HAM_0001681,ISIC_0024651,nv,follow_up,50.0,male,lower extremity,5634,train
HAM_0002248,ISIC_0029011,nv,follow_up,40.0,female,trunk,5637,train
HAM_0001836,ISIC_0030500,nv,follow_up,40.0,female,abdomen,5638,train
HAM_0002077,ISIC_0031936,nv,follow_up,40.0,female,lower extremity,5640,train
HAM_0007136,ISIC_0030563,nv,follow_up,40.0,female,back,5641,train
HAM_0001070,ISIC_0027499,nv,follow_up,40.0,female,trunk,5642,train
HAM_0003861,ISIC_0026951,nv,follow_up,40.0,female,back,5644,train
HAM_0000100,ISIC_0024914,nv,follow_up,45.0,female,lower extremity,5645,train
HAM_0002594,ISIC_0031047,nv,follow_up,45.0,female,upper extremity,5646,train
HAM_0002840,ISIC_0027424,nv,follow_up,45.0,female,back,5651,train
HAM_0001072,ISIC_0026041,nv,follow_up,45.0,female,trunk,5652,train
HAM_0003543,ISIC_0030040,nv,follow_up,45.0,female,lower extremity,5654,train
HAM_0001952,ISIC_0025660,nv,follow_up,45.0,female,trunk,5656,train
HAM_0002829,ISIC_0029134,nv,follow_up,30.0,male,trunk,5658,train
HAM_0003526,ISIC_0027070,nv,follow_up,30.0,male,trunk,5660,train
HAM_0001761,ISIC_0026732,nv,follow_up,30.0,male,abdomen,5661,train
HAM_0003272,ISIC_0027979,nv,follow_up,30.0,male,upper extremity,5662,train
HAM_0004391,ISIC_0030290,nv,follow_up,60.0,male,lower extremity,5664,train
HAM_0005000,ISIC_0031312,nv,follow_up,50.0,male,back,5669,train
HAM_0003070,ISIC_0032323,nv,follow_up,50.0,male,trunk,5670,train
HAM_0000283,ISIC_0025159,nv,follow_up,35.0,female,back,5671,train
HAM_0002036,ISIC_0025739,nv,follow_up,35.0,female,lower extremity,5672,train
HAM_0000285,ISIC_0026925,nv,follow_up,50.0,male,upper extremity,5673,train
HAM_0005583,ISIC_0025574,nv,follow_up,50.0,male,abdomen,5674,train
HAM_0005120,ISIC_0027685,nv,follow_up,50.0,male,foot,5676,train
HAM_0006394,ISIC_0027635,nv,follow_up,50.0,male,foot,5677,train
HAM_0006674,ISIC_0029280,nv,follow_up,45.0,female,trunk,5679,train
HAM_0007330,ISIC_0024521,nv,follow_up,45.0,female,trunk,5680,train
HAM_0003372,ISIC_0028883,nv,follow_up,45.0,female,trunk,5681,train
HAM_0006820,ISIC_0025460,nv,follow_up,45.0,female,lower extremity,5684,train
HAM_0000254,ISIC_0026939,nv,follow_up,45.0,female,trunk,5686,train
HAM_0003204,ISIC_0028564,nv,follow_up,45.0,female,back,5687,train
HAM_0007099,ISIC_0025921,nv,follow_up,45.0,female,lower extremity,5690,train
HAM_0001156,ISIC_0030811,nv,follow_up,45.0,female,trunk,5691,train
HAM_0001293,ISIC_0030062,nv,follow_up,45.0,female,abdomen,5693,train
HAM_0003211,ISIC_0029942,nv,follow_up,45.0,female,lower extremity,5694,train
HAM_0006449,ISIC_0028604,nv,follow_up,45.0,female,back,5695,train
HAM_0004990,ISIC_0028433,nv,follow_up,40.0,male,trunk,5696,train
HAM_0002849,ISIC_0032229,nv,follow_up,80.0,male,back,5699,train
HAM_0002743,ISIC_0030439,nv,follow_up,40.0,male,abdomen,5702,train
HAM_0004220,ISIC_0027787,nv,follow_up,40.0,male,abdomen,5703,train
HAM_0004478,ISIC_0026793,nv,follow_up,40.0,male,abdomen,5704,train
HAM_0004368,ISIC_0030236,nv,follow_up,40.0,male,lower extremity,5706,train
HAM_0005577,ISIC_0028320,nv,follow_up,40.0,male,trunk,5709,train
HAM_0001066,ISIC_0028949,nv,follow_up,40.0,male,lower extremity,5711,train
HAM_0006944,ISIC_0030762,nv,follow_up,50.0,female,abdomen,5713,train
HAM_0001352,ISIC_0029896,nv,follow_up,50.0,female,trunk,5714,train
HAM_0002406,ISIC_0030568,nv,follow_up,50.0,female,upper extremity,5715,train
HAM_0003079,ISIC_0032369,nv,follow_up,50.0,female,upper extremity,5716,train
HAM_0003342,ISIC_0027726,nv,follow_up,60.0,male,upper extremity,5718,train
HAM_0005290,ISIC_0026703,nv,follow_up,65.0,male,trunk,5720,train
HAM_0003915,ISIC_0026850,nv,follow_up,40.0,male,abdomen,5724,train
HAM_0006557,ISIC_0025334,nv,follow_up,50.0,female,trunk,5728,train
HAM_0007400,ISIC_0027329,nv,follow_up,50.0,female,lower extremity,5729,train
HAM_0007375,ISIC_0027233,nv,follow_up,50.0,female,trunk,5730,train
HAM_0003901,ISIC_0026931,nv,follow_up,50.0,female,upper extremity,5731,train
HAM_0005582,ISIC_0030433,nv,follow_up,50.0,female,trunk,5732,train
HAM_0005460,ISIC_0028199,nv,follow_up,50.0,female,lower extremity,5734,train
HAM_0006591,ISIC_0030678,nv,follow_up,40.0,male,abdomen,5735,train
HAM_0000124,ISIC_0025091,nv,follow_up,40.0,male,upper extremity,5737,train
HAM_0003695,ISIC_0025679,nv,follow_up,30.0,male,abdomen,5738,train
HAM_0001768,ISIC_0026019,nv,follow_up,30.0,male,back,5739,train
HAM_0005019,ISIC_0029097,nv,follow_up,30.0,male,lower extremity,5741,train
HAM_0006930,ISIC_0027818,nv,follow_up,45.0,female,abdomen,5746,train
HAM_0006984,ISIC_0026894,nv,follow_up,45.0,female,abdomen,5747,train
HAM_0001375,ISIC_0026238,nv,follow_up,45.0,female,trunk,5749,train
HAM_0002674,ISIC_0029646,nv,follow_up,20.0,female,back,5750,train
HAM_0004401,ISIC_0027817,nv,follow_up,40.0,female,genital,5752,train
HAM_0007084,ISIC_0025315,nv,follow_up,40.0,female,back,5753,train
HAM_0004335,ISIC_0025187,nv,follow_up,60.0,female,back,5755,train
HAM_0001013,ISIC_0031533,nv,follow_up,75.0,male,lower extremity,5756,train
HAM_0004700,ISIC_0024727,nv,follow_up,75.0,male,trunk,5757,train
HAM_0007576,ISIC_0027115,nv,follow_up,45.0,male,trunk,5758,train
HAM_0000416,ISIC_0028162,nv,follow_up,45.0,female,back,5761,train
HAM_0005630,ISIC_0025864,nv,follow_up,45.0,female,lower extremity,5763,train
HAM_0005394,ISIC_0026903,nv,follow_up,60.0,female,trunk,5764,train
HAM_0003319,ISIC_0026033,nv,follow_up,60.0,female,lower extremity,5765,train
HAM_0002352,ISIC_0032319,nv,follow_up,60.0,female,back,5767,train
HAM_0000635,ISIC_0028663,nv,follow_up,60.0,female,lower extremity,5768,train
HAM_0003702,ISIC_0029800,nv,follow_up,35.0,male,abdomen,5769,train
HAM_0004452,ISIC_0027381,nv,follow_up,35.0,male,trunk,5771,train
HAM_0001124,ISIC_0026587,nv,follow_up,50.0,female,abdomen,5772,train
HAM_0000560,ISIC_0031509,nv,follow_up,50.0,female,trunk,5774,train
HAM_0001255,ISIC_0030948,nv,follow_up,50.0,female,trunk,5775,train
HAM_0007287,ISIC_0027413,nv,follow_up,50.0,female,trunk,5776,train
HAM_0007279,ISIC_0025405,nv,follow_up,50.0,female,back,5777,train
HAM_0005549,ISIC_0028802,nv,follow_up,50.0,female,trunk,5778,train
HAM_0000848,ISIC_0026294,nv,follow_up,50.0,female,trunk,5779,train
HAM_0004740,ISIC_0024992,nv,follow_up,40.0,male,abdomen,5780,train
HAM_0002468,ISIC_0028018,nv,follow_up,40.0,male,back,5782,train
HAM_0003163,ISIC_0029327,nv,follow_up,70.0,female,trunk,5783,train
HAM_0006487,ISIC_0028617,nv,follow_up,70.0,female,lower extremity,5785,train
HAM_0003270,ISIC_0025764,nv,follow_up,35.0,male,back,5786,train
HAM_0005437,ISIC_0030029,nv,follow_up,45.0,male,foot,5788,train
HAM_0000860,ISIC_0029796,nv,follow_up,45.0,male,upper extremity,5792,train
HAM_0003239,ISIC_0024533,nv,follow_up,45.0,male,hand,5794,train
HAM_0004312,ISIC_0031768,nv,follow_up,45.0,male,foot,5796,train
HAM_0005043,ISIC_0025004,nv,follow_up,35.0,male,back,5797,train
HAM_0004906,ISIC_0028522,nv,follow_up,35.0,male,lower extremity,5798,train
HAM_0007269,ISIC_0024430,nv,follow_up,35.0,male,lower extremity,5799,train
HAM_0007487,ISIC_0030097,nv,follow_up,35.0,male,lower extremity,5800,train
HAM_0005238,ISIC_0030393,nv,follow_up,50.0,male,trunk,5801,train
HAM_0005744,ISIC_0025880,nv,follow_up,50.0,male,abdomen,5802,train
HAM_0000939,ISIC_0028620,nv,follow_up,35.0,female,trunk,5803,train
HAM_0001560,ISIC_0026181,nv,follow_up,35.0,female,back,5805,train
HAM_0004449,ISIC_0032332,nv,follow_up,35.0,female,lower extremity,5806,train
HAM_0004961,ISIC_0025705,nv,follow_up,55.0,female,back,5809,train
HAM_0004357,ISIC_0027985,nv,follow_up,55.0,female,foot,5810,train
HAM_0000162,ISIC_0026609,nv,follow_up,40.0,female,back,5811,train
HAM_0007482,ISIC_0030004,nv,follow_up,65.0,male,trunk,5816,train
HAM_0003591,ISIC_0025788,nv,follow_up,65.0,male,back,5817,train
HAM_0004955,ISIC_0027128,nv,follow_up,45.0,male,trunk,5820,train
HAM_0000638,ISIC_0029887,nv,follow_up,45.0,male,trunk,5821,train
HAM_0006089,ISIC_0031316,nv,follow_up,45.0,male,upper extremity,5823,train
HAM_0004018,ISIC_0028112,nv,follow_up,50.0,male,abdomen,5829,train
HAM_0001092,ISIC_0031962,nv,follow_up,50.0,male,lower extremity,5831,train
HAM_0002090,ISIC_0032299,nv,follow_up,50.0,male,lower extremity,5832,train
HAM_0005205,ISIC_0027581,nv,follow_up,35.0,female,foot,5833,train
HAM_0000980,ISIC_0028627,nv,follow_up,45.0,male,lower extremity,5835,train
HAM_0007318,ISIC_0029005,nv,follow_up,45.0,male,trunk,5838,train
HAM_0006639,ISIC_0028733,nv,follow_up,45.0,male,lower extremity,5840,train
HAM_0002807,ISIC_0025050,nv,follow_up,45.0,male,trunk,5841,train
HAM_0006705,ISIC_0024840,nv,follow_up,45.0,male,abdomen,5842,train
HAM_0003655,ISIC_0031305,nv,follow_up,45.0,male,abdomen,5843,train
HAM_0000400,ISIC_0031414,nv,follow_up,45.0,male,upper extremity,5844,train
HAM_0004295,ISIC_0029292,nv,follow_up,45.0,male,lower extremity,5845,train
HAM_0000538,ISIC_0030650,nv,follow_up,45.0,male,lower extremity,5847,train
HAM_0007134,ISIC_0026394,nv,follow_up,60.0,male,abdomen,5848,train
HAM_0001859,ISIC_0029565,nv,follow_up,60.0,male,lower extremity,5852,train
HAM_0005222,ISIC_0026636,nv,follow_up,70.0,male,back,5856,train
HAM_0003297,ISIC_0024373,nv,follow_up,60.0,male,abdomen,5858,train
HAM_0005164,ISIC_0028837,nv,follow_up,60.0,male,trunk,5860,train
HAM_0003858,ISIC_0031356,nv,follow_up,50.0,female,trunk,5862,train
HAM_0005311,ISIC_0025556,nv,follow_up,50.0,female,abdomen,5863,train
HAM_0005943,ISIC_0032033,nv,follow_up,50.0,female,trunk,5866,train
HAM_0000914,ISIC_0025995,nv,follow_up,35.0,female,trunk,5868,train
HAM_0002663,ISIC_0030720,nv,follow_up,35.0,female,trunk,5869,train
HAM_0006341,ISIC_0024681,nv,follow_up,35.0,female,trunk,5870,train
HAM_0000098,ISIC_0029716,nv,follow_up,35.0,female,back,5871,train
HAM_0007140,ISIC_0026345,nv,follow_up,35.0,female,trunk,5872,train
HAM_0005646,ISIC_0029753,nv,follow_up,55.0,female,upper extremity,5874,train
HAM_0005543,ISIC_0024444,nv,follow_up,55.0,female,lower extremity,5875,train
HAM_0000774,ISIC_0029707,nv,follow_up,55.0,female,lower extremity,5876,train
HAM_0006499,ISIC_0031027,nv,follow_up,40.0,female,abdomen,5877,train
HAM_0004112,ISIC_0030363,nv,follow_up,40.0,female,lower extremity,5878,train
HAM_0006402,ISIC_0025602,nv,follow_up,40.0,female,lower extremity,5879,train
HAM_0003228,ISIC_0027369,nv,follow_up,40.0,female,lower extremity,5880,train
HAM_0006164,ISIC_0024385,nv,follow_up,40.0,female,lower extremity,5881,train
HAM_0000656,ISIC_0027096,nv,follow_up,50.0,male,abdomen,5882,train
HAM_0007486,ISIC_0031500,nv,follow_up,50.0,male,trunk,5883,train
HAM_0001271,ISIC_0030949,nv,follow_up,50.0,male,trunk,5884,train
HAM_0006365,ISIC_0028296,nv,follow_up,80.0,male,lower extremity,5885,train
HAM_0001382,ISIC_0028922,nv,follow_up,80.0,male,lower extremity,5886,train
HAM_0002442,ISIC_0026325,nv,follow_up,50.0,male,trunk,5890,train
HAM_0004460,ISIC_0028784,nv,follow_up,65.0,female,lower extremity,5891,train
HAM_0003959,ISIC_0029314,nv,follow_up,50.0,male,trunk,5892,train
HAM_0005832,ISIC_0027286,nv,follow_up,75.0,male,abdomen,5893,train
HAM_0000599,ISIC_0026543,nv,follow_up,75.0,male,back,5894,train
HAM_0002214,ISIC_0027465,nv,follow_up,75.0,male,trunk,5895,train
HAM_0004944,ISIC_0030559,nv,follow_up,75.0,male,trunk,5897,train
HAM_0001225,ISIC_0025977,nv,follow_up,25.0,female,trunk,5898,train
HAM_0006486,ISIC_0026880,nv,follow_up,25.0,female,lower extremity,5899,train
HAM_0007115,ISIC_0029584,nv,follow_up,25.0,female,trunk,5900,train
HAM_0005570,ISIC_0032440,nv,follow_up,25.0,female,back,5901,train
HAM_0007347,ISIC_0031054,nv,follow_up,25.0,female,trunk,5902,train
HAM_0003572,ISIC_0029817,nv,follow_up,25.0,female,back,5903,train
HAM_0000246,ISIC_0027079,nv,follow_up,25.0,female,upper extremity,5906,train
HAM_0003232,ISIC_0032448,nv,follow_up,25.0,female,upper extremity,5907,train
HAM_0001664,ISIC_0025217,nv,follow_up,50.0,male,back,5908,train
HAM_0001374,ISIC_0029946,nv,follow_up,50.0,male,upper extremity,5909,train
HAM_0001360,ISIC_0029965,nv,follow_up,45.0,female,hand,5912,train
HAM_0001709,ISIC_0030364,nv,follow_up,45.0,female,back,5913,train
HAM_0003196,ISIC_0025475,nv,follow_up,45.0,female,lower extremity,5914,train
HAM_0004541,ISIC_0028838,nv,follow_up,65.0,male,trunk,5916,train
HAM_0002183,ISIC_0031912,nv,follow_up,65.0,male,back,5919,train
HAM_0002805,ISIC_0031722,nv,follow_up,50.0,male,trunk,5921,train
HAM_0004509,ISIC_0028028,nv,follow_up,45.0,male,trunk,5922,train
HAM_0005114,ISIC_0028038,nv,follow_up,45.0,male,lower extremity,5923,train
HAM_0000085,ISIC_0028421,nv,follow_up,45.0,male,lower extremity,5924,train
HAM_0003266,ISIC_0029468,nv,follow_up,30.0,male,abdomen,5925,train
HAM_0006134,ISIC_0030622,nv,follow_up,30.0,male,trunk,5927,train
HAM_0002680,ISIC_0031315,nv,follow_up,30.0,male,hand,5928,train
HAM_0001937,ISIC_0032432,nv,follow_up,30.0,male,genital,5929,train
HAM_0000753,ISIC_0031224,nv,follow_up,50.0,female,lower extremity,5933,train
HAM_0004734,ISIC_0026396,nv,follow_up,50.0,female,trunk,5935,train
HAM_0004731,ISIC_0031248,nv,follow_up,50.0,female,upper extremity,5936,train
HAM_0001050,ISIC_0030317,nv,follow_up,50.0,female,upper extremity,5937,train
HAM_0000046,ISIC_0024631,nv,follow_up,50.0,female,upper extremity,5940,train
HAM_0007407,ISIC_0026161,nv,follow_up,50.0,female,trunk,5942,train
HAM_0002837,ISIC_0025859,nv,follow_up,50.0,female,back,5943,train
HAM_0007006,ISIC_0025497,nv,follow_up,50.0,female,upper extremity,5944,train
HAM_0006880,ISIC_0029672,nv,follow_up,60.0,male,trunk,5945,train
HAM_0004361,ISIC_0030515,nv,follow_up,45.0,male,foot,5946,train
HAM_0001557,ISIC_0029939,nv,follow_up,45.0,male,neck,5947,train
HAM_0001864,ISIC_0030111,nv,follow_up,45.0,male,abdomen,5950,train
HAM_0006209,ISIC_0028626,nv,follow_up,45.0,male,abdomen,5951,train
HAM_0005486,ISIC_0024565,nv,follow_up,45.0,male,lower extremity,5952,train
HAM_0003889,ISIC_0026005,nv,follow_up,45.0,male,back,5953,train
HAM_0007344,ISIC_0029461,nv,follow_up,45.0,male,foot,5955,train
HAM_0000600,ISIC_0028311,nv,follow_up,45.0,male,foot,5956,train
HAM_0006943,ISIC_0027336,nv,follow_up,55.0,male,lower extremity,5957,train
HAM_0002065,ISIC_0028776,nv,follow_up,55.0,male,lower extremity,5958,train
HAM_0003528,ISIC_0028575,nv,follow_up,55.0,male,trunk,5959,train
HAM_0004459,ISIC_0029971,nv,follow_up,55.0,male,back,5960,train
HAM_0004907,ISIC_0026001,nv,follow_up,55.0,male,trunk,5961,train
HAM_0003006,ISIC_0032097,nv,follow_up,55.0,male,back,5962,train
HAM_0001602,ISIC_0032458,nv,follow_up,55.0,male,trunk,5964,train
HAM_0001132,ISIC_0031562,nv,follow_up,40.0,male,trunk,5965,train
HAM_0000130,ISIC_0025727,nv,follow_up,40.0,male,trunk,5966,train
HAM_0003573,ISIC_0026447,nv,follow_up,40.0,male,lower extremity,5968,train
HAM_0007218,ISIC_0025006,nv,follow_up,40.0,male,back,5969,train
HAM_0005618,ISIC_0027280,nv,follow_up,40.0,male,foot,5971,train
HAM_0006179,ISIC_0030662,nv,follow_up,40.0,male,foot,5972,train
HAM_0005451,ISIC_0029643,nv,follow_up,35.0,female,lower extremity,5973,train
HAM_0004110,ISIC_0030195,nv,follow_up,35.0,female,lower extremity,5974,train
HAM_0005081,ISIC_0029326,nv,follow_up,30.0,male,abdomen,5978,train
HAM_0007309,ISIC_0025151,nv,follow_up,30.0,male,abdomen,5979,train
HAM_0004313,ISIC_0026924,nv,follow_up,50.0,female,abdomen,5981,train
HAM_0004837,ISIC_0030735,nv,follow_up,50.0,female,lower extremity,5983,train
HAM_0006928,ISIC_0028097,nv,follow_up,55.0,male,trunk,5984,train
HAM_0000737,ISIC_0030353,nv,follow_up,55.0,male,abdomen,5986,train
HAM_0004658,ISIC_0031478,nv,follow_up,55.0,male,abdomen,5988,train
HAM_0000480,ISIC_0031952,nv,follow_up,55.0,male,lower extremity,5989,train
HAM_0007458,ISIC_0030266,nv,follow_up,55.0,male,lower extremity,5991,train
HAM_0007517,ISIC_0032172,nv,follow_up,55.0,male,lower extremity,5993,train
HAM_0001825,ISIC_0029673,nv,follow_up,55.0,male,lower extremity,5994,train
HAM_0007174,ISIC_0031052,nv,follow_up,55.0,male,abdomen,5995,train
HAM_0005202,ISIC_0028974,nv,follow_up,55.0,male,abdomen,5996,train
HAM_0006452,ISIC_0030424,nv,follow_up,55.0,male,abdomen,5997,train
HAM_0007267,ISIC_0031441,nv,follow_up,55.0,male,trunk,5998,train
HAM_0005441,ISIC_0031804,nv,follow_up,55.0,male,back,6000,train
HAM_0004911,ISIC_0030860,nv,follow_up,55.0,male,lower extremity,6001,train
HAM_0003471,ISIC_0025284,nv,follow_up,75.0,male,trunk,6004,train
HAM_0001146,ISIC_0032480,nv,follow_up,75.0,male,trunk,6005,train
HAM_0007143,ISIC_0028841,nv,follow_up,50.0,male,upper extremity,6006,train
HAM_0003720,ISIC_0029250,nv,follow_up,50.0,male,trunk,6008,train
HAM_0000862,ISIC_0030724,nv,follow_up,50.0,male,back,6010,train
HAM_0003391,ISIC_0030025,nv,follow_up,50.0,male,trunk,6011,train
HAM_0005473,ISIC_0026050,nv,follow_up,50.0,male,back,6012,train
HAM_0002870,ISIC_0027267,nv,follow_up,50.0,male,trunk,6013,train
HAM_0004959,ISIC_0028262,nv,follow_up,50.0,male,lower extremity,6014,train
HAM_0006714,ISIC_0029850,nv,follow_up,60.0,female,abdomen,6017,train
HAM_0001044,ISIC_0027322,nv,follow_up,60.0,female,trunk,6018,train
HAM_0001650,ISIC_0030024,nv,follow_up,40.0,male,trunk,6020,train
HAM_0005941,ISIC_0029295,nv,follow_up,40.0,male,abdomen,6021,train
HAM_0002964,ISIC_0024927,nv,follow_up,40.0,male,lower extremity,6022,train
HAM_0003333,ISIC_0028379,nv,follow_up,35.0,female,back,6023,train
HAM_0006015,ISIC_0025294,nv,follow_up,35.0,female,back,6024,train
HAM_0001080,ISIC_0028762,nv,follow_up,35.0,female,back,6025,train
HAM_0005233,ISIC_0026289,nv,follow_up,35.0,female,trunk,6026,train
HAM_0001333,ISIC_0028948,nv,follow_up,35.0,female,trunk,6028,train
HAM_0002098,ISIC_0030218,nv,follow_up,35.0,female,face,6030,train
HAM_0006476,ISIC_0031877,nv,follow_up,45.0,male,back,6032,train
HAM_0004610,ISIC_0025042,nv,follow_up,45.0,male,trunk,6033,train
HAM_0006589,ISIC_0031187,nv,follow_up,40.0,male,trunk,6034,train
HAM_0007034,ISIC_0029529,nv,follow_up,40.0,male,trunk,6035,train
HAM_0000890,ISIC_0029185,nv,follow_up,40.0,male,abdomen,6036,train
HAM_0005667,ISIC_0032394,nv,follow_up,40.0,male,back,6037,train
HAM_0005999,ISIC_0030958,nv,follow_up,50.0,female,foot,6038,train
HAM_0003870,ISIC_0024852,nv,follow_up,70.0,male,trunk,6041,train
HAM_0001521,ISIC_0031860,nv,follow_up,40.0,male,foot,6042,train
HAM_0000035,ISIC_0028039,nv,follow_up,20.0,male,foot,6043,train
HAM_0000800,ISIC_0028852,nv,follow_up,20.0,male,abdomen,6044,train
HAM_0001295,ISIC_0024703,nv,follow_up,20.0,male,lower extremity,6045,train
HAM_0005948,ISIC_0029761,nv,follow_up,20.0,male,lower extremity,6046,train
HAM_0002860,ISIC_0030027,nv,follow_up,20.0,male,lower extremity,6047,train
HAM_0006392,ISIC_0028064,nv,follow_up,20.0,male,lower extremity,6048,train
HAM_0002246,ISIC_0030702,nv,follow_up,20.0,male,trunk,6050,train
HAM_0002178,ISIC_0024401,nv,follow_up,25.0,female,lower extremity,6056,train
HAM_0000820,ISIC_0028835,nv,follow_up,25.0,female,trunk,6057,train
HAM_0002811,ISIC_0030632,nv,follow_up,35.0,female,abdomen,6065,train
HAM_0000628,ISIC_0024567,nv,follow_up,35.0,female,lower extremity,6066,train
HAM_0001581,ISIC_0027288,nv,follow_up,35.0,female,upper extremity,6067,train
HAM_0007304,ISIC_0027196,nv,follow_up,35.0,female,trunk,6068,train
HAM_0004978,ISIC_0032101,nv,follow_up,35.0,female,lower extremity,6069,train
HAM_0002621,ISIC_0028047,nv,follow_up,35.0,female,lower extremity,6071,train
HAM_0003336,ISIC_0030298,nv,follow_up,35.0,female,lower extremity,6072,train
HAM_0006749,ISIC_0029198,nv,follow_up,65.0,female,trunk,6073,train
HAM_0007595,ISIC_0025288,nv,follow_up,65.0,female,abdomen,6075,train
HAM_0005977,ISIC_0028396,nv,follow_up,65.0,female,trunk,6076,train
HAM_0003621,ISIC_0030048,nv,follow_up,30.0,male,abdomen,6080,train
HAM_0000575,ISIC_0029936,nv,follow_up,30.0,male,back,6081,train
HAM_0003404,ISIC_0029797,nv,follow_up,35.0,male,upper extremity,6086,train
HAM_0006784,ISIC_0025486,nv,follow_up,50.0,female,trunk,6088,train
HAM_0007292,ISIC_0031626,nv,follow_up,45.0,male,trunk,6094,train
HAM_0005944,ISIC_0030850,nv,follow_up,45.0,male,abdomen,6095,train
HAM_0006256,ISIC_0027624,nv,follow_up,45.0,male,lower extremity,6097,train
HAM_0000436,ISIC_0026547,nv,follow_up,45.0,male,trunk,6098,train
HAM_0005089,ISIC_0025673,nv,follow_up,45.0,male,upper extremity,6099,train
HAM_0000515,ISIC_0029737,nv,follow_up,45.0,male,trunk,6100,train
HAM_0002297,ISIC_0026095,nv,follow_up,45.0,female,trunk,6103,train
HAM_0002707,ISIC_0030628,nv,follow_up,45.0,female,trunk,6104,train
HAM_0007399,ISIC_0027445,nv,follow_up,45.0,female,trunk,6105,train
HAM_0000568,ISIC_0026990,nv,follow_up,45.0,female,trunk,6106,train
HAM_0005138,ISIC_0027207,nv,follow_up,45.0,female,trunk,6108,train
HAM_0000156,ISIC_0025643,nv,follow_up,45.0,female,abdomen,6109,train
HAM_0005105,ISIC_0027377,nv,follow_up,45.0,female,lower extremity,6110,train
HAM_0006495,ISIC_0025215,nv,follow_up,45.0,female,trunk,6111,train
HAM_0003955,ISIC_0026250,nv,follow_up,45.0,female,trunk,6112,train
HAM_0002435,ISIC_0028366,nv,follow_up,45.0,female,lower extremity,6113,train
HAM_0000756,ISIC_0025279,nv,follow_up,45.0,female,lower extremity,6115,train
HAM_0002222,ISIC_0025021,nv,follow_up,40.0,male,abdomen,6116,train
HAM_0006555,ISIC_0030405,nv,follow_up,40.0,male,genital,6117,train
HAM_0006331,ISIC_0029229,nv,follow_up,40.0,male,back,6118,train
HAM_0002001,ISIC_0030595,nv,follow_up,40.0,male,lower extremity,6119,train
HAM_0003474,ISIC_0025212,nv,follow_up,40.0,male,trunk,6121,train
HAM_0004385,ISIC_0026310,nv,follow_up,40.0,male,abdomen,6122,train
HAM_0001179,ISIC_0029928,nv,follow_up,40.0,male,back,6123,train
HAM_0001527,ISIC_0026767,nv,follow_up,40.0,male,lower extremity,6124,train
HAM_0001823,ISIC_0027882,nv,follow_up,40.0,male,back,6125,train
HAM_0003903,ISIC_0028536,nv,follow_up,40.0,male,trunk,6126,train
HAM_0007403,ISIC_0025440,nv,follow_up,40.0,male,lower extremity,6127,train
HAM_0000570,ISIC_0027404,nv,follow_up,35.0,male,abdomen,6129,train
HAM_0001685,ISIC_0027516,nv,follow_up,35.0,male,trunk,6131,train
HAM_0006264,ISIC_0024350,nv,follow_up,35.0,male,lower extremity,6132,train
HAM_0000404,ISIC_0031241,nv,follow_up,35.0,male,foot,6133,train
HAM_0001646,ISIC_0029908,nv,follow_up,50.0,female,trunk,6135,train
HAM_0003485,ISIC_0031968,nv,follow_up,50.0,female,back,6136,train
HAM_0005824,ISIC_0029873,nv,follow_up,45.0,male,upper extremity,6137,train
HAM_0001760,ISIC_0024389,nv,follow_up,45.0,male,lower extremity,6142,train
HAM_0005593,ISIC_0029658,nv,follow_up,45.0,male,back,6143,train
HAM_0001317,ISIC_0027995,nv,follow_up,45.0,male,back,6145,train
HAM_0005934,ISIC_0031740,nv,follow_up,45.0,male,back,6146,train
HAM_0002041,ISIC_0028532,nv,follow_up,35.0,male,abdomen,6148,train
HAM_0006858,ISIC_0031751,nv,follow_up,35.0,male,lower extremity,6149,train
HAM_0000602,ISIC_0026719,nv,follow_up,35.0,male,lower extremity,6150,train
HAM_0000950,ISIC_0030590,nv,follow_up,35.0,male,lower extremity,6151,train
HAM_0004795,ISIC_0026595,nv,follow_up,35.0,male,lower extremity,6152,train
HAM_0005906,ISIC_0025609,nv,follow_up,40.0,male,trunk,6154,train
HAM_0002212,ISIC_0029988,nv,follow_up,40.0,male,back,6156,train
HAM_0005485,ISIC_0029635,nv,follow_up,40.0,male,foot,6158,train
HAM_0005412,ISIC_0030548,nv,follow_up,45.0,male,abdomen,6159,train
HAM_0000615,ISIC_0026758,nv,follow_up,45.0,male,lower extremity,6161,train
HAM_0002309,ISIC_0031910,nv,follow_up,25.0,male,trunk,6162,train
HAM_0003746,ISIC_0030437,nv,follow_up,25.0,male,trunk,6163,train
HAM_0004311,ISIC_0029037,nv,follow_up,35.0,female,trunk,6164,train
HAM_0004358,ISIC_0025393,nv,follow_up,25.0,female,face,6165,train
HAM_0007489,ISIC_0028011,nv,follow_up,35.0,male,back,6166,train
HAM_0006897,ISIC_0028475,nv,follow_up,35.0,male,trunk,6167,train
HAM_0006729,ISIC_0031790,nv,follow_up,70.0,male,trunk,6168,train
HAM_0000255,ISIC_0031786,nv,follow_up,70.0,male,abdomen,6169,train
HAM_0001513,ISIC_0032491,nv,follow_up,70.0,male,lower extremity,6170,train
HAM_0006289,ISIC_0031835,nv,follow_up,70.0,male,back,6171,train
HAM_0002485,ISIC_0028351,nv,follow_up,35.0,male,upper extremity,6174,train
HAM_0006745,ISIC_0026363,nv,follow_up,35.0,male,back,6175,train
HAM_0000325,ISIC_0029832,nv,follow_up,35.0,male,back,6176,train
HAM_0001549,ISIC_0026723,nv,follow_up,35.0,male,lower extremity,6177,train
HAM_0000280,ISIC_0032326,nv,follow_up,55.0,male,trunk,6179,train
HAM_0004751,ISIC_0026776,nv,follow_up,55.0,male,lower extremity,6180,train
HAM_0005333,ISIC_0032383,nv,follow_up,55.0,male,lower extremity,6181,train
HAM_0004671,ISIC_0026013,nv,follow_up,50.0,female,upper extremity,6182,train
HAM_0004612,ISIC_0031333,nv,follow_up,50.0,female,hand,6183,train
HAM_0005637,ISIC_0028078,nv,follow_up,40.0,female,trunk,6184,train
HAM_0000938,ISIC_0031916,nv,follow_up,40.0,female,foot,6185,train
HAM_0006425,ISIC_0028530,nv,follow_up,40.0,female,abdomen,6187,train
HAM_0001782,ISIC_0032289,nv,follow_up,40.0,female,abdomen,6188,train
HAM_0006660,ISIC_0025055,nv,follow_up,45.0,male,upper extremity,6191,train
HAM_0004974,ISIC_0028959,nv,follow_up,45.0,male,abdomen,6193,train
HAM_0004562,ISIC_0031387,nv,follow_up,45.0,male,abdomen,6194,train
HAM_0005385,ISIC_0028754,nv,follow_up,45.0,male,abdomen,6195,train
HAM_0006195,ISIC_0028267,nv,follow_up,45.0,male,trunk,6196,train
HAM_0005756,ISIC_0030090,nv,follow_up,45.0,male,trunk,6198,train
HAM_0000644,ISIC_0027728,nv,follow_up,30.0,male,trunk,6199,train
HAM_0002855,ISIC_0026116,nv,follow_up,30.0,male,upper extremity,6201,train
HAM_0003082,ISIC_0029579,nv,follow_up,30.0,female,neck,6202,train
HAM_0001075,ISIC_0028743,nv,follow_up,30.0,female,back,6205,train
HAM_0003019,ISIC_0032001,nv,follow_up,30.0,female,lower extremity,6207,train
HAM_0006970,ISIC_0026059,nv,follow_up,30.0,female,lower extremity,6208,train
HAM_0003878,ISIC_0031072,nv,follow_up,30.0,female,foot,6209,train
HAM_0001868,ISIC_0028037,nv,follow_up,45.0,female,trunk,6210,train
HAM_0002236,ISIC_0027894,nv,follow_up,45.0,female,abdomen,6211,train
HAM_0007063,ISIC_0031432,nv,follow_up,45.0,female,back,6214,train
HAM_0003756,ISIC_0030832,nv,follow_up,45.0,male,back,6216,train
HAM_0002500,ISIC_0028169,nv,follow_up,45.0,male,back,6217,train
HAM_0002292,ISIC_0031183,nv,follow_up,30.0,female,abdomen,6219,train
HAM_0001848,ISIC_0030587,nv,follow_up,30.0,female,trunk,6220,train
HAM_0003184,ISIC_0028844,nv,follow_up,30.0,female,trunk,6221,train
HAM_0002725,ISIC_0025523,nv,follow_up,30.0,female,trunk,6222,train
HAM_0006672,ISIC_0029096,nv,follow_up,30.0,female,trunk,6223,train
HAM_0006995,ISIC_0025115,nv,follow_up,30.0,male,upper extremity,6226,train
HAM_0002799,ISIC_0027975,nv,follow_up,30.0,male,neck,6227,train
HAM_0003334,ISIC_0030886,nv,follow_up,45.0,female,trunk,6228,train
HAM_0002682,ISIC_0024478,nv,follow_up,45.0,female,trunk,6230,train
HAM_0003413,ISIC_0030969,nv,follow_up,40.0,male,upper extremity,6232,train
HAM_0003753,ISIC_0031911,nv,follow_up,40.0,male,back,6233,train
HAM_0001789,ISIC_0026882,nv,follow_up,40.0,male,lower extremity,6235,train
HAM_0005930,ISIC_0031484,nv,follow_up,50.0,male,trunk,6238,train
HAM_0002318,ISIC_0026797,nv,follow_up,50.0,male,upper extremity,6239,train
HAM_0002676,ISIC_0024610,nv,follow_up,45.0,male,lower extremity,6240,train
HAM_0000126,ISIC_0025354,nv,follow_up,45.0,male,lower extremity,6241,train
HAM_0005380,ISIC_0027464,nv,follow_up,40.0,female,lower extremity,6242,train
HAM_0005499,ISIC_0025478,nv,follow_up,40.0,female,abdomen,6243,train
HAM_0007119,ISIC_0026134,nv,follow_up,40.0,female,back,6244,train
HAM_0000995,ISIC_0027241,nv,follow_up,40.0,female,trunk,6245,train
HAM_0004067,ISIC_0029065,nv,follow_up,40.0,female,trunk,6246,train
HAM_0007334,ISIC_0026962,nv,follow_up,40.0,female,back,6247,train
HAM_0003242,ISIC_0031242,nv,follow_up,40.0,female,lower extremity,6248,train
HAM_0002055,ISIC_0027520,nv,follow_up,40.0,female,lower extremity,6249,train
HAM_0006360,ISIC_0027926,nv,follow_up,55.0,female,abdomen,6250,train
HAM_0001802,ISIC_0030224,nv,follow_up,55.0,female,abdomen,6251,train
HAM_0006638,ISIC_0025220,nv,follow_up,55.0,female,trunk,6252,train
HAM_0003879,ISIC_0024894,nv,follow_up,55.0,female,trunk,6254,train
HAM_0004051,ISIC_0028049,nv,follow_up,55.0,female,back,6255,train
HAM_0001867,ISIC_0030136,nv,follow_up,55.0,female,back,6257,train
HAM_0004157,ISIC_0031610,nv,follow_up,40.0,male,lower extremity,6260,train
HAM_0003138,ISIC_0025706,nv,follow_up,40.0,male,trunk,6261,train
HAM_0007506,ISIC_0029403,nv,follow_up,60.0,male,trunk,6264,train
HAM_0005699,ISIC_0028547,nv,follow_up,60.0,male,back,6265,train
HAM_0000355,ISIC_0027842,nv,follow_up,30.0,male,abdomen,6273,train
HAM_0003488,ISIC_0028630,nv,follow_up,30.0,male,abdomen,6274,train
HAM_0005507,ISIC_0029159,nv,follow_up,35.0,male,trunk,6275,train
HAM_0006979,ISIC_0026605,nv,follow_up,35.0,male,upper extremity,6276,train
HAM_0002356,ISIC_0030889,nv,follow_up,35.0,male,trunk,6277,train
HAM_0004329,ISIC_0027866,nv,follow_up,35.0,male,lower extremity,6278,train
HAM_0006864,ISIC_0030045,nv,follow_up,65.0,male,abdomen,6280,train
HAM_0006562,ISIC_0031084,nv,follow_up,40.0,male,trunk,6283,train
HAM_0006485,ISIC_0024423,nv,follow_up,40.0,male,trunk,6284,train
HAM_0003013,ISIC_0026800,nv,follow_up,40.0,male,back,6285,train
HAM_0006229,ISIC_0027733,nv,follow_up,40.0,male,trunk,6286,train
HAM_0000295,ISIC_0028590,nv,follow_up,65.0,male,back,6293,train
HAM_0000307,ISIC_0027011,nv,follow_up,65.0,male,back,6295,train
HAM_0001195,ISIC_0031161,nv,follow_up,60.0,male,abdomen,6296,train
HAM_0006293,ISIC_0027314,nv,follow_up,60.0,male,trunk,6298,train
HAM_0002002,ISIC_0024486,nv,follow_up,50.0,male,upper extremity,6301,train
HAM_0005778,ISIC_0028001,nv,follow_up,50.0,male,back,6302,train
HAM_0004611,ISIC_0027716,nv,follow_up,50.0,male,trunk,6303,train
HAM_0002195,ISIC_0031576,nv,follow_up,50.0,male,upper extremity,6304,train
HAM_0002783,ISIC_0029507,nv,follow_up,50.0,male,lower extremity,6306,train
HAM_0004770,ISIC_0032495,nv,follow_up,50.0,male,lower extremity,6307,train
HAM_0001289,ISIC_0026725,nv,follow_up,55.0,female,abdomen,6309,train
HAM_0006019,ISIC_0030347,nv,follow_up,55.0,female,upper extremity,6310,train
HAM_0000369,ISIC_0029400,nv,follow_up,55.0,female,upper extremity,6311,train
HAM_0003956,ISIC_0030190,nv,follow_up,55.0,female,upper extremity,6312,train
HAM_0004092,ISIC_0028300,nv,follow_up,55.0,female,back,6313,train
HAM_0002922,ISIC_0027625,nv,follow_up,55.0,female,trunk,6316,train
HAM_0007015,ISIC_0025760,nv,follow_up,55.0,female,trunk,6318,train
HAM_0002117,ISIC_0032324,nv,follow_up,55.0,female,back,6319,train
HAM_0005562,ISIC_0025901,nv,follow_up,55.0,female,lower extremity,6320,train
HAM_0001731,ISIC_0028172,nv,follow_up,55.0,female,lower extremity,6322,train
HAM_0003515,ISIC_0025862,nv,follow_up,55.0,female,lower extremity,6323,train
HAM_0001792,ISIC_0024419,nv,follow_up,35.0,female,lower extremity,6324,train
HAM_0006683,ISIC_0031139,nv,follow_up,35.0,female,abdomen,6325,train
HAM_0005732,ISIC_0025741,nv,follow_up,35.0,female,lower extremity,6328,train
HAM_0004650,ISIC_0028149,nv,follow_up,35.0,female,lower extremity,6329,train
HAM_0007457,ISIC_0029813,nv,follow_up,35.0,female,lower extremity,6331,train
HAM_0007076,ISIC_0026757,nv,follow_up,35.0,female,lower extremity,6332,train
HAM_0002917,ISIC_0032506,nv,follow_up,60.0,male,abdomen,6336,train
HAM_0001404,ISIC_0028533,nv,follow_up,60.0,male,lower extremity,6338,train
HAM_0003797,ISIC_0024639,nv,follow_up,60.0,male,back,6341,train
HAM_0002046,ISIC_0024569,nv,follow_up,60.0,male,trunk,6342,train
HAM_0000964,ISIC_0028919,nv,follow_up,60.0,male,lower extremity,6344,train
HAM_0003009,ISIC_0025569,nv,follow_up,40.0,male,back,6345,train
HAM_0003581,ISIC_0030051,nv,follow_up,40.0,male,trunk,6348,train
HAM_0003825,ISIC_0030656,nv,follow_up,30.0,female,abdomen,6350,train
HAM_0001324,ISIC_0028435,nv,follow_up,30.0,female,lower extremity,6351,train
HAM_0003285,ISIC_0029907,nv,follow_up,30.0,female,back,6353,train
HAM_0004066,ISIC_0026390,nv,follow_up,30.0,female,back,6354,train
HAM_0000740,ISIC_0032142,nv,follow_up,50.0,male,abdomen,6356,train
HAM_0001714,ISIC_0032354,nv,follow_up,30.0,female,trunk,6359,train
HAM_0007094,ISIC_0026785,nv,follow_up,30.0,female,lower extremity,6361,train
HAM_0001992,ISIC_0025399,nv,follow_up,30.0,female,trunk,6362,train
HAM_0000857,ISIC_0025229,nv,follow_up,30.0,female,trunk,6363,train
HAM_0000786,ISIC_0028956,nv,follow_up,30.0,female,trunk,6364,train
HAM_0000932,ISIC_0026288,nv,follow_up,30.0,female,trunk,6365,train
HAM_0006753,ISIC_0028073,nv,follow_up,30.0,female,trunk,6367,train
HAM_0000390,ISIC_0026756,nv,follow_up,30.0,female,trunk,6368,train
HAM_0005098,ISIC_0024728,nv,follow_up,30.0,female,lower extremity,6369,train
HAM_0003440,ISIC_0026943,nv,follow_up,30.0,female,lower extremity,6370,train
HAM_0002945,ISIC_0029077,nv,follow_up,30.0,female,lower extremity,6371,train
HAM_0002678,ISIC_0030739,nv,follow_up,30.0,female,trunk,6373,train
HAM_0000076,ISIC_0028605,nv,follow_up,30.0,female,trunk,6374,train
HAM_0006571,ISIC_0025418,nv,follow_up,30.0,female,upper extremity,6375,train
HAM_0004334,ISIC_0032077,nv,follow_up,30.0,female,upper extremity,6376,train
HAM_0001030,ISIC_0027363,nv,follow_up,30.0,female,upper extremity,6378,train
HAM_0003780,ISIC_0027123,nv,follow_up,30.0,female,back,6381,train
HAM_0003379,ISIC_0030619,nv,follow_up,30.0,female,lower extremity,6382,train
HAM_0003116,ISIC_0030453,nv,follow_up,30.0,female,lower extremity,6383,train
HAM_0003132,ISIC_0029259,nv,follow_up,35.0,male,abdomen,6385,train
HAM_0001016,ISIC_0028845,nv,follow_up,35.0,male,abdomen,6387,train
HAM_0001880,ISIC_0026199,nv,follow_up,35.0,male,lower extremity,6388,train
HAM_0001131,ISIC_0029601,nv,follow_up,35.0,male,upper extremity,6389,train
HAM_0006023,ISIC_0025002,nv,follow_up,35.0,male,trunk,6390,train
HAM_0005002,ISIC_0031869,nv,follow_up,35.0,male,back,6393,train
HAM_0002513,ISIC_0027088,nv,follow_up,35.0,male,foot,6395,train
HAM_0001732,ISIC_0024502,nv,follow_up,45.0,male,lower extremity,6398,train
HAM_0006846,ISIC_0027199,nv,follow_up,45.0,male,lower extremity,6400,train
HAM_0005694,ISIC_0030753,nv,follow_up,45.0,male,lower extremity,6402,train
HAM_0000838,ISIC_0027029,nv,follow_up,45.0,male,upper extremity,6405,train
HAM_0005005,ISIC_0031920,nv,follow_up,50.0,male,lower extremity,6406,train
HAM_0004733,ISIC_0027565,nv,follow_up,45.0,male,trunk,6407,train
HAM_0001717,ISIC_0028700,nv,follow_up,70.0,male,abdomen,6410,train
HAM_0004160,ISIC_0029066,nv,follow_up,35.0,male,trunk,6412,train
HAM_0000264,ISIC_0027074,nv,follow_up,35.0,male,abdomen,6413,train
HAM_0004781,ISIC_0025025,nv,follow_up,35.0,male,trunk,6414,train
HAM_0002947,ISIC_0031589,nv,follow_up,35.0,male,trunk,6415,train
HAM_0000449,ISIC_0028327,nv,follow_up,35.0,male,lower extremity,6416,train
HAM_0003896,ISIC_0030952,nv,follow_up,35.0,male,abdomen,6420,train
HAM_0007290,ISIC_0025961,nv,follow_up,35.0,male,lower extremity,6422,train
HAM_0004876,ISIC_0029356,nv,follow_up,35.0,male,lower extremity,6423,train
HAM_0007157,ISIC_0030600,nv,follow_up,35.0,male,foot,6424,train
HAM_0005716,ISIC_0031841,nv,follow_up,50.0,male,back,6426,train
HAM_0006016,ISIC_0029670,nv,follow_up,50.0,male,lower extremity,6429,train
HAM_0004477,ISIC_0026646,nv,follow_up,50.0,male,trunk,6430,train
HAM_0005963,ISIC_0028129,nv,follow_up,45.0,male,foot,6432,train
HAM_0003510,ISIC_0031507,nv,follow_up,65.0,male,trunk,6433,train
HAM_0002173,ISIC_0030157,nv,follow_up,25.0,female,upper extremity,6434,train
HAM_0003109,ISIC_0028946,nv,follow_up,40.0,male,neck,6437,train
HAM_0007436,ISIC_0026878,nv,follow_up,40.0,male,back,6440,train
HAM_0006686,ISIC_0028292,nv,follow_up,40.0,male,back,6441,train
HAM_0000333,ISIC_0029098,nv,follow_up,40.0,male,hand,6442,train
HAM_0004774,ISIC_0031497,nv,follow_up,30.0,female,trunk,6443,train
HAM_0002854,ISIC_0031673,nv,follow_up,30.0,female,back,6444,train
HAM_0000117,ISIC_0028005,nv,follow_up,45.0,male,trunk,6445,train
HAM_0004486,ISIC_0031448,nv,follow_up,45.0,male,upper extremity,6447,train
HAM_0007449,ISIC_0025912,nv,follow_up,45.0,male,back,6448,train
HAM_0005765,ISIC_0028031,nv,follow_up,45.0,male,lower extremity,6449,train
HAM_0001341,ISIC_0025191,nv,follow_up,45.0,male,trunk,6450,train
HAM_0003725,ISIC_0027986,nv,follow_up,30.0,female,trunk,6451,train
HAM_0003792,ISIC_0029069,nv,follow_up,30.0,female,abdomen,6452,train
HAM_0000013,ISIC_0024655,nv,follow_up,30.0,female,back,6453,train
HAM_0002826,ISIC_0028334,nv,follow_up,30.0,female,trunk,6454,train
HAM_0003986,ISIC_0030020,nv,follow_up,30.0,female,trunk,6455,train
HAM_0003773,ISIC_0027952,nv,follow_up,30.0,female,lower extremity,6456,train
HAM_0004497,ISIC_0025625,nv,follow_up,40.0,female,trunk,6457,train
HAM_0007314,ISIC_0031152,nv,follow_up,40.0,female,trunk,6458,train
HAM_0001370,ISIC_0030257,nv,follow_up,40.0,female,trunk,6460,train
HAM_0004686,ISIC_0028574,nv,follow_up,40.0,female,abdomen,6461,train
HAM_0000864,ISIC_0028716,nv,follow_up,40.0,female,abdomen,6462,train
HAM_0001304,ISIC_0028328,nv,follow_up,40.0,female,lower extremity,6464,train
HAM_0000558,ISIC_0027547,nv,follow_up,40.0,female,trunk,6466,train
HAM_0002395,ISIC_0029750,nv,follow_up,40.0,female,trunk,6467,train
HAM_0003056,ISIC_0026684,nv,follow_up,40.0,female,back,6471,train
HAM_0000300,ISIC_0030725,nv,follow_up,40.0,female,back,6472,train
HAM_0002059,ISIC_0028061,nv,follow_up,40.0,female,trunk,6473,train
HAM_0005023,ISIC_0031805,nv,follow_up,40.0,female,lower extremity,6474,train
HAM_0000828,ISIC_0024797,nv,follow_up,35.0,male,back,6477,train
HAM_0003776,ISIC_0025347,nv,follow_up,35.0,female,trunk,6478,train
HAM_0004799,ISIC_0030807,nv,follow_up,35.0,female,lower extremity,6479,train
HAM_0003443,ISIC_0032485,nv,follow_up,35.0,female,abdomen,6481,train
HAM_0006008,ISIC_0028342,nv,follow_up,35.0,female,lower extremity,6482,train
HAM_0000788,ISIC_0030301,nv,follow_up,35.0,female,trunk,6484,train
HAM_0005355,ISIC_0031731,nv,follow_up,35.0,female,lower extremity,6487,train
HAM_0006590,ISIC_0029694,nv,follow_up,65.0,male,trunk,6489,train
HAM_0006552,ISIC_0024531,nv,follow_up,65.0,male,trunk,6490,train
HAM_0003465,ISIC_0024368,nv,follow_up,65.0,male,trunk,6491,train
HAM_0001501,ISIC_0024397,nv,follow_up,65.0,male,trunk,6492,train
HAM_0004504,ISIC_0029415,nv,follow_up,65.0,male,abdomen,6494,train
HAM_0002361,ISIC_0026285,nv,follow_up,65.0,male,abdomen,6495,train
HAM_0006695,ISIC_0029224,nv,follow_up,65.0,male,abdomen,6497,train
HAM_0000157,ISIC_0032392,nv,follow_up,65.0,male,abdomen,6498,train
HAM_0003995,ISIC_0029799,nv,follow_up,65.0,male,trunk,6500,train
HAM_0006083,ISIC_0028178,nv,follow_up,30.0,female,upper extremity,6505,train
HAM_0002990,ISIC_0028437,nv,follow_up,70.0,male,abdomen,6507,train
HAM_0005468,ISIC_0029785,nv,follow_up,70.0,male,abdomen,6508,train
HAM_0007291,ISIC_0027633,nv,follow_up,70.0,male,back,6513,train
HAM_0002081,ISIC_0029120,nv,follow_up,70.0,male,trunk,6514,train
HAM_0005216,ISIC_0032161,nv,follow_up,70.0,male,back,6516,train
HAM_0003324,ISIC_0024650,nv,follow_up,70.0,male,trunk,6517,train
HAM_0000454,ISIC_0025522,nv,follow_up,35.0,female,abdomen,6518,train
HAM_0002331,ISIC_0028068,nv,follow_up,35.0,female,lower extremity,6519,train
HAM_0007584,ISIC_0025139,nv,follow_up,35.0,female,trunk,6521,train
HAM_0000755,ISIC_0026180,nv,follow_up,55.0,male,foot,6523,train
HAM_0000951,ISIC_0026003,nv,follow_up,50.0,male,abdomen,6525,train
HAM_0000345,ISIC_0031361,nv,follow_up,40.0,male,trunk,6527,train
HAM_0004679,ISIC_0030985,nv,follow_up,40.0,male,back,6530,train
HAM_0000108,ISIC_0027630,nv,follow_up,40.0,male,back,6531,train
HAM_0001821,ISIC_0025308,nv,follow_up,40.0,male,trunk,6532,train
HAM_0001946,ISIC_0029333,nv,follow_up,40.0,male,trunk,6534,train
HAM_0000936,ISIC_0030388,nv,follow_up,40.0,female,trunk,6537,train
HAM_0006515,ISIC_0025828,nv,follow_up,40.0,female,abdomen,6538,train
HAM_0001086,ISIC_0030499,nv,follow_up,40.0,female,abdomen,6539,train
HAM_0000601,ISIC_0026578,nv,follow_up,40.0,female,abdomen,6540,train
HAM_0002255,ISIC_0030726,nv,follow_up,50.0,male,trunk,6544,train
HAM_0002020,ISIC_0032301,nv,follow_up,50.0,male,trunk,6545,train
HAM_0001191,ISIC_0028452,nv,follow_up,50.0,male,abdomen,6548,train
HAM_0006139,ISIC_0025349,nv,follow_up,50.0,male,trunk,6550,train
HAM_0001966,ISIC_0025230,nv,follow_up,50.0,male,trunk,6553,train
HAM_0006627,ISIC_0029511,nv,follow_up,50.0,male,lower extremity,6556,train
HAM_0000584,ISIC_0025888,nv,follow_up,35.0,female,lower extremity,6558,train
HAM_0005047,ISIC_0029105,nv,follow_up,45.0,female,face,6560,train
HAM_0002929,ISIC_0032068,nv,follow_up,45.0,male,lower extremity,6561,train
HAM_0005644,ISIC_0027899,nv,follow_up,45.0,male,back,6563,train
HAM_0001461,ISIC_0028440,nv,follow_up,45.0,male,lower extremity,6566,train
HAM_0006584,ISIC_0024983,nv,follow_up,45.0,male,lower extremity,6567,train
HAM_0003909,ISIC_0026935,nv,follow_up,40.0,female,chest,6568,train
HAM_0006151,ISIC_0032296,nv,follow_up,40.0,female,trunk,6569,train
HAM_0001742,ISIC_0028456,nv,follow_up,40.0,female,back,6571,train
HAM_0007187,ISIC_0028950,nv,follow_up,40.0,female,upper extremity,6572,train
HAM_0000573,ISIC_0024988,nv,follow_up,40.0,female,foot,6575,train
HAM_0006701,ISIC_0029310,nv,follow_up,40.0,female,foot,6576,train
HAM_0007322,ISIC_0030205,nv,follow_up,35.0,female,trunk,6578,train
HAM_0002516,ISIC_0028315,nv,follow_up,35.0,female,lower extremity,6580,train
HAM_0007071,ISIC_0030449,nv,follow_up,35.0,female,trunk,6581,train
HAM_0007253,ISIC_0026840,nv,follow_up,65.0,female,trunk,6587,train
HAM_0002249,ISIC_0029520,nv,follow_up,65.0,female,trunk,6588,train
HAM_0000503,ISIC_0029236,nv,follow_up,65.0,female,abdomen,6591,train
HAM_0006895,ISIC_0030146,nv,follow_up,65.0,female,trunk,6592,train
HAM_0003295,ISIC_0026110,nv,follow_up,40.0,female,abdomen,6597,train
HAM_0003247,ISIC_0026707,nv,follow_up,40.0,female,abdomen,6598,train
HAM_0002926,ISIC_0030831,nv,follow_up,40.0,female,abdomen,6599,train
HAM_0003564,ISIC_0029294,nv,follow_up,40.0,female,abdomen,6600,train
HAM_0006136,ISIC_0028910,nv,follow_up,40.0,female,trunk,6601,train
HAM_0003618,ISIC_0028234,nv,follow_up,50.0,male,trunk,6602,train
HAM_0003592,ISIC_0031416,nv,follow_up,50.0,male,trunk,6603,train
HAM_0005707,ISIC_0029821,nv,follow_up,50.0,male,abdomen,6606,train
HAM_0004893,ISIC_0031906,nv,follow_up,50.0,male,abdomen,6607,train
HAM_0005548,ISIC_0027632,nv,follow_up,50.0,male,abdomen,6611,train
HAM_0007331,ISIC_0031752,nv,follow_up,50.0,male,abdomen,6613,train
HAM_0007012,ISIC_0030865,nv,follow_up,50.0,male,abdomen,6614,train
HAM_0001205,ISIC_0025034,nv,follow_up,50.0,male,abdomen,6615,train
HAM_0004825,ISIC_0028152,nv,follow_up,50.0,male,upper extremity,6616,train
HAM_0006906,ISIC_0031254,nv,follow_up,50.0,male,upper extremity,6618,train
HAM_0004280,ISIC_0030905,nv,follow_up,50.0,male,back,6619,train
HAM_0001682,ISIC_0026630,nv,follow_up,50.0,male,trunk,6620,train
HAM_0000606,ISIC_0030109,nv,follow_up,50.0,male,trunk,6621,train
HAM_0001984,ISIC_0025092,nv,follow_up,50.0,male,trunk,6623,train
HAM_0002927,ISIC_0028012,nv,follow_up,50.0,male,trunk,6626,train
HAM_0005165,ISIC_0030108,nv,follow_up,50.0,male,lower extremity,6627,train
HAM_0003547,ISIC_0027921,nv,follow_up,50.0,male,lower extremity,6628,train
HAM_0001144,ISIC_0030673,nv,follow_up,50.0,male,lower extremity,6629,train
HAM_0007406,ISIC_0028253,nv,follow_up,35.0,female,trunk,6630,train
HAM_0005512,ISIC_0025194,nv,follow_up,35.0,female,abdomen,6632,train
HAM_0002336,ISIC_0031446,nv,follow_up,35.0,female,abdomen,6633,train
HAM_0004417,ISIC_0028566,nv,follow_up,35.0,female,trunk,6635,train
HAM_0004903,ISIC_0025604,nv,follow_up,35.0,female,lower extremity,6636,train
HAM_0004887,ISIC_0024717,nv,follow_up,35.0,female,back,6637,train
HAM_0003860,ISIC_0025669,nv,follow_up,35.0,female,back,6638,train
HAM_0005691,ISIC_0032457,nv,follow_up,35.0,female,lower extremity,6639,train
HAM_0000357,ISIC_0025134,nv,follow_up,55.0,male,neck,6643,train
HAM_0004393,ISIC_0029774,nv,follow_up,55.0,male,trunk,6644,train
HAM_0005544,ISIC_0027791,nv,follow_up,55.0,male,lower extremity,6645,train
HAM_0004745,ISIC_0028004,nv,follow_up,60.0,male,trunk,6647,train
HAM_0003261,ISIC_0026031,nv,follow_up,60.0,male,back,6648,train
HAM_0001224,ISIC_0030777,nv,follow_up,50.0,female,trunk,6649,train
HAM_0003584,ISIC_0029875,nv,follow_up,50.0,female,abdomen,6650,train
HAM_0007459,ISIC_0029886,nv,follow_up,55.0,female,lower extremity,6652,train
HAM_0006795,ISIC_0031892,nv,follow_up,55.0,female,back,6653,train
HAM_0003403,ISIC_0031409,nv,follow_up,70.0,male,abdomen,6655,train
HAM_0002780,ISIC_0028732,nv,follow_up,70.0,male,lower extremity,6656,train
HAM_0002452,ISIC_0024491,nv,follow_up,70.0,male,back,6657,train
HAM_0005402,ISIC_0031695,nv,follow_up,45.0,female,upper extremity,6658,train
HAM_0000894,ISIC_0030478,nv,follow_up,45.0,female,upper extremity,6659,train
HAM_0006503,ISIC_0032217,nv,follow_up,45.0,female,lower extremity,6660,train
HAM_0002052,ISIC_0032155,nv,follow_up,45.0,female,trunk,6663,train
HAM_0005688,ISIC_0027186,nv,follow_up,45.0,female,trunk,6665,train
HAM_0002802,ISIC_0029717,nv,follow_up,45.0,female,abdomen,6666,train
HAM_0004995,ISIC_0029869,nv,follow_up,45.0,female,upper extremity,6669,train
HAM_0004150,ISIC_0026632,nv,follow_up,45.0,female,upper extremity,6671,train
HAM_0004605,ISIC_0032267,nv,follow_up,45.0,female,upper extremity,6672,train
HAM_0002828,ISIC_0030164,nv,follow_up,45.0,female,upper extremity,6673,train
HAM_0006535,ISIC_0032069,nv,follow_up,45.0,female,upper extremity,6674,train
HAM_0000672,ISIC_0029007,nv,follow_up,45.0,female,back,6675,train
HAM_0006694,ISIC_0029657,nv,follow_up,45.0,female,back,6676,train
HAM_0001518,ISIC_0028914,nv,follow_up,45.0,female,lower extremity,6678,train
HAM_0001550,ISIC_0026020,nv,follow_up,45.0,female,lower extremity,6679,train
HAM_0007074,ISIC_0030646,nv,follow_up,45.0,female,lower extremity,6680,train
HAM_0002729,ISIC_0026934,nv,histo,20.0,male,foot,6685,train
HAM_0002729,ISIC_0026346,nv,histo,20.0,male,foot,6686,train
HAM_0003155,ISIC_0028247,nv,histo,25.0,male,upper extremity,6691,train
HAM_0003155,ISIC_0028988,nv,histo,25.0,male,upper extremity,6692,train
HAM_0006032,ISIC_0028791,nv,histo,30.0,male,lower extremity,6695,train
HAM_0006032,ISIC_0027501,nv,histo,30.0,male,lower extremity,6696,train
HAM_0007255,ISIC_0026519,nv,histo,40.0,male,lower extremity,6701,train
HAM_0007255,ISIC_0030672,nv,histo,40.0,male,lower extremity,6702,train
HAM_0000288,ISIC_0028755,nv,histo,70.0,female,upper extremity,6703,train
HAM_0000288,ISIC_0027062,nv,histo,70.0,female,upper extremity,6704,train
HAM_0003303,ISIC_0030980,nv,histo,20.0,male,back,6707,train
HAM_0003303,ISIC_0024597,nv,histo,20.0,male,back,6708,train
HAM_0004935,ISIC_0030629,nv,histo,20.0,male,back,6709,train
HAM_0004935,ISIC_0031178,nv,histo,20.0,male,back,6710,train
HAM_0000854,ISIC_0029534,nv,histo,65.0,male,face,6711,train
HAM_0000892,ISIC_0024594,nv,histo,40.0,male,trunk,6716,train
HAM_0000892,ISIC_0029845,nv,histo,40.0,male,trunk,6717,train
HAM_0000376,ISIC_0031617,nv,histo,55.0,female,abdomen,6720,train
HAM_0000376,ISIC_0025173,nv,histo,55.0,female,abdomen,6721,train
HAM_0001107,ISIC_0027644,nv,histo,40.0,male,upper extremity,6722,train
HAM_0007202,ISIC_0027898,nv,histo,75.0,male,back,6727,train
HAM_0007202,ISIC_0026726,nv,histo,75.0,male,back,6728,train
HAM_0001141,ISIC_0028918,nv,histo,25.0,male,back,6733,train
HAM_0001141,ISIC_0030697,nv,histo,25.0,male,back,6734,train
HAM_0004410,ISIC_0032428,nv,histo,60.0,male,lower extremity,6737,train
HAM_0004410,ISIC_0032342,nv,histo,60.0,male,lower extremity,6738,train
HAM_0005360,ISIC_0027264,nv,histo,50.0,female,upper extremity,6739,train
HAM_0005360,ISIC_0028413,nv,histo,50.0,female,upper extremity,6740,train
HAM_0000028,ISIC_0026012,nv,histo,35.0,female,back,6741,train
HAM_0000028,ISIC_0029752,nv,histo,35.0,female,back,6742,train
HAM_0002973,ISIC_0026140,nv,histo,55.0,male,face,6745,train
HAM_0002973,ISIC_0032086,nv,histo,55.0,male,face,6746,train
HAM_0004380,ISIC_0026251,nv,histo,30.0,female,face,6747,train
HAM_0004380,ISIC_0029072,nv,histo,30.0,female,face,6748,train
HAM_0001869,ISIC_0027249,nv,histo,55.0,female,hand,6755,train
HAM_0001869,ISIC_0031563,nv,histo,55.0,female,hand,6756,train
HAM_0006150,ISIC_0031404,nv,histo,70.0,male,back,6761,train
HAM_0006150,ISIC_0026569,nv,histo,70.0,male,back,6762,train
HAM_0000930,ISIC_0027848,nv,histo,35.0,female,back,6763,train
HAM_0000930,ISIC_0028971,nv,histo,35.0,female,back,6764,train
HAM_0004267,ISIC_0031145,nv,histo,45.0,female,lower extremity,6765,train
HAM_0004267,ISIC_0028430,nv,histo,45.0,female,lower extremity,6766,train
HAM_0002552,ISIC_0032985,mel,histo,25.0,male,upper extremity,6769,train
HAM_0001563,ISIC_0028633,nv,histo,55.0,female,ear,6770,train
HAM_0003091,ISIC_0027235,nv,histo,25.0,female,unknown,6773,train
HAM_0003091,ISIC_0027152,nv,histo,25.0,female,unknown,6774,train
HAM_0002120,ISIC_0029735,nv,histo,50.0,male,chest,6777,train
HAM_0002120,ISIC_0028010,nv,histo,50.0,male,chest,6778,train
HAM_0000900,ISIC_0026666,nv,histo,25.0,female,back,6779,train
HAM_0000900,ISIC_0026552,nv,histo,25.0,female,back,6780,train
HAM_0002652,ISIC_0024934,nv,histo,25.0,male,lower extremity,6783,train
HAM_0002652,ISIC_0025442,nv,histo,25.0,male,lower extremity,6784,train
HAM_0002856,ISIC_0028453,nv,histo,70.0,male,upper extremity,6791,train
HAM_0002856,ISIC_0028154,nv,histo,70.0,male,upper extremity,6792,train
HAM_0006197,ISIC_0028332,nv,histo,40.0,male,back,6797,train
HAM_0006197,ISIC_0032334,nv,histo,40.0,male,back,6798,train
HAM_0006457,ISIC_0027987,nv,histo,40.0,male,lower extremity,6801,train
HAM_0006457,ISIC_0032257,nv,histo,40.0,male,lower extremity,6802,train
HAM_0002198,ISIC_0024314,nv,histo,75.0,male,lower extremity,6803,train
HAM_0002198,ISIC_0026722,nv,histo,75.0,male,lower extremity,6804,train
HAM_0005162,ISIC_0025943,nv,histo,50.0,female,back,6807,train
HAM_0005162,ISIC_0025568,nv,histo,50.0,female,back,6808,train
HAM_0005162,ISIC_0026887,nv,histo,50.0,female,back,6809,train
HAM_0001342,ISIC_0029366,nv,histo,55.0,female,abdomen,6812,train
HAM_0001342,ISIC_0032378,nv,histo,55.0,female,abdomen,6813,train
HAM_0005937,ISIC_0027679,nv,histo,35.0,male,foot,6814,train
HAM_0003767,ISIC_0024604,nv,histo,60.0,male,upper extremity,6815,train
HAM_0003767,ISIC_0027358,nv,histo,60.0,male,upper extremity,6816,train
HAM_0003767,ISIC_0030247,nv,histo,60.0,male,upper extremity,6817,train
HAM_0000682,ISIC_0030786,nv,histo,45.0,male,upper extremity,6820,train
HAM_0002314,ISIC_0027662,nv,histo,15.0,male,upper extremity,6821,train
HAM_0003221,ISIC_0029104,nv,histo,40.0,female,lower extremity,6822,train
HAM_0003221,ISIC_0030520,nv,histo,40.0,female,lower extremity,6823,train
HAM_0003221,ISIC_0032341,nv,histo,40.0,female,lower extremity,6824,train
HAM_0003221,ISIC_0029756,nv,histo,40.0,female,lower extremity,6825,train
HAM_0000464,ISIC_0027537,nv,histo,55.0,female,upper extremity,6830,train
HAM_0000464,ISIC_0027002,nv,histo,55.0,female,upper extremity,6831,train
HAM_0000464,ISIC_0026223,nv,histo,55.0,female,upper extremity,6832,train
HAM_0004762,ISIC_0030312,nv,histo,45.0,male,back,6835,train
HAM_0004762,ISIC_0026080,nv,histo,45.0,male,back,6836,train
HAM_0003327,ISIC_0029430,nv,histo,45.0,male,upper extremity,6837,train
HAM_0003327,ISIC_0027312,nv,histo,45.0,male,upper extremity,6838,train
HAM_0003933,ISIC_0031515,nv,histo,55.0,female,upper extremity,6841,train
HAM_0003933,ISIC_0029854,nv,histo,55.0,female,upper extremity,6842,train
HAM_0002942,ISIC_0031418,nv,histo,50.0,male,lower extremity,6843,train
HAM_0002942,ISIC_0027911,nv,histo,50.0,male,lower extremity,6844,train
HAM_0005447,ISIC_0027427,nv,histo,70.0,male,back,6850,train
HAM_0005447,ISIC_0026389,nv,histo,70.0,male,back,6851,train
HAM_0005339,ISIC_0025428,nv,histo,35.0,male,back,6852,train
HAM_0005339,ISIC_0031618,nv,histo,35.0,male,back,6853,train
HAM_0002159,ISIC_0031059,nv,histo,0.0,male,foot,6860,train
HAM_0002159,ISIC_0030355,nv,histo,0.0,male,foot,6861,train
HAM_0002217,ISIC_0024906,nv,histo,35.0,female,unknown,6862,train
HAM_0002217,ISIC_0025073,nv,histo,35.0,female,unknown,6863,train
HAM_0006742,ISIC_0027031,nv,histo,30.0,male,back,6864,train
HAM_0006742,ISIC_0024813,nv,histo,30.0,male,back,6865,train
HAM_0005342,ISIC_0028401,nv,histo,35.0,female,unknown,6866,train
HAM_0005342,ISIC_0030371,nv,histo,35.0,female,unknown,6867,train
HAM_0000837,ISIC_0024986,nv,histo,35.0,female,abdomen,6870,train
HAM_0000837,ISIC_0031555,nv,histo,35.0,female,abdomen,6871,train
HAM_0006914,ISIC_0027462,nv,histo,75.0,male,abdomen,6872,train
HAM_0006914,ISIC_0025254,nv,histo,75.0,male,abdomen,6873,train
HAM_0004663,ISIC_0031560,nv,histo,55.0,male,upper extremity,6879,train
HAM_0004663,ISIC_0025809,nv,histo,55.0,male,upper extremity,6880,train
HAM_0007476,ISIC_0025108,nv,histo,40.0,female,back,6881,train
HAM_0007476,ISIC_0029296,nv,histo,40.0,female,back,6882,train
HAM_0007189,ISIC_0027878,nv,histo,40.0,female,trunk,6885,train
HAM_0007189,ISIC_0032055,nv,histo,40.0,female,trunk,6886,train
HAM_0006389,ISIC_0027738,nv,histo,70.0,male,back,6887,train
HAM_0006389,ISIC_0031518,nv,histo,70.0,male,back,6888,train
HAM_0004699,ISIC_0027497,nv,histo,10.0,female,hand,6889,train
HAM_0004699,ISIC_0028255,nv,histo,10.0,female,hand,6890,train
HAM_0006397,ISIC_0029475,nv,histo,70.0,male,back,6893,train
HAM_0006397,ISIC_0029894,nv,histo,70.0,male,back,6894,train
HAM_0003583,ISIC_0026501,nv,histo,40.0,female,face,6898,train
HAM_0003583,ISIC_0026006,nv,histo,40.0,female,face,6899,train
HAM_0003343,ISIC_0027861,nv,histo,5.0,female,lower extremity,6901,train
HAM_0003677,ISIC_0029409,nv,histo,55.0,male,upper extremity,6904,train
HAM_0003677,ISIC_0032364,nv,histo,55.0,male,upper extremity,6905,train
HAM_0006974,ISIC_0026541,nv,histo,45.0,male,abdomen,6906,train
HAM_0006974,ISIC_0031281,nv,histo,45.0,male,abdomen,6907,train
HAM_0002207,ISIC_0025588,nv,histo,30.0,male,unknown,6912,train
HAM_0002207,ISIC_0027772,nv,histo,30.0,male,unknown,6913,train
HAM_0002715,ISIC_0028373,nv,histo,70.0,male,back,6916,train
HAM_0002715,ISIC_0024714,nv,histo,70.0,male,back,6917,train
HAM_0002097,ISIC_0028636,nv,histo,20.0,female,abdomen,6918,train
HAM_0002097,ISIC_0025687,nv,histo,20.0,female,abdomen,6919,train
HAM_0003627,ISIC_0024855,nv,histo,30.0,female,back,6920,train
HAM_0003627,ISIC_0026497,nv,histo,30.0,female,back,6921,train
HAM_0001088,ISIC_0031959,nv,histo,45.0,female,upper extremity,6922,train
HAM_0001088,ISIC_0032078,nv,histo,45.0,female,upper extremity,6923,train
HAM_0006826,ISIC_0025129,nv,histo,35.0,female,back,6926,train
HAM_0006826,ISIC_0027049,nv,histo,35.0,female,back,6927,train
HAM_0001849,ISIC_0027209,nv,histo,10.0,female,lower extremity,6928,train
HAM_0001849,ISIC_0028966,nv,histo,10.0,female,lower extremity,6929,train
HAM_0001696,ISIC_0027408,nv,histo,80.0,male,back,6932,train
HAM_0001696,ISIC_0030460,nv,histo,80.0,male,back,6933,train
HAM_0001712,ISIC_0030793,nv,histo,45.0,male,foot,6934,train
HAM_0001712,ISIC_0031221,nv,histo,45.0,male,foot,6935,train
HAM_0004869,ISIC_0025370,nv,histo,15.0,female,lower extremity,6936,train
HAM_0005227,ISIC_0027768,nv,histo,75.0,male,face,6937,train
HAM_0005227,ISIC_0027410,nv,histo,75.0,male,face,6938,train
HAM_0000589,ISIC_0030194,nv,histo,15.0,female,neck,6939,train
HAM_0000589,ISIC_0027103,nv,histo,15.0,female,neck,6940,train
HAM_0006484,ISIC_0028527,nv,histo,55.0,female,upper extremity,6941,train
HAM_0006484,ISIC_0027244,nv,histo,55.0,female,upper extremity,6942,train
HAM_0007606,ISIC_0027907,nv,histo,70.0,female,foot,6943,train
HAM_0007606,ISIC_0025870,nv,histo,70.0,female,foot,6944,train
HAM_0007295,ISIC_0031380,nv,histo,60.0,female,chest,6945,train
HAM_0007419,ISIC_0029543,nv,histo,85.0,female,lower extremity,6946,train
HAM_0006747,ISIC_0029254,nv,histo,50.0,male,face,6947,train
HAM_0006747,ISIC_0029223,nv,histo,50.0,male,face,6948,train
HAM_0001975,ISIC_0030930,nv,histo,30.0,female,upper extremity,6949,train
HAM_0001975,ISIC_0028488,nv,histo,30.0,female,upper extremity,6950,train
HAM_0000324,ISIC_0028528,nv,histo,80.0,male,back,6953,train
HAM_0000324,ISIC_0029945,nv,histo,80.0,male,back,6954,train
HAM_0002975,ISIC_0026148,nv,histo,45.0,male,upper extremity,6955,train
HAM_0002975,ISIC_0028810,nv,histo,45.0,male,upper extremity,6956,train
HAM_0007373,ISIC_0024869,nv,histo,45.0,male,back,6957,train
HAM_0007373,ISIC_0024723,nv,histo,45.0,male,back,6958,train
HAM_0003222,ISIC_0031720,nv,histo,45.0,female,lower extremity,6959,train
HAM_0003222,ISIC_0026382,nv,histo,45.0,female,lower extremity,6960,train
HAM_0005056,ISIC_0031094,nv,histo,55.0,male,upper extremity,6965,train
HAM_0005056,ISIC_0032345,nv,histo,55.0,male,upper extremity,6966,train
HAM_0000569,ISIC_0031615,nv,histo,55.0,male,abdomen,6969,train
HAM_0000569,ISIC_0031592,nv,histo,55.0,male,abdomen,6970,train
HAM_0001623,ISIC_0029488,nv,histo,85.0,female,unknown,6971,train
HAM_0001623,ISIC_0027099,nv,histo,85.0,female,unknown,6972,train
HAM_0001604,ISIC_0025458,nv,histo,45.0,female,lower extremity,6973,train
HAM_0001604,ISIC_0024664,nv,histo,45.0,female,lower extremity,6974,train
HAM_0006618,ISIC_0028804,nv,histo,75.0,female,ear,6979,train
HAM_0006618,ISIC_0032191,nv,histo,75.0,female,ear,6980,train
HAM_0002575,ISIC_0028015,nv,histo,55.0,female,back,6983,train
HAM_0002575,ISIC_0026781,nv,histo,55.0,female,back,6984,train
HAM_0000928,ISIC_0026777,nv,histo,45.0,female,abdomen,6985,train
HAM_0000928,ISIC_0031268,nv,histo,45.0,female,abdomen,6986,train
HAM_0001971,ISIC_0025327,nv,histo,50.0,male,back,6987,train
HAM_0001971,ISIC_0026839,nv,histo,50.0,male,back,6988,train
HAM_0001767,ISIC_0025812,nv,histo,50.0,female,lower extremity,6991,train
HAM_0001767,ISIC_0029357,nv,histo,50.0,female,lower extremity,6992,train
HAM_0002484,ISIC_0029846,nv,histo,30.0,male,upper extremity,6995,train
HAM_0002484,ISIC_0029194,nv,histo,30.0,male,upper extremity,6996,train
HAM_0001160,ISIC_0024340,nv,histo,10.0,female,foot,6997,train
HAM_0001160,ISIC_0027361,nv,histo,10.0,female,foot,6998,train
HAM_0007425,ISIC_0025823,nv,histo,15.0,female,foot,6999,train
HAM_0007425,ISIC_0027458,nv,histo,15.0,female,foot,7000,train
HAM_0007426,ISIC_0027034,nv,histo,15.0,female,foot,7001,train
HAM_0007426,ISIC_0031887,nv,histo,15.0,female,foot,7002,train
HAM_0002323,ISIC_0029976,nv,histo,45.0,male,back,7011,train
HAM_0002323,ISIC_0031001,nv,histo,45.0,male,back,7012,train
HAM_0007548,ISIC_0030406,nv,histo,45.0,male,foot,7013,train
HAM_0007548,ISIC_0026633,nv,histo,45.0,male,foot,7014,train
HAM_0001968,ISIC_0027421,nv,histo,35.0,male,scalp,7015,train
HAM_0001968,ISIC_0028222,nv,histo,35.0,male,scalp,7016,train
HAM_0006629,ISIC_0027086,nv,histo,40.0,female,upper extremity,7017,train
HAM_0006629,ISIC_0025689,nv,histo,40.0,female,upper extremity,7018,train
HAM_0007312,ISIC_0027709,nv,histo,5.0,male,upper extremity,7023,train
HAM_0002409,ISIC_0028368,nv,histo,35.0,female,back,7028,train
HAM_0002409,ISIC_0028843,nv,histo,35.0,female,back,7029,train
HAM_0003299,ISIC_0026237,nv,histo,25.0,female,foot,7030,train
HAM_0003299,ISIC_0025547,nv,histo,25.0,female,foot,7031,train
HAM_0004761,ISIC_0027548,nv,histo,10.0,female,upper extremity,7032,train
HAM_0004761,ISIC_0026826,nv,histo,10.0,female,upper extremity,7033,train
HAM_0005561,ISIC_0028961,nv,histo,30.0,female,abdomen,7034,train
HAM_0005561,ISIC_0031080,nv,histo,30.0,female,abdomen,7035,train
HAM_0006856,ISIC_0025909,nv,histo,35.0,male,chest,7036,train
HAM_0006856,ISIC_0028831,nv,histo,35.0,male,chest,7037,train
HAM_0003892,ISIC_0028045,nv,histo,25.0,female,lower extremity,7038,train
HAM_0000261,ISIC_0030053,nv,histo,65.0,female,upper extremity,7039,train
HAM_0000261,ISIC_0026743,nv,histo,65.0,female,upper extremity,7040,train
HAM_0004783,ISIC_0028793,nv,histo,30.0,female,foot,7041,train
HAM_0004783,ISIC_0025671,nv,histo,30.0,female,foot,7042,train
HAM_0002176,ISIC_0026341,nv,histo,40.0,male,upper extremity,7043,train
HAM_0002176,ISIC_0027697,nv,histo,40.0,male,upper extremity,7044,train
HAM_0007249,ISIC_0025789,nv,histo,65.0,female,back,7045,train
HAM_0007249,ISIC_0028509,nv,histo,65.0,female,back,7046,train
HAM_0006062,ISIC_0029435,nv,histo,30.0,female,back,7047,train
HAM_0005611,ISIC_0025850,nv,histo,35.0,female,lower extremity,7051,train
HAM_0005611,ISIC_0029187,nv,histo,35.0,female,lower extremity,7052,train
HAM_0004138,ISIC_0025905,nv,histo,45.0,male,abdomen,7053,train
HAM_0004138,ISIC_0030184,nv,histo,45.0,male,abdomen,7054,train
HAM_0007468,ISIC_0024831,nv,histo,50.0,female,upper extremity,7063,train
HAM_0007468,ISIC_0026869,nv,histo,50.0,female,upper extremity,7064,train
HAM_0002106,ISIC_0026186,nv,histo,45.0,male,foot,7065,train
HAM_0002106,ISIC_0025156,nv,histo,45.0,male,foot,7066,train
HAM_0005060,ISIC_0027852,nv,histo,75.0,male,upper extremity,7068,train
HAM_0005060,ISIC_0031975,nv,histo,75.0,male,upper extremity,7069,train
HAM_0006221,ISIC_0028195,nv,histo,35.0,female,upper extremity,7070,train
HAM_0006221,ISIC_0025300,nv,histo,35.0,female,upper extremity,7071,train
HAM_0007138,ISIC_0028823,nv,histo,25.0,male,hand,7072,train
HAM_0007138,ISIC_0031501,nv,histo,25.0,male,hand,7073,train
HAM_0003308,ISIC_0025610,nv,histo,35.0,male,face,7075,train
HAM_0003308,ISIC_0024615,nv,histo,35.0,male,face,7076,train
HAM_0005034,ISIC_0028751,nv,histo,35.0,female,back,7082,train
HAM_0005034,ISIC_0027024,nv,histo,35.0,female,back,7083,train
HAM_0002703,ISIC_0025402,nv,histo,70.0,male,lower extremity,7084,train
HAM_0005686,ISIC_0033745,nv,histo,25.0,male,back,7085,train
HAM_0005686,ISIC_0033112,nv,histo,25.0,male,back,7086,train
HAM_0000262,ISIC_0033380,nv,histo,60.0,male,abdomen,7087,train
HAM_0000262,ISIC_0030326,nv,histo,60.0,male,abdomen,7088,train
HAM_0002581,ISIC_0026544,nv,histo,40.0,male,back,7093,train
HAM_0002581,ISIC_0032470,nv,histo,40.0,male,back,7094,train
HAM_0005159,ISIC_0029826,nv,histo,50.0,male,back,7095,train
HAM_0005159,ISIC_0025352,nv,histo,50.0,male,back,7096,train
HAM_0007300,ISIC_0029179,nv,histo,45.0,male,abdomen,7097,train
HAM_0007300,ISIC_0025158,nv,histo,45.0,male,abdomen,7098,train
HAM_0007300,ISIC_0025336,nv,histo,45.0,male,abdomen,7099,train
HAM_0006159,ISIC_0028977,bkl,consensus,50.0,female,upper extremity,7100,train
HAM_0003663,ISIC_0026403,nv,histo,25.0,female,genital,7101,train
HAM_0003663,ISIC_0029491,nv,histo,25.0,female,genital,7102,train
HAM_0003468,ISIC_0025641,nv,histo,60.0,female,lower extremity,7103,train
HAM_0003156,ISIC_0026494,nv,histo,75.0,female,lower extremity,7104,train
HAM_0004892,ISIC_0025228,nv,histo,50.0,female,back,7105,train
HAM_0006709,ISIC_0031158,nv,histo,40.0,male,back,7107,train
HAM_0006155,ISIC_0029728,nv,histo,35.0,female,face,7108,train
HAM_0003369,ISIC_0032181,nv,histo,45.0,female,trunk,7109,train
HAM_0001757,ISIC_0025049,nv,histo,65.0,male,lower extremity,7112,train
HAM_0006934,ISIC_0028287,nv,histo,45.0,female,trunk,7113,train
HAM_0005267,ISIC_0026423,nv,histo,45.0,male,abdomen,7114,train
HAM_0006268,ISIC_0026432,nv,histo,50.0,female,lower extremity,7115,train
HAM_0006516,ISIC_0033423,nv,histo,35.0,female,trunk,7116,train
HAM_0006516,ISIC_0033846,nv,histo,35.0,female,trunk,7117,train
HAM_0006516,ISIC_0033315,nv,histo,35.0,female,trunk,7118,train
HAM_0007541,ISIC_0032691,nv,histo,30.0,male,abdomen,7119,train
HAM_0007541,ISIC_0032540,nv,histo,30.0,male,abdomen,7120,train
HAM_0007541,ISIC_0032573,nv,histo,30.0,male,abdomen,7121,train
HAM_0002494,ISIC_0033686,nv,histo,65.0,female,abdomen,7125,train
HAM_0001651,ISIC_0033251,nv,histo,45.0,male,back,7126,train
HAM_0001651,ISIC_0033402,nv,histo,45.0,male,back,7127,train
HAM_0001651,ISIC_0034204,nv,histo,45.0,male,back,7128,train
HAM_0007451,ISIC_0033971,nv,histo,45.0,male,lower extremity,7130,train
HAM_0007451,ISIC_0032527,nv,histo,45.0,male,lower extremity,7131,train
HAM_0007451,ISIC_0032964,nv,histo,45.0,male,lower extremity,7132,train
HAM_0006080,ISIC_0033347,nv,histo,40.0,male,upper extremity,7133,train
HAM_0006080,ISIC_0032668,nv,histo,40.0,male,upper extremity,7134,train
HAM_0006080,ISIC_0032891,nv,histo,40.0,male,upper extremity,7135,train
HAM_0002363,ISIC_0033363,nv,histo,50.0,male,upper extremity,7139,train
HAM_0002363,ISIC_0033058,nv,histo,50.0,male,upper extremity,7140,train
HAM_0002363,ISIC_0032924,nv,histo,50.0,male,upper extremity,7141,train
HAM_0000407,ISIC_0033712,nv,histo,60.0,female,upper extremity,7142,train
HAM_0000407,ISIC_0032771,nv,histo,60.0,female,upper extremity,7143,train
HAM_0000407,ISIC_0033297,nv,histo,60.0,female,upper extremity,7144,train
HAM_0000093,ISIC_0030845,nv,histo,30.0,female,abdomen,7145,train
HAM_0004708,ISIC_0033852,nv,histo,45.0,male,trunk,7148,train
HAM_0004708,ISIC_0033775,nv,histo,45.0,male,trunk,7149,train
HAM_0004708,ISIC_0033561,nv,histo,45.0,male,trunk,7150,train
HAM_0002030,ISIC_0034225,nv,histo,55.0,male,back,7151,train
HAM_0002030,ISIC_0032916,nv,histo,55.0,male,back,7152,train
HAM_0002030,ISIC_0033756,nv,histo,55.0,male,back,7153,train
HAM_0000801,ISIC_0025619,nv,histo,20.0,female,back,7154,train
HAM_0000704,ISIC_0033823,nv,histo,35.0,female,trunk,7155,train
HAM_0000704,ISIC_0032954,nv,histo,35.0,female,trunk,7156,train
HAM_0000704,ISIC_0033371,nv,histo,35.0,female,trunk,7157,train
HAM_0001615,ISIC_0033348,nv,histo,40.0,male,lower extremity,7158,train
HAM_0001615,ISIC_0033048,nv,histo,40.0,male,lower extremity,7159,train
HAM_0001615,ISIC_0033870,nv,histo,40.0,male,lower extremity,7160,train
HAM_0003505,ISIC_0033032,nv,histo,40.0,male,back,7161,train
HAM_0003505,ISIC_0034227,nv,histo,40.0,male,back,7162,train
HAM_0003505,ISIC_0033563,nv,histo,40.0,male,back,7163,train
HAM_0005408,ISIC_0031613,nv,histo,65.0,female,lower extremity,7164,train
HAM_0005048,ISIC_0029553,nv,histo,35.0,male,trunk,7165,train
HAM_0002793,ISIC_0029953,nv,histo,10.0,male,genital,7166,train
HAM_0000304,ISIC_0033276,nv,histo,45.0,female,abdomen,7167,train
HAM_0000304,ISIC_0034083,nv,histo,45.0,female,abdomen,7168,train
HAM_0000304,ISIC_0033316,nv,histo,45.0,female,abdomen,7169,train
HAM_0006916,ISIC_0026618,nv,histo,80.0,female,upper extremity,7170,train
HAM_0006916,ISIC_0026670,nv,histo,80.0,female,upper extremity,7171,train
HAM_0003158,ISIC_0025456,nv,histo,30.0,male,upper extremity,7172,train
HAM_0005374,ISIC_0034079,nv,histo,60.0,female,upper extremity,7173,train
HAM_0005374,ISIC_0033327,nv,histo,60.0,female,upper extremity,7174,train
HAM_0005374,ISIC_0032871,nv,histo,60.0,female,upper extremity,7175,train
HAM_0002009,ISIC_0034290,nv,histo,60.0,female,back,7176,train
HAM_0002009,ISIC_0033165,nv,histo,60.0,female,back,7177,train
HAM_0002009,ISIC_0033430,nv,histo,60.0,female,back,7178,train
HAM_0003215,ISIC_0027643,nv,histo,45.0,male,back,7179,train
HAM_0005523,ISIC_0027087,nv,histo,25.0,male,lower extremity,7180,train
HAM_0000077,ISIC_0030851,nv,histo,65.0,male,back,7181,train
HAM_0006634,ISIC_0033227,nv,histo,45.0,female,chest,7182,train
HAM_0006634,ISIC_0033365,nv,histo,45.0,female,chest,7183,train
HAM_0005351,ISIC_0032590,nv,histo,20.0,female,lower extremity,7190,train
HAM_0005351,ISIC_0033549,nv,histo,20.0,female,lower extremity,7191,train
HAM_0005351,ISIC_0033921,nv,histo,20.0,female,lower extremity,7192,train
HAM_0002136,ISIC_0033959,nv,histo,75.0,male,upper extremity,7193,train
HAM_0002136,ISIC_0032914,nv,histo,75.0,male,upper extremity,7194,train
HAM_0002136,ISIC_0033309,nv,histo,75.0,male,upper extremity,7195,train
HAM_0005116,ISIC_0034267,nv,histo,5.0,female,lower extremity,7196,train
HAM_0005116,ISIC_0033137,nv,histo,5.0,female,lower extremity,7197,train
HAM_0005116,ISIC_0032953,nv,histo,5.0,female,lower extremity,7198,train
HAM_0002803,ISIC_0028110,nv,histo,40.0,female,back,7200,train
HAM_0000268,ISIC_0034110,nv,histo,10.0,female,trunk,7201,train
HAM_0000268,ISIC_0025160,nv,histo,10.0,female,trunk,7202,train
HAM_0000268,ISIC_0033389,nv,histo,10.0,female,trunk,7203,train
HAM_0005700,ISIC_0031904,nv,histo,45.0,female,abdomen,7204,train
HAM_0003462,ISIC_0025239,nv,histo,30.0,female,chest,7205,train
HAM_0004706,ISIC_0034234,nv,histo,30.0,female,abdomen,7206,train
HAM_0004706,ISIC_0033308,nv,histo,30.0,female,abdomen,7207,train
HAM_0004706,ISIC_0034274,nv,histo,30.0,female,abdomen,7208,train
HAM_0005995,ISIC_0033331,nv,histo,30.0,female,lower extremity,7209,train
HAM_0005995,ISIC_0034192,nv,histo,30.0,female,lower extremity,7210,train
HAM_0005995,ISIC_0033689,nv,histo,30.0,female,lower extremity,7211,train
HAM_0006810,ISIC_0030546,nv,histo,20.0,female,back,7212,train
HAM_0007444,ISIC_0033989,nv,histo,50.0,female,lower extremity,7213,train
HAM_0007444,ISIC_0032977,nv,histo,50.0,female,lower extremity,7214,train
HAM_0007444,ISIC_0033664,nv,histo,50.0,female,lower extremity,7215,train
HAM_0006583,ISIC_0026177,nv,histo,30.0,male,trunk,7219,train
HAM_0002060,ISIC_0026979,nv,histo,15.0,female,back,7220,train
HAM_0001097,ISIC_0032950,nv,histo,50.0,female,chest,7221,train
HAM_0001097,ISIC_0034156,nv,histo,50.0,female,chest,7222,train
HAM_0003178,ISIC_0025713,nv,histo,25.0,female,upper extremity,7223,train
HAM_0002386,ISIC_0033919,nv,histo,65.0,male,trunk,7230,train
HAM_0002386,ISIC_0033640,nv,histo,65.0,male,trunk,7231,train
HAM_0002386,ISIC_0033927,nv,histo,65.0,male,trunk,7232,train
HAM_0000294,ISIC_0032664,nv,histo,40.0,male,lower extremity,7233,train
HAM_0000294,ISIC_0033461,nv,histo,40.0,male,lower extremity,7234,train
HAM_0006147,ISIC_0033511,nv,histo,45.0,male,abdomen,7235,train
HAM_0003937,ISIC_0027250,nv,histo,30.0,female,back,7238,train
HAM_0003937,ISIC_0025309,nv,histo,30.0,female,back,7239,train
HAM_0000523,ISIC_0031694,nv,histo,30.0,female,back,7242,train
HAM_0000523,ISIC_0025978,nv,histo,30.0,female,back,7243,train
HAM_0007196,ISIC_0027432,nv,histo,30.0,female,back,7244,train
HAM_0007196,ISIC_0024907,nv,histo,30.0,female,back,7245,train
HAM_0002797,ISIC_0026883,nv,histo,20.0,female,abdomen,7248,train
HAM_0002797,ISIC_0031412,nv,histo,20.0,female,abdomen,7249,train
HAM_0002796,ISIC_0025261,nv,histo,20.0,female,abdomen,7250,train
HAM_0002796,ISIC_0027654,nv,histo,20.0,female,abdomen,7251,train
HAM_0000395,ISIC_0029656,nv,histo,40.0,male,upper extremity,7252,train
HAM_0000395,ISIC_0025421,nv,histo,40.0,male,upper extremity,7253,train
HAM_0004260,ISIC_0025786,nv,histo,65.0,male,back,7255,train
HAM_0004260,ISIC_0025525,nv,histo,65.0,male,back,7256,train
HAM_0000249,ISIC_0027847,nv,histo,65.0,female,back,7257,train
HAM_0000249,ISIC_0030709,nv,histo,65.0,female,back,7258,train
HAM_0000138,ISIC_0028780,nv,histo,25.0,male,back,7261,train
HAM_0000138,ISIC_0029902,nv,histo,25.0,male,back,7262,train
HAM_0003904,ISIC_0025871,nv,histo,50.0,male,back,7263,train
HAM_0003904,ISIC_0031988,nv,histo,50.0,male,back,7264,train
HAM_0005107,ISIC_0026502,nv,histo,55.0,female,back,7265,train
HAM_0005107,ISIC_0032082,nv,histo,55.0,female,back,7266,train
HAM_0004128,ISIC_0027072,nv,histo,20.0,male,lower extremity,7267,train
HAM_0004128,ISIC_0030378,nv,histo,20.0,male,lower extremity,7268,train
HAM_0000380,ISIC_0024344,nv,histo,85.0,female,back,7269,train
HAM_0000380,ISIC_0025836,nv,histo,85.0,female,back,7270,train
HAM_0005127,ISIC_0026384,nv,histo,55.0,female,chest,7271,train
HAM_0005127,ISIC_0028436,nv,histo,55.0,female,chest,7272,train
HAM_0003235,ISIC_0025001,nv,histo,60.0,male,lower extremity,7275,train
HAM_0003235,ISIC_0028800,nv,histo,60.0,male,lower extremity,7276,train
HAM_0005879,ISIC_0026084,nv,histo,80.0,male,lower extremity,7282,train
HAM_0005879,ISIC_0025262,nv,histo,80.0,male,lower extremity,7283,train
HAM_0000012,ISIC_0030085,nv,histo,85.0,male,back,7284,train
HAM_0000012,ISIC_0029348,nv,histo,85.0,male,back,7285,train
HAM_0007350,ISIC_0031202,nv,histo,45.0,male,back,7286,train
HAM_0007350,ISIC_0030892,nv,histo,45.0,male,back,7287,train
HAM_0004222,ISIC_0030899,nv,histo,15.0,female,abdomen,7290,train
HAM_0004222,ISIC_0031757,nv,histo,15.0,female,abdomen,7291,train
HAM_0005880,ISIC_0025541,nv,histo,25.0,female,hand,7292,train
HAM_0005880,ISIC_0025117,nv,histo,25.0,female,hand,7293,train
HAM_0001107,ISIC_0032009,nv,histo,40.0,male,upper extremity,7294,train
HAM_0006147,ISIC_0032641,nv,histo,45.0,male,abdomen,7295,train
HAM_0006147,ISIC_0033345,nv,histo,45.0,male,abdomen,7296,train
HAM_0006869,ISIC_0032711,nv,histo,45.0,female,back,7297,train
HAM_0006869,ISIC_0033207,nv,histo,45.0,female,back,7298,train
HAM_0006869,ISIC_0032558,nv,histo,45.0,female,back,7299,train
HAM_0001046,ISIC_0034146,nv,histo,40.0,male,abdomen,7300,train
HAM_0001046,ISIC_0033964,nv,histo,40.0,male,abdomen,7301,train
HAM_0001046,ISIC_0032951,nv,histo,40.0,male,abdomen,7302,train
HAM_0005363,ISIC_0033652,nv,histo,60.0,male,trunk,7303,train
HAM_0005363,ISIC_0033944,nv,histo,60.0,male,trunk,7304,train
HAM_0005363,ISIC_0032717,nv,histo,60.0,male,trunk,7305,train
HAM_0004714,ISIC_0032651,nv,histo,30.0,female,upper extremity,7306,train
HAM_0004714,ISIC_0033699,nv,histo,30.0,female,upper extremity,7307,train
HAM_0004714,ISIC_0033915,nv,histo,30.0,female,upper extremity,7308,train
HAM_0006520,ISIC_0032767,nv,histo,65.0,male,back,7312,train
HAM_0006520,ISIC_0033503,nv,histo,65.0,male,back,7313,train
HAM_0006520,ISIC_0033795,nv,histo,65.0,male,back,7314,train
HAM_0004574,ISIC_0033850,nv,histo,70.0,female,back,7318,train
HAM_0004574,ISIC_0032671,nv,histo,70.0,female,back,7319,train
HAM_0004574,ISIC_0032566,nv,histo,70.0,female,back,7320,train
HAM_0000313,ISIC_0033292,nv,histo,40.0,male,lower extremity,7327,train
HAM_0000313,ISIC_0033610,nv,histo,40.0,male,lower extremity,7328,train
HAM_0000313,ISIC_0033100,nv,histo,40.0,male,lower extremity,7329,train
HAM_0002501,ISIC_0033388,nv,histo,40.0,male,trunk,7330,train
HAM_0002501,ISIC_0033009,nv,histo,40.0,male,trunk,7331,train
HAM_0002501,ISIC_0032928,nv,histo,40.0,male,trunk,7332,train
HAM_0002574,ISIC_0032666,nv,histo,55.0,male,chest,7333,train
HAM_0002574,ISIC_0033157,nv,histo,55.0,male,chest,7334,train
HAM_0002574,ISIC_0032811,nv,histo,55.0,male,chest,7335,train
HAM_0005106,ISIC_0034131,nv,histo,30.0,male,upper extremity,7336,train
HAM_0005106,ISIC_0032901,nv,histo,30.0,male,upper extremity,7337,train
HAM_0004829,ISIC_0034133,nv,histo,45.0,female,lower extremity,7344,train
HAM_0004829,ISIC_0034042,nv,histo,45.0,female,lower extremity,7345,train
HAM_0004829,ISIC_0032595,nv,histo,45.0,female,lower extremity,7346,train
HAM_0004296,ISIC_0034281,nv,histo,35.0,female,abdomen,7347,train
HAM_0004296,ISIC_0034152,nv,histo,35.0,female,abdomen,7348,train
HAM_0004296,ISIC_0033739,nv,histo,35.0,female,abdomen,7349,train
HAM_0001697,ISIC_0033827,nv,histo,35.0,female,abdomen,7352,train
HAM_0001697,ISIC_0033497,nv,histo,35.0,female,abdomen,7353,train
HAM_0002016,ISIC_0034273,nv,histo,70.0,male,lower extremity,7357,train
HAM_0002016,ISIC_0032805,nv,histo,70.0,male,lower extremity,7358,train
HAM_0002016,ISIC_0032753,nv,histo,70.0,male,lower extremity,7359,train
HAM_0003993,ISIC_0033706,nv,histo,45.0,male,upper extremity,7360,train
HAM_0003993,ISIC_0033097,nv,histo,45.0,male,upper extremity,7361,train
HAM_0003993,ISIC_0034014,nv,histo,45.0,male,upper extremity,7362,train
HAM_0002244,ISIC_0034320,nv,histo,25.0,female,chest,7363,train
HAM_0002244,ISIC_0032549,nv,histo,25.0,female,chest,7364,train
HAM_0006491,ISIC_0033657,nv,histo,40.0,female,back,7371,train
HAM_0006491,ISIC_0034038,nv,histo,40.0,female,back,7372,train
HAM_0006491,ISIC_0033070,nv,histo,40.0,female,back,7373,train
HAM_0000402,ISIC_0033837,nv,histo,10.0,female,foot,7374,train
HAM_0000402,ISIC_0032612,nv,histo,10.0,female,foot,7375,train
HAM_0000402,ISIC_0034039,nv,histo,10.0,female,foot,7376,train
HAM_0004963,ISIC_0032785,nv,histo,45.0,male,upper extremity,7377,train
HAM_0004963,ISIC_0032563,nv,histo,45.0,male,upper extremity,7378,train
HAM_0004963,ISIC_0033071,nv,histo,45.0,male,upper extremity,7379,train
HAM_0000579,ISIC_0032742,nv,histo,30.0,female,upper extremity,7385,train
HAM_0000579,ISIC_0032961,nv,histo,30.0,female,upper extremity,7386,train
HAM_0000579,ISIC_0034112,nv,histo,30.0,female,upper extremity,7387,train
HAM_0006379,ISIC_0033990,nv,histo,30.0,female,neck,7391,train
HAM_0006379,ISIC_0032937,nv,histo,30.0,female,neck,7392,train
HAM_0002721,ISIC_0032585,nv,histo,25.0,male,abdomen,7393,train
HAM_0002721,ISIC_0032899,nv,histo,25.0,male,abdomen,7394,train
HAM_0002721,ISIC_0034157,nv,histo,25.0,male,abdomen,7395,train
HAM_0005364,ISIC_0033231,nv,histo,40.0,male,back,7396,train
HAM_0005364,ISIC_0033035,nv,histo,40.0,male,back,7397,train
HAM_0005364,ISIC_0032525,nv,histo,40.0,male,back,7398,train
HAM_0001321,ISIC_0033385,nv,histo,70.0,male,chest,7402,train
HAM_0001321,ISIC_0033471,nv,histo,70.0,male,chest,7403,train
HAM_0001321,ISIC_0032831,nv,histo,70.0,male,chest,7404,train
HAM_0006615,ISIC_0032780,nv,histo,45.0,male,trunk,7405,train
HAM_0006615,ISIC_0033849,nv,histo,45.0,male,trunk,7406,train
HAM_0006615,ISIC_0032861,nv,histo,45.0,male,trunk,7407,train
HAM_0002878,ISIC_0033984,nv,histo,45.0,female,back,7408,train
HAM_0002878,ISIC_0032640,nv,histo,45.0,female,back,7409,train
HAM_0007005,ISIC_0032568,nv,histo,40.0,female,acral,7410,train
HAM_0007005,ISIC_0033126,nv,histo,40.0,female,acral,7411,train
HAM_0007005,ISIC_0034099,nv,histo,40.0,female,acral,7412,train
HAM_0003352,ISIC_0032599,nv,histo,35.0,unknown,trunk,7413,train
HAM_0003352,ISIC_0033472,nv,histo,35.0,unknown,trunk,7414,train
HAM_0003352,ISIC_0032667,nv,histo,35.0,unknown,trunk,7415,train
HAM_0005571,ISIC_0033648,nv,histo,35.0,male,neck,7416,train
HAM_0005571,ISIC_0032825,nv,histo,35.0,male,neck,7417,train
HAM_0005571,ISIC_0032803,nv,histo,35.0,male,neck,7418,train
HAM_0006539,ISIC_0033798,nv,histo,40.0,male,back,7419,train
HAM_0006539,ISIC_0033014,nv,histo,40.0,male,back,7420,train
HAM_0006539,ISIC_0032516,nv,histo,40.0,male,back,7421,train
HAM_0004615,ISIC_0032815,nv,histo,35.0,male,trunk,7425,train
HAM_0004615,ISIC_0033094,nv,histo,35.0,male,trunk,7426,train
HAM_0004615,ISIC_0033162,nv,histo,35.0,male,trunk,7427,train
HAM_0006857,ISIC_0033475,nv,histo,40.0,female,back,7428,train
HAM_0006857,ISIC_0033210,nv,histo,40.0,female,back,7429,train
HAM_0006857,ISIC_0033219,nv,histo,40.0,female,back,7430,train
HAM_0004550,ISIC_0034105,nv,histo,35.0,female,abdomen,7437,train
HAM_0004550,ISIC_0033138,nv,histo,35.0,female,abdomen,7438,train
HAM_0004550,ISIC_0032728,nv,histo,35.0,female,abdomen,7439,train
HAM_0000747,ISIC_0034319,nv,histo,30.0,male,trunk,7440,train
HAM_0000747,ISIC_0033748,nv,histo,30.0,male,trunk,7441,train
HAM_0000747,ISIC_0034044,nv,histo,30.0,male,trunk,7442,train
HAM_0001218,ISIC_0032864,nv,histo,35.0,female,trunk,7443,train
HAM_0001218,ISIC_0033763,nv,histo,35.0,female,trunk,7444,train
HAM_0001218,ISIC_0033650,nv,histo,35.0,female,trunk,7445,train
HAM_0007552,ISIC_0033825,nv,histo,70.0,male,chest,7449,train
HAM_0007552,ISIC_0033857,nv,histo,70.0,male,chest,7450,train
HAM_0007552,ISIC_0032731,nv,histo,70.0,male,chest,7451,train
HAM_0004503,ISIC_0033069,nv,histo,60.0,female,ear,7452,train
HAM_0004503,ISIC_0032735,nv,histo,60.0,female,ear,7453,train
HAM_0004503,ISIC_0033840,nv,histo,60.0,female,ear,7454,train
HAM_0003418,ISIC_0033632,nv,histo,50.0,male,back,7455,train
HAM_0003418,ISIC_0034025,nv,histo,50.0,male,back,7456,train
HAM_0003418,ISIC_0033182,nv,histo,50.0,male,back,7457,train
HAM_0005905,ISIC_0034257,nv,histo,50.0,male,back,7458,train
HAM_0007259,ISIC_0032999,nv,histo,45.0,male,foot,7459,train
HAM_0007259,ISIC_0032669,nv,histo,45.0,male,foot,7460,train
HAM_0007259,ISIC_0033236,nv,histo,45.0,male,foot,7461,train
HAM_0003947,ISIC_0032802,nv,histo,55.0,male,lower extremity,7462,train
HAM_0003947,ISIC_0032551,nv,histo,55.0,male,lower extremity,7463,train
HAM_0003947,ISIC_0033544,nv,histo,55.0,male,lower extremity,7464,train
HAM_0000547,ISIC_0033510,nv,histo,55.0,male,back,7468,train
HAM_0000547,ISIC_0033222,nv,histo,55.0,male,back,7469,train
HAM_0000547,ISIC_0032546,nv,histo,55.0,male,back,7470,train
HAM_0005206,ISIC_0032521,nv,histo,50.0,male,lower extremity,7471,train
HAM_0005206,ISIC_0032674,nv,histo,50.0,male,lower extremity,7472,train
HAM_0005206,ISIC_0033958,nv,histo,50.0,male,lower extremity,7473,train
HAM_0005433,ISIC_0033906,nv,histo,55.0,female,trunk,7477,train
HAM_0005433,ISIC_0033298,nv,histo,55.0,female,trunk,7478,train
HAM_0005433,ISIC_0034210,nv,histo,55.0,female,trunk,7479,train
HAM_0007306,ISIC_0026810,nv,histo,30.0,male,back,7480,train
HAM_0001870,ISIC_0033351,nv,histo,70.0,male,back,7481,train
HAM_0001870,ISIC_0033131,nv,histo,70.0,male,back,7482,train
HAM_0001870,ISIC_0033090,nv,histo,70.0,male,back,7483,train
HAM_0005383,ISIC_0033832,nv,histo,40.0,female,back,7484,train
HAM_0005383,ISIC_0032893,nv,histo,40.0,female,back,7485,train
HAM_0005383,ISIC_0032683,nv,histo,40.0,female,back,7486,train
HAM_0002641,ISIC_0034111,nv,histo,40.0,female,back,7487,train
HAM_0002641,ISIC_0032676,nv,histo,40.0,female,back,7488,train
HAM_0002641,ISIC_0034077,nv,histo,40.0,female,back,7489,train
HAM_0003259,ISIC_0033641,nv,histo,40.0,male,lower extremity,7490,train
HAM_0003259,ISIC_0033527,nv,histo,40.0,male,lower extremity,7491,train
HAM_0003259,ISIC_0032895,nv,histo,40.0,male,lower extremity,7492,train
HAM_0003824,ISIC_0033091,nv,histo,15.0,female,lower extremity,7493,train
HAM_0003824,ISIC_0034138,nv,histo,15.0,female,lower extremity,7494,train
HAM_0003824,ISIC_0032971,nv,histo,15.0,female,lower extremity,7495,train
HAM_0001040,ISIC_0032781,nv,histo,70.0,male,chest,7496,train
HAM_0001040,ISIC_0033237,nv,histo,70.0,male,chest,7497,train
HAM_0001040,ISIC_0032747,nv,histo,70.0,male,chest,7498,train
HAM_0001358,ISIC_0033170,nv,histo,50.0,female,back,7501,train
HAM_0001358,ISIC_0032680,nv,histo,50.0,female,back,7502,train
HAM_0001358,ISIC_0033674,nv,histo,50.0,female,back,7503,train
HAM_0005573,ISIC_0033411,nv,histo,45.0,female,trunk,7506,train
HAM_0005573,ISIC_0034096,nv,histo,45.0,female,trunk,7507,train
HAM_0005573,ISIC_0033382,nv,histo,45.0,female,trunk,7508,train
HAM_0003288,ISIC_0032587,nv,histo,15.0,female,lower extremity,7512,train
HAM_0003288,ISIC_0033824,nv,histo,15.0,female,lower extremity,7513,train
HAM_0003288,ISIC_0033830,nv,histo,15.0,female,lower extremity,7514,train
HAM_0001264,ISIC_0032838,nv,histo,45.0,male,chest,7515,train
HAM_0001264,ISIC_0034230,nv,histo,45.0,male,chest,7516,train
HAM_0001264,ISIC_0033057,nv,histo,45.0,male,chest,7517,train
HAM_0003512,ISIC_0034300,nv,histo,35.0,male,back,7518,train
HAM_0003512,ISIC_0033155,nv,histo,35.0,male,back,7519,train
HAM_0003512,ISIC_0032609,nv,histo,35.0,male,back,7520,train
HAM_0000439,ISIC_0033729,nv,histo,65.0,male,back,7521,train
HAM_0000439,ISIC_0034307,nv,histo,65.0,male,back,7522,train
HAM_0000439,ISIC_0034137,nv,histo,65.0,male,back,7523,train
HAM_0001740,ISIC_0032761,nv,histo,30.0,male,chest,7524,train
HAM_0001740,ISIC_0033160,nv,histo,30.0,male,chest,7525,train
HAM_0001740,ISIC_0033930,nv,histo,30.0,male,chest,7526,train
HAM_0005820,ISIC_0033904,nv,histo,35.0,female,back,7530,train
HAM_0005820,ISIC_0033342,nv,histo,35.0,female,back,7531,train
HAM_0005820,ISIC_0033265,nv,histo,35.0,female,back,7532,train
HAM_0002890,ISIC_0032704,nv,histo,50.0,male,upper extremity,7533,train
HAM_0002890,ISIC_0033289,nv,histo,50.0,male,upper extremity,7534,train
HAM_0001246,ISIC_0032822,nv,histo,40.0,female,lower extremity,7535,train
HAM_0001246,ISIC_0033283,nv,histo,40.0,female,lower extremity,7536,train
HAM_0001246,ISIC_0033359,nv,histo,40.0,female,lower extremity,7537,train
HAM_0003614,ISIC_0032905,nv,histo,40.0,male,chest,7538,train
HAM_0003614,ISIC_0034001,nv,histo,40.0,male,chest,7539,train
HAM_0003614,ISIC_0032560,nv,histo,40.0,male,chest,7540,train
HAM_0001641,ISIC_0033427,nv,histo,60.0,male,abdomen,7541,train
HAM_0001641,ISIC_0033948,nv,histo,60.0,male,abdomen,7542,train
HAM_0001641,ISIC_0033680,nv,histo,60.0,male,abdomen,7543,train
HAM_0003181,ISIC_0033085,nv,histo,35.0,male,back,7544,train
HAM_0003181,ISIC_0033976,nv,histo,35.0,male,back,7545,train
HAM_0003181,ISIC_0034030,nv,histo,35.0,male,back,7546,train
HAM_0001133,ISIC_0034179,nv,histo,20.0,female,back,7547,train
HAM_0001133,ISIC_0034206,nv,histo,20.0,female,back,7548,train
HAM_0001133,ISIC_0032980,nv,histo,20.0,female,back,7549,train
HAM_0006042,ISIC_0034314,nv,histo,50.0,male,abdomen,7550,train
HAM_0006042,ISIC_0034174,nv,histo,50.0,male,abdomen,7551,train
HAM_0006120,ISIC_0028684,nv,histo,30.0,female,upper extremity,7552,train
HAM_0006042,ISIC_0033983,nv,histo,50.0,male,abdomen,7553,train
HAM_0006120,ISIC_0025372,nv,histo,30.0,female,upper extremity,7554,train
HAM_0002253,ISIC_0033492,nv,histo,35.0,male,back,7559,train
HAM_0002253,ISIC_0032548,nv,histo,35.0,male,back,7560,train
HAM_0002253,ISIC_0033106,nv,histo,35.0,male,back,7561,train
HAM_0003884,ISIC_0033605,nv,histo,35.0,female,back,7566,train
HAM_0003884,ISIC_0033961,nv,histo,35.0,female,back,7567,train
HAM_0003884,ISIC_0033702,nv,histo,35.0,female,back,7568,train
HAM_0007483,ISIC_0032942,nv,histo,35.0,female,back,7572,train
HAM_0007510,ISIC_0025587,nv,histo,20.0,female,lower extremity,7573,train
HAM_0007483,ISIC_0032628,nv,histo,35.0,female,back,7574,train
HAM_0000067,ISIC_0034153,nv,histo,50.0,female,ear,7577,train
HAM_0000067,ISIC_0034017,nv,histo,50.0,female,ear,7578,train
HAM_0004088,ISIC_0034215,nv,histo,20.0,female,lower extremity,7579,train
HAM_0001026,ISIC_0033743,nv,histo,20.0,female,foot,7580,train
HAM_0000165,ISIC_0033833,nv,histo,50.0,female,foot,7581,train
HAM_0001912,ISIC_0033145,nv,histo,40.0,female,lower extremity,7587,train
HAM_0001912,ISIC_0033799,nv,histo,40.0,female,lower extremity,7588,train
HAM_0007475,ISIC_0034292,nv,histo,50.0,female,foot,7593,train
HAM_0007475,ISIC_0034207,nv,histo,50.0,female,foot,7594,train
HAM_0007475,ISIC_0033408,nv,histo,50.0,female,foot,7595,train
HAM_0003193,ISIC_0032882,nv,histo,35.0,female,abdomen,7602,train
HAM_0003193,ISIC_0034078,nv,histo,35.0,female,abdomen,7603,train
HAM_0003193,ISIC_0032818,nv,histo,35.0,female,abdomen,7604,train
HAM_0001511,ISIC_0034060,nv,histo,30.0,female,back,7605,train
HAM_0001511,ISIC_0033002,nv,histo,30.0,female,back,7606,train
HAM_0001511,ISIC_0033683,nv,histo,30.0,female,back,7607,train
HAM_0004411,ISIC_0032524,nv,histo,55.0,male,back,7608,train
HAM_0004411,ISIC_0033376,nv,histo,55.0,male,back,7609,train
HAM_0004411,ISIC_0033796,nv,histo,55.0,male,back,7610,train
HAM_0001824,ISIC_0033121,nv,histo,55.0,male,lower extremity,7611,train
HAM_0001824,ISIC_0034158,nv,histo,55.0,male,lower extremity,7612,train
HAM_0001824,ISIC_0033213,nv,histo,55.0,male,lower extremity,7613,train
HAM_0007367,ISIC_0032705,nv,histo,5.0,male,trunk,7617,train
HAM_0007367,ISIC_0034198,nv,histo,5.0,male,trunk,7618,train
HAM_0007367,ISIC_0033658,nv,histo,5.0,male,trunk,7619,train
HAM_0007367,ISIC_0033046,nv,histo,5.0,male,trunk,7620,train
HAM_0007367,ISIC_0032689,nv,histo,5.0,male,trunk,7621,train
HAM_0006666,ISIC_0034088,nv,histo,35.0,female,abdomen,7622,train
HAM_0006666,ISIC_0034268,nv,histo,35.0,female,abdomen,7623,train
HAM_0006666,ISIC_0032908,nv,histo,35.0,female,abdomen,7624,train
HAM_0005190,ISIC_0034203,nv,histo,40.0,female,back,7625,train
HAM_0005190,ISIC_0033311,nv,histo,40.0,female,back,7626,train
HAM_0005190,ISIC_0032700,nv,histo,40.0,female,back,7627,train
HAM_0005566,ISIC_0032608,nv,histo,70.0,male,chest,7628,train
HAM_0005566,ISIC_0032746,nv,histo,70.0,male,chest,7629,train
HAM_0005566,ISIC_0033266,nv,histo,70.0,male,chest,7630,train
HAM_0000216,ISIC_0033936,nv,histo,20.0,male,foot,7634,train
HAM_0000216,ISIC_0034121,nv,histo,20.0,male,foot,7635,train
HAM_0000216,ISIC_0034232,nv,histo,20.0,male,foot,7636,train
HAM_0004882,ISIC_0034282,nv,histo,20.0,male,chest,7637,train
HAM_0004882,ISIC_0033357,nv,histo,20.0,male,chest,7638,train
HAM_0004882,ISIC_0034178,nv,histo,20.0,male,chest,7639,train
HAM_0001683,ISIC_0033517,nv,histo,75.0,male,lower extremity,7640,train
HAM_0001683,ISIC_0033513,nv,histo,75.0,male,lower extremity,7641,train
HAM_0001683,ISIC_0033649,nv,histo,75.0,male,lower extremity,7642,train
HAM_0006623,ISIC_0033404,nv,histo,55.0,male,back,7643,train
HAM_0006623,ISIC_0033478,nv,histo,55.0,male,back,7644,train
HAM_0002139,ISIC_0032786,nv,histo,10.0,female,upper extremity,7647,train
HAM_0002139,ISIC_0033788,nv,histo,10.0,female,upper extremity,7648,train
HAM_0002367,ISIC_0033150,nv,histo,60.0,male,abdomen,7649,train
HAM_0002367,ISIC_0033698,nv,histo,60.0,male,abdomen,7650,train
HAM_0002367,ISIC_0034240,nv,histo,60.0,male,abdomen,7651,train
HAM_0002582,ISIC_0033665,nv,histo,50.0,male,abdomen,7658,train
HAM_0002582,ISIC_0032813,nv,histo,50.0,male,abdomen,7659,train
HAM_0000676,ISIC_0032969,nv,histo,40.0,male,back,7671,train
HAM_0000676,ISIC_0033894,nv,histo,40.0,male,back,7672,train
HAM_0007265,ISIC_0033933,nv,histo,20.0,male,chest,7673,train
HAM_0007265,ISIC_0033447,nv,histo,20.0,male,chest,7674,train
HAM_0007265,ISIC_0033639,nv,histo,20.0,male,chest,7675,train
HAM_0003634,ISIC_0033194,nv,histo,45.0,male,lower extremity,7679,train
HAM_0003634,ISIC_0034258,nv,histo,45.0,male,lower extremity,7680,train
HAM_0003634,ISIC_0034023,nv,histo,45.0,male,lower extremity,7681,train
HAM_0003106,ISIC_0033243,nv,histo,30.0,male,chest,7682,train
HAM_0003106,ISIC_0032648,nv,histo,30.0,male,chest,7683,train
HAM_0003106,ISIC_0032620,nv,histo,30.0,male,chest,7684,train
HAM_0003106,ISIC_0030420,nv,histo,30.0,male,chest,7685,train
HAM_0007562,ISIC_0033671,nv,histo,30.0,male,chest,7686,train
HAM_0007562,ISIC_0033711,nv,histo,30.0,male,chest,7687,train
HAM_0001777,ISIC_0034084,nv,histo,35.0,female,lower extremity,7688,train
HAM_0001777,ISIC_0033273,nv,histo,35.0,female,lower extremity,7689,train
HAM_0001777,ISIC_0034176,nv,histo,35.0,female,lower extremity,7690,train
HAM_0006700,ISIC_0032693,nv,histo,40.0,female,back,7694,train
HAM_0006700,ISIC_0032734,nv,histo,40.0,female,back,7695,train
HAM_0006700,ISIC_0032659,nv,histo,40.0,female,back,7696,train
HAM_0004872,ISIC_0033867,nv,histo,35.0,female,foot,7702,train
HAM_0004872,ISIC_0033202,nv,histo,35.0,female,foot,7703,train
HAM_0003676,ISIC_0032530,nv,histo,25.0,female,lower extremity,7712,train
HAM_0003676,ISIC_0033249,nv,histo,25.0,female,lower extremity,7713,train
HAM_0002908,ISIC_0032650,nv,histo,65.0,male,back,7714,train
HAM_0002908,ISIC_0034182,nv,histo,65.0,male,back,7715,train
HAM_0007148,ISIC_0032858,nv,histo,40.0,male,back,7719,train
HAM_0007148,ISIC_0033965,nv,histo,40.0,male,back,7720,train
HAM_0003243,ISIC_0026279,nv,histo,30.0,female,upper extremity,7721,train
HAM_0003243,ISIC_0031814,nv,histo,30.0,female,upper extremity,7722,train
HAM_0006799,ISIC_0033093,nv,histo,25.0,female,back,7725,train
HAM_0006799,ISIC_0033501,nv,histo,25.0,female,back,7726,train
HAM_0006799,ISIC_0032677,nv,histo,25.0,female,back,7727,train
HAM_0004444,ISIC_0032769,nv,histo,55.0,male,upper extremity,7728,train
HAM_0004444,ISIC_0033922,nv,histo,55.0,male,upper extremity,7729,train
HAM_0004444,ISIC_0033108,nv,histo,55.0,male,upper extremity,7730,train
HAM_0002208,ISIC_0033940,nv,histo,20.0,female,lower extremity,7731,train
HAM_0002208,ISIC_0033818,nv,histo,20.0,female,lower extremity,7732,train
HAM_0002208,ISIC_0034029,nv,histo,20.0,female,lower extremity,7733,train
HAM_0005513,ISIC_0033214,nv,histo,5.0,female,back,7737,train
HAM_0005513,ISIC_0033255,nv,histo,5.0,female,back,7738,train
HAM_0005513,ISIC_0033229,nv,histo,5.0,female,back,7739,train
HAM_0006118,ISIC_0026429,nv,histo,65.0,male,back,7740,train
HAM_0001943,ISIC_0025769,nv,histo,30.0,female,lower extremity,7741,train
HAM_0001943,ISIC_0032909,nv,histo,30.0,female,lower extremity,7742,train
HAM_0001943,ISIC_0033134,nv,histo,30.0,female,lower extremity,7743,train
HAM_0001943,ISIC_0034301,nv,histo,30.0,female,lower extremity,7744,train
HAM_0002170,ISIC_0034237,nv,histo,40.0,male,lower extremity,7748,train
HAM_0002170,ISIC_0034032,nv,histo,40.0,male,lower extremity,7749,train
HAM_0002170,ISIC_0033075,nv,histo,40.0,male,lower extremity,7750,train
HAM_0006550,ISIC_0033406,nv,histo,50.0,female,lower extremity,7751,train
HAM_0006550,ISIC_0033493,nv,histo,50.0,female,lower extremity,7752,train
HAM_0006550,ISIC_0033007,nv,histo,50.0,female,lower extremity,7753,train
HAM_0001720,ISIC_0034010,nv,histo,45.0,male,abdomen,7754,train
HAM_0001720,ISIC_0032819,nv,histo,45.0,male,abdomen,7755,train
HAM_0003346,ISIC_0032995,nv,histo,50.0,male,chest,7759,train
HAM_0003346,ISIC_0032754,nv,histo,50.0,male,chest,7760,train
HAM_0003346,ISIC_0032714,nv,histo,50.0,male,chest,7761,train
HAM_0006191,ISIC_0033645,nv,histo,45.0,male,abdomen,7774,train
HAM_0006191,ISIC_0028829,nv,histo,45.0,male,abdomen,7775,train
HAM_0006191,ISIC_0033530,nv,histo,45.0,male,abdomen,7776,train
HAM_0000772,ISIC_0032994,nv,histo,20.0,female,face,7777,train
HAM_0000772,ISIC_0033604,nv,histo,20.0,female,face,7778,train
HAM_0005185,ISIC_0033412,nv,histo,40.0,female,lower extremity,7784,train
HAM_0005185,ISIC_0033514,nv,histo,40.0,female,lower extremity,7785,train
HAM_0005185,ISIC_0033876,nv,histo,40.0,female,lower extremity,7786,train
HAM_0006014,ISIC_0032737,nv,histo,10.0,female,chest,7787,train
HAM_0000316,ISIC_0033339,nv,histo,40.0,female,trunk,7788,train
HAM_0005083,ISIC_0031482,nv,histo,55.0,female,lower extremity,7789,train
HAM_0005083,ISIC_0032944,nv,histo,55.0,female,lower extremity,7790,train
HAM_0005083,ISIC_0033516,nv,histo,55.0,female,lower extremity,7791,train
HAM_0001667,ISIC_0033080,nv,histo,60.0,male,trunk,7796,train
HAM_0001667,ISIC_0034129,nv,histo,60.0,male,trunk,7797,train
HAM_0001839,ISIC_0033943,nv,histo,70.0,male,back,7801,train
HAM_0001839,ISIC_0033434,nv,histo,70.0,male,back,7802,train
HAM_0006078,ISIC_0033013,nv,histo,15.0,female,foot,7805,train
HAM_0006078,ISIC_0032809,nv,histo,15.0,female,foot,7806,train
HAM_0005760,ISIC_0032621,nv,histo,45.0,female,lower extremity,7807,train
HAM_0005760,ISIC_0033328,nv,histo,45.0,female,lower extremity,7808,train
HAM_0003744,ISIC_0033006,nv,histo,5.0,female,foot,7811,train
HAM_0003744,ISIC_0032518,nv,histo,5.0,female,foot,7812,train
HAM_0003744,ISIC_0033548,nv,histo,5.0,female,foot,7813,train
HAM_0007169,ISIC_0033433,nv,histo,20.0,male,foot,7814,train
HAM_0007169,ISIC_0032934,nv,histo,20.0,male,foot,7815,train
HAM_0006628,ISIC_0033742,nv,histo,20.0,male,lower extremity,7816,train
HAM_0006628,ISIC_0034127,nv,histo,20.0,male,lower extremity,7817,train
HAM_0006628,ISIC_0033111,nv,histo,20.0,male,lower extremity,7818,train
HAM_0007433,ISIC_0033077,nv,histo,45.0,male,back,7822,train
HAM_0007433,ISIC_0033951,nv,histo,45.0,male,back,7823,train
HAM_0007433,ISIC_0033149,nv,histo,45.0,male,back,7824,train
HAM_0003003,ISIC_0033343,nv,histo,35.0,female,back,7825,train
HAM_0003003,ISIC_0033502,nv,histo,35.0,female,back,7826,train
HAM_0002476,ISIC_0034187,nv,histo,15.0,male,back,7832,train
HAM_0002476,ISIC_0027837,nv,histo,15.0,male,back,7833,train
HAM_0007299,ISIC_0033764,nv,histo,50.0,male,back,7842,train
HAM_0007299,ISIC_0033934,nv,histo,50.0,male,back,7843,train
HAM_0007299,ISIC_0032565,nv,histo,50.0,male,back,7844,train
HAM_0003623,ISIC_0033512,nv,histo,50.0,female,back,7845,train
HAM_0003623,ISIC_0032788,nv,histo,50.0,female,back,7846,train
HAM_0005887,ISIC_0033221,nv,histo,60.0,male,lower extremity,7847,train
HAM_0005887,ISIC_0033340,nv,histo,60.0,male,lower extremity,7848,train
HAM_0004303,ISIC_0033737,nv,histo,60.0,female,upper extremity,7851,train
HAM_0004303,ISIC_0033932,nv,histo,60.0,female,upper extremity,7852,train
HAM_0006329,ISIC_0032758,nv,histo,50.0,female,abdomen,7855,train
HAM_0006329,ISIC_0033939,nv,histo,50.0,female,abdomen,7856,train
HAM_0002502,ISIC_0034220,nv,histo,40.0,male,abdomen,7861,train
HAM_0002502,ISIC_0032973,nv,histo,40.0,male,abdomen,7862,train
HAM_0002502,ISIC_0033425,nv,histo,40.0,male,abdomen,7863,train
HAM_0000578,ISIC_0033288,nv,histo,30.0,female,back,7867,train
HAM_0000578,ISIC_0033087,nv,histo,30.0,female,back,7868,train
HAM_0001883,ISIC_0033224,nv,histo,30.0,female,back,7875,train
HAM_0001883,ISIC_0033360,nv,histo,30.0,female,back,7876,train
HAM_0002431,ISIC_0033294,nv,histo,25.0,male,lower extremity,7877,train
HAM_0002431,ISIC_0033030,nv,histo,25.0,male,lower extremity,7878,train
HAM_0002431,ISIC_0032657,nv,histo,25.0,male,lower extremity,7879,train
HAM_0006782,ISIC_0032886,nv,histo,50.0,female,abdomen,7883,train
HAM_0006782,ISIC_0032581,nv,histo,50.0,female,abdomen,7884,train
HAM_0006813,ISIC_0033167,nv,histo,30.0,female,trunk,7887,train
HAM_0006813,ISIC_0033937,nv,histo,30.0,female,trunk,7888,train
HAM_0005594,ISIC_0033703,nv,histo,40.0,female,neck,7889,train
HAM_0005594,ISIC_0034245,nv,histo,40.0,female,neck,7890,train
HAM_0006637,ISIC_0033435,nv,histo,30.0,male,lower extremity,7896,train
HAM_0006637,ISIC_0034016,nv,histo,30.0,male,lower extremity,7897,train
HAM_0003535,ISIC_0033960,nv,histo,35.0,female,trunk,7898,train
HAM_0003535,ISIC_0033259,nv,histo,35.0,female,trunk,7899,train
HAM_0003535,ISIC_0033403,nv,histo,35.0,female,trunk,7900,train
HAM_0002015,ISIC_0033954,nv,histo,30.0,female,lower extremity,7901,train
HAM_0002015,ISIC_0033771,nv,histo,30.0,female,lower extremity,7902,train
HAM_0002015,ISIC_0034035,nv,histo,30.0,female,lower extremity,7903,train
HAM_0004149,ISIC_0033880,nv,histo,45.0,female,foot,7904,train
HAM_0004149,ISIC_0033994,nv,histo,45.0,female,foot,7905,train
HAM_0004149,ISIC_0032755,nv,histo,45.0,female,foot,7906,train
HAM_0005052,ISIC_0033724,nv,histo,35.0,male,lower extremity,7907,train
HAM_0005052,ISIC_0033786,nv,histo,35.0,male,lower extremity,7908,train
HAM_0004226,ISIC_0032494,nv,histo,25.0,female,trunk,7911,train
HAM_0004226,ISIC_0032760,nv,histo,25.0,female,trunk,7912,train
HAM_0004226,ISIC_0034128,nv,histo,25.0,female,trunk,7913,train
HAM_0000443,ISIC_0034271,nv,histo,35.0,female,back,7914,train
HAM_0003969,ISIC_0033564,nv,histo,15.0,female,chest,7915,train
HAM_0003969,ISIC_0032627,nv,histo,15.0,female,chest,7916,train
HAM_0001739,ISIC_0033845,nv,histo,80.0,male,abdomen,7917,train
HAM_0001739,ISIC_0032884,nv,histo,80.0,male,abdomen,7918,train
HAM_0005209,ISIC_0033532,nv,histo,45.0,female,back,7919,train
HAM_0005209,ISIC_0032713,nv,histo,45.0,female,back,7920,train
HAM_0002915,ISIC_0034009,nv,histo,65.0,male,upper extremity,7924,train
HAM_0002915,ISIC_0034305,nv,histo,65.0,male,upper extremity,7925,train
HAM_0002915,ISIC_0034097,nv,histo,65.0,male,upper extremity,7926,train
HAM_0002874,ISIC_0033707,nv,histo,45.0,male,abdomen,7927,train
HAM_0002874,ISIC_0033912,nv,histo,45.0,male,abdomen,7928,train
HAM_0003248,ISIC_0032380,nv,histo,30.0,female,back,7929,train
HAM_0003248,ISIC_0025447,nv,histo,30.0,female,back,7930,train
HAM_0007216,ISIC_0032962,nv,histo,30.0,male,back,7934,train
HAM_0002329,ISIC_0034272,nv,histo,45.0,female,lower extremity,7935,train
HAM_0002329,ISIC_0032911,nv,histo,45.0,female,lower extremity,7936,train
HAM_0004043,ISIC_0033792,nv,histo,65.0,female,back,7937,train
HAM_0004043,ISIC_0030492,nv,histo,65.0,female,back,7938,train
HAM_0004043,ISIC_0033926,nv,histo,65.0,female,back,7939,train
HAM_0002448,ISIC_0034122,nv,histo,35.0,female,back,7942,train
HAM_0002448,ISIC_0033281,nv,histo,35.0,female,back,7943,train
HAM_0002448,ISIC_0033285,nv,histo,35.0,female,back,7944,train
HAM_0001211,ISIC_0033781,nv,histo,50.0,male,chest,7945,train
HAM_0001801,ISIC_0033909,nv,histo,35.0,female,abdomen,7955,train
HAM_0001801,ISIC_0033293,nv,histo,35.0,female,abdomen,7956,train
HAM_0003057,ISIC_0033026,nv,histo,45.0,female,back,7957,train
HAM_0003057,ISIC_0033774,nv,histo,45.0,female,back,7958,train
HAM_0001708,ISIC_0034191,nv,histo,55.0,male,lower extremity,7959,train
HAM_0001708,ISIC_0033719,nv,histo,55.0,male,lower extremity,7960,train
HAM_0002417,ISIC_0033442,nv,histo,,male,upper extremity,7961,train
HAM_0002417,ISIC_0032943,nv,histo,,male,upper extremity,7962,train
HAM_0001175,ISIC_0033462,nv,histo,5.0,female,lower extremity,7969,train
HAM_0001175,ISIC_0033191,nv,histo,5.0,female,lower extremity,7970,train
HAM_0004581,ISIC_0033508,nv,consensus,55.0,male,unknown,7971,train
HAM_0004582,ISIC_0033875,nv,consensus,55.0,male,unknown,7972,train
HAM_0004581,ISIC_0032539,nv,consensus,55.0,male,unknown,7974,train
HAM_0004581,ISIC_0032686,nv,consensus,55.0,male,unknown,7975,train
HAM_0004584,ISIC_0034249,nv,consensus,55.0,male,unknown,7976,train
HAM_0004586,ISIC_0033329,nv,consensus,55.0,male,unknown,7978,train
HAM_0004587,ISIC_0034181,nv,consensus,55.0,male,unknown,7979,train
HAM_0004588,ISIC_0033277,nv,consensus,55.0,male,unknown,7980,train
HAM_0004589,ISIC_0033197,nv,consensus,55.0,male,unknown,7981,train
HAM_0001547,ISIC_0034209,nv,histo,25.0,male,lower extremity,7983,train
HAM_0001547,ISIC_0034297,nv,histo,25.0,male,lower extremity,7984,train
HAM_0002257,ISIC_0033448,nv,histo,60.0,male,back,7987,train
HAM_0002257,ISIC_0034304,nv,histo,60.0,male,back,7988,train
HAM_0004189,ISIC_0033036,nv,histo,40.0,female,unknown,7989,train
HAM_0004599,ISIC_0034124,nv,histo,30.0,female,back,7992,train
HAM_0004599,ISIC_0033861,nv,histo,30.0,female,back,7993,train
HAM_0004000,ISIC_0032762,nv,histo,35.0,female,upper extremity,7996,train
HAM_0004000,ISIC_0032594,nv,histo,35.0,female,upper extremity,7997,train
HAM_0004000,ISIC_0033147,nv,histo,35.0,female,upper extremity,7998,train
HAM_0001994,ISIC_0033407,nv,histo,60.0,female,back,7999,train
HAM_0001994,ISIC_0033734,nv,histo,60.0,female,back,8000,train
HAM_0001994,ISIC_0033923,nv,histo,60.0,female,back,8001,train
HAM_0006284,ISIC_0033769,nv,histo,5.0,female,back,8002,train
HAM_0006284,ISIC_0032904,nv,histo,5.0,female,back,8003,train
HAM_0003033,ISIC_0025970,nv,histo,60.0,female,lower extremity,8004,train
HAM_0003699,ISIC_0027397,nv,histo,60.0,male,back,8006,train
HAM_0005715,ISIC_0032519,nv,histo,65.0,male,back,8009,train
HAM_0005715,ISIC_0034090,nv,histo,65.0,male,back,8010,train
HAM_0003310,ISIC_0034217,nv,histo,60.0,male,abdomen,8013,train
HAM_0003310,ISIC_0032952,nv,histo,60.0,male,abdomen,8014,train
HAM_0005489,ISIC_0033851,nv,histo,60.0,male,trunk,8015,train
HAM_0006610,ISIC_0034008,nv,histo,45.0,female,upper extremity,8018,train
HAM_0006610,ISIC_0033250,nv,histo,45.0,female,upper extremity,8019,train
HAM_0006295,ISIC_0033177,nv,histo,25.0,female,back,8020,train
HAM_0006295,ISIC_0033086,nv,histo,25.0,female,back,8021,train
HAM_0006295,ISIC_0032720,nv,histo,25.0,female,back,8022,train
HAM_0001437,ISIC_0033314,nv,histo,10.0,male,foot,8025,train
HAM_0001437,ISIC_0033580,nv,histo,10.0,male,foot,8026,train
HAM_0001948,ISIC_0033993,nv,histo,35.0,male,foot,8027,train
HAM_0001948,ISIC_0032926,nv,histo,35.0,male,foot,8028,train
HAM_0001948,ISIC_0033049,nv,histo,35.0,male,foot,8029,train
HAM_0007533,ISIC_0033463,nv,histo,10.0,female,lower extremity,8030,train
HAM_0007533,ISIC_0033757,nv,histo,10.0,female,lower extremity,8031,train
HAM_0002596,ISIC_0034063,nv,consensus,25.0,male,unknown,8033,train
HAM_0002597,ISIC_0033045,nv,consensus,25.0,male,unknown,8034,train
HAM_0002598,ISIC_0033873,nv,consensus,25.0,male,unknown,8035,train
HAM_0002599,ISIC_0033143,nv,consensus,25.0,male,unknown,8036,train
HAM_0002601,ISIC_0032510,nv,consensus,25.0,male,unknown,8038,train
HAM_0002602,ISIC_0032798,nv,consensus,25.0,male,unknown,8039,train
HAM_0002596,ISIC_0032848,nv,consensus,25.0,male,unknown,8040,train
HAM_0002604,ISIC_0033656,nv,consensus,25.0,male,unknown,8042,train
HAM_0002605,ISIC_0034164,nv,consensus,25.0,male,unknown,8043,train
HAM_0002607,ISIC_0032744,nv,consensus,25.0,male,unknown,8045,train
HAM_0001405,ISIC_0033033,nv,histo,55.0,female,lower extremity,8046,train
HAM_0001405,ISIC_0033390,nv,histo,55.0,female,lower extremity,8047,train
HAM_0001405,ISIC_0033836,nv,histo,55.0,female,lower extremity,8048,train
HAM_0005972,ISIC_0033585,nv,histo,35.0,female,lower extremity,8049,train
HAM_0005972,ISIC_0033319,nv,histo,35.0,female,lower extremity,8050,train
HAM_0001755,ISIC_0029393,nv,histo,25.0,male,trunk,8051,train
HAM_0000226,ISIC_0024854,nv,histo,15.0,male,back,8053,train
HAM_0003997,ISIC_0030537,nv,histo,45.0,female,unknown,8054,train
HAM_0001706,ISIC_0030023,nv,histo,40.0,male,trunk,8058,train
HAM_0003857,ISIC_0028210,nv,histo,40.0,male,back,8059,train
HAM_0004564,ISIC_0026761,nv,histo,15.0,female,back,8066,train
HAM_0004564,ISIC_0032322,nv,histo,15.0,female,back,8067,train
HAM_0006333,ISIC_0024424,nv,histo,35.0,male,trunk,8071,train
HAM_0000348,ISIC_0028290,nv,histo,35.0,male,back,8072,train
HAM_0002740,ISIC_0027246,nv,histo,30.0,male,back,8073,train
HAM_0004954,ISIC_0030156,nv,histo,35.0,female,lower extremity,8074,train
HAM_0006529,ISIC_0024695,nv,histo,55.0,female,trunk,8075,train
HAM_0002533,ISIC_0027755,nv,histo,30.0,female,back,8078,train
HAM_0000054,ISIC_0025795,nv,histo,35.0,female,back,8079,train
HAM_0000054,ISIC_0026498,nv,histo,35.0,female,back,8080,train
HAM_0005421,ISIC_0031970,nv,histo,75.0,male,trunk,8082,train
HAM_0005421,ISIC_0028060,nv,histo,75.0,male,trunk,8083,train
HAM_0000279,ISIC_0028429,nv,histo,40.0,female,trunk,8085,train
HAM_0000279,ISIC_0032375,nv,histo,40.0,female,trunk,8086,train
HAM_0000135,ISIC_0030362,nv,histo,25.0,female,lower extremity,8087,train
HAM_0000135,ISIC_0031460,nv,histo,25.0,female,lower extremity,8088,train
HAM_0003667,ISIC_0025695,nv,histo,10.0,male,chest,8089,train
HAM_0003667,ISIC_0026427,nv,histo,10.0,male,chest,8090,train
HAM_0001276,ISIC_0031948,nv,histo,70.0,male,trunk,8091,train
HAM_0001745,ISIC_0025045,nv,histo,65.0,male,back,8092,train
HAM_0001745,ISIC_0030543,nv,histo,65.0,male,back,8093,train
HAM_0001012,ISIC_0031867,nv,histo,55.0,male,chest,8094,train
HAM_0001242,ISIC_0025988,nv,histo,40.0,female,lower extremity,8095,train
HAM_0000231,ISIC_0024608,nv,histo,55.0,male,lower extremity,8096,train
HAM_0000626,ISIC_0025267,nv,histo,35.0,female,foot,8097,train
HAM_0000626,ISIC_0029581,nv,histo,35.0,female,foot,8098,train
HAM_0004485,ISIC_0029814,nv,histo,35.0,female,lower extremity,8099,train
HAM_0004485,ISIC_0031481,nv,histo,35.0,female,lower extremity,8100,train
HAM_0002023,ISIC_0028540,nv,histo,25.0,female,lower extremity,8103,train
HAM_0003745,ISIC_0029704,nv,histo,30.0,male,abdomen,8104,train
HAM_0004014,ISIC_0029809,nv,histo,45.0,male,chest,8105,train
HAM_0001450,ISIC_0030771,nv,histo,45.0,male,lower extremity,8106,train
HAM_0000773,ISIC_0026049,nv,histo,30.0,female,abdomen,8107,train
HAM_0007079,ISIC_0029904,nv,histo,35.0,male,upper extremity,8110,train
HAM_0001818,ISIC_0025620,nv,histo,30.0,male,abdomen,8114,train
HAM_0003867,ISIC_0028425,nv,histo,25.0,female,unknown,8117,train
HAM_0001120,ISIC_0025726,nv,histo,40.0,female,chest,8120,train
HAM_0000448,ISIC_0026210,nv,histo,25.0,male,lower extremity,8121,train
HAM_0000448,ISIC_0025100,nv,histo,25.0,male,lower extremity,8122,train
HAM_0003062,ISIC_0024319,nv,histo,55.0,male,lower extremity,8123,train
HAM_0000410,ISIC_0031796,nv,histo,55.0,female,upper extremity,8126,train
HAM_0001452,ISIC_0026402,nv,histo,25.0,female,lower extremity,8127,train
HAM_0007195,ISIC_0031923,nv,histo,40.0,female,lower extremity,8128,train
HAM_0003615,ISIC_0029222,nv,histo,15.0,female,chest,8130,train
HAM_0003675,ISIC_0028573,nv,histo,65.0,male,back,8131,train
HAM_0005590,ISIC_0024458,nv,histo,30.0,male,chest,8132,train
HAM_0007577,ISIC_0030305,nv,histo,25.0,male,back,8134,train
HAM_0000721,ISIC_0030243,nv,histo,40.0,female,trunk,8136,train
HAM_0000721,ISIC_0032058,nv,histo,40.0,female,trunk,8138,train
HAM_0003525,ISIC_0024653,nv,histo,60.0,female,trunk,8139,train
HAM_0003525,ISIC_0026141,nv,histo,60.0,female,trunk,8140,train
HAM_0006790,ISIC_0028625,nv,histo,65.0,male,upper extremity,8141,train
HAM_0000231,ISIC_0030841,nv,histo,55.0,male,lower extremity,8143,train
HAM_0005428,ISIC_0031654,nv,histo,15.0,female,trunk,8144,train
HAM_0005907,ISIC_0027623,nv,histo,15.0,female,foot,8146,train
HAM_0000140,ISIC_0030074,nv,histo,40.0,male,upper extremity,8149,train
HAM_0007275,ISIC_0026705,nv,histo,20.0,female,lower extremity,8155,train
HAM_0001037,ISIC_0031645,nv,histo,35.0,male,foot,8156,train
HAM_0001037,ISIC_0031726,nv,histo,35.0,male,foot,8157,train
HAM_0001134,ISIC_0026913,nv,histo,40.0,male,chest,8160,train
HAM_0003016,ISIC_0027670,nv,histo,85.0,male,back,8163,train
HAM_0003016,ISIC_0027097,nv,histo,85.0,male,back,8164,train
HAM_0003758,ISIC_0028581,nv,histo,25.0,female,lower extremity,8166,train
HAM_0000167,ISIC_0029431,nv,histo,55.0,female,lower extremity,8167,train
HAM_0005902,ISIC_0027285,nv,histo,40.0,female,foot,8168,train
HAM_0007096,ISIC_0024674,nv,histo,40.0,male,lower extremity,8169,train
HAM_0007221,ISIC_0030264,nv,histo,20.0,female,back,8173,train
HAM_0004450,ISIC_0028868,nv,histo,30.0,male,chest,8176,train
HAM_0000752,ISIC_0026419,nv,histo,15.0,male,lower extremity,8177,train
HAM_0000752,ISIC_0027052,nv,histo,15.0,male,lower extremity,8178,train
HAM_0001637,ISIC_0031521,nv,histo,35.0,male,chest,8179,train
HAM_0003639,ISIC_0028894,nv,histo,60.0,female,abdomen,8180,train
HAM_0000335,ISIC_0032021,nv,histo,25.0,female,upper extremity,8181,train
HAM_0006754,ISIC_0029664,nv,histo,55.0,female,upper extremity,8185,train
HAM_0006363,ISIC_0024936,nv,histo,25.0,male,abdomen,8186,train
HAM_0004719,ISIC_0029276,nv,histo,25.0,male,lower extremity,8187,train
HAM_0005319,ISIC_0025469,nv,histo,70.0,male,trunk,8188,train
HAM_0005319,ISIC_0025133,nv,histo,70.0,male,trunk,8189,train
HAM_0000182,ISIC_0030116,nv,histo,60.0,male,neck,8190,train
HAM_0000182,ISIC_0026270,nv,histo,60.0,male,neck,8191,train
HAM_0000182,ISIC_0025096,nv,histo,60.0,male,neck,8192,train
HAM_0003044,ISIC_0028544,nv,histo,55.0,male,back,8193,train
HAM_0006020,ISIC_0029572,nv,histo,55.0,male,back,8194,train
HAM_0007385,ISIC_0030933,nv,histo,30.0,male,scalp,8195,train
HAM_0007385,ISIC_0025043,nv,histo,30.0,male,scalp,8196,train
HAM_0004717,ISIC_0025227,nv,histo,50.0,male,back,8197,train
HAM_0004717,ISIC_0030268,nv,histo,50.0,male,back,8198,train
HAM_0000397,ISIC_0024538,nv,histo,35.0,male,trunk,8199,train
HAM_0000397,ISIC_0029499,nv,histo,35.0,male,trunk,8200,train
HAM_0000397,ISIC_0025208,nv,histo,35.0,male,trunk,8201,train
HAM_0007585,ISIC_0032347,nv,histo,35.0,female,back,8203,train
HAM_0001567,ISIC_0027398,nv,histo,40.0,female,back,8204,train
HAM_0001567,ISIC_0032407,nv,histo,40.0,female,back,8205,train
HAM_0003127,ISIC_0026272,nv,histo,35.0,male,back,8206,train
HAM_0003127,ISIC_0024658,nv,histo,35.0,male,back,8207,train
HAM_0002324,ISIC_0025381,nv,histo,40.0,male,foot,8208,train
HAM_0000032,ISIC_0032291,nv,histo,60.0,male,abdomen,8212,train
HAM_0003127,ISIC_0028957,nv,histo,35.0,male,back,8213,train
HAM_0001236,ISIC_0030615,nv,histo,60.0,male,back,8214,train
HAM_0003276,ISIC_0024975,nv,histo,35.0,female,trunk,8217,train
HAM_0003276,ISIC_0025782,nv,histo,35.0,female,trunk,8218,train
HAM_0002187,ISIC_0031308,nv,histo,25.0,female,lower extremity,8219,train
HAM_0002187,ISIC_0028981,nv,histo,25.0,female,lower extremity,8220,train
HAM_0003387,ISIC_0031079,nv,histo,25.0,female,abdomen,8221,train
HAM_0003387,ISIC_0028524,nv,histo,25.0,female,abdomen,8222,train
HAM_0000184,ISIC_0027412,nv,histo,45.0,female,trunk,8223,train
HAM_0005085,ISIC_0029257,nv,histo,70.0,male,back,8224,train
HAM_0005085,ISIC_0030225,nv,histo,70.0,male,back,8225,train
HAM_0000924,ISIC_0026804,nv,histo,25.0,male,lower extremity,8229,train
HAM_0000924,ISIC_0031194,nv,histo,25.0,male,lower extremity,8230,train
HAM_0001142,ISIC_0024503,nv,histo,50.0,male,foot,8234,train
HAM_0001142,ISIC_0029667,nv,histo,50.0,male,foot,8235,train
HAM_0004787,ISIC_0029566,nv,histo,50.0,male,back,8236,train
HAM_0006126,ISIC_0027821,nv,histo,40.0,male,upper extremity,8239,train
HAM_0006126,ISIC_0027715,nv,histo,40.0,male,upper extremity,8240,train
HAM_0001137,ISIC_0029359,nv,histo,60.0,female,chest,8244,train
HAM_0001137,ISIC_0029746,nv,histo,60.0,female,chest,8245,train
HAM_0000342,ISIC_0027902,nv,histo,75.0,female,lower extremity,8254,train
HAM_0000342,ISIC_0027226,nv,histo,75.0,female,lower extremity,8255,train
HAM_0002300,ISIC_0028360,nv,histo,35.0,female,back,8259,train
HAM_0002300,ISIC_0029861,nv,histo,35.0,female,back,8260,train
HAM_0002300,ISIC_0024366,nv,histo,35.0,female,back,8261,train
HAM_0001715,ISIC_0027208,nv,histo,30.0,female,lower extremity,8262,train
HAM_0001715,ISIC_0032368,nv,histo,30.0,female,lower extremity,8263,train
HAM_0001715,ISIC_0029504,nv,histo,30.0,female,lower extremity,8264,train
HAM_0004133,ISIC_0024941,nv,histo,40.0,female,lower extremity,8272,train
HAM_0004133,ISIC_0026028,nv,histo,40.0,female,lower extremity,8273,train
HAM_0000509,ISIC_0031447,nv,histo,50.0,female,lower extremity,8274,train
HAM_0000509,ISIC_0024837,nv,histo,50.0,female,lower extremity,8275,train
HAM_0000509,ISIC_0031667,nv,histo,50.0,female,lower extremity,8276,train
HAM_0000509,ISIC_0026027,nv,histo,50.0,female,lower extremity,8277,train
HAM_0001027,ISIC_0031839,nv,histo,45.0,male,trunk,8278,train
HAM_0001027,ISIC_0026455,nv,histo,45.0,male,trunk,8279,train
HAM_0001027,ISIC_0028265,nv,histo,45.0,male,trunk,8280,train
HAM_0001830,ISIC_0028057,nv,histo,55.0,female,back,8281,train
HAM_0001830,ISIC_0031502,nv,histo,55.0,female,back,8282,train
HAM_0001669,ISIC_0025020,nv,histo,35.0,male,trunk,8283,train
HAM_0001669,ISIC_0026106,nv,histo,35.0,male,trunk,8284,train
HAM_0003320,ISIC_0031905,nv,histo,35.0,male,trunk,8285,train
HAM_0003320,ISIC_0030367,nv,histo,35.0,male,trunk,8286,train
HAM_0000963,ISIC_0032227,nv,histo,35.0,male,trunk,8287,train
HAM_0000751,ISIC_0025545,nv,histo,30.0,female,lower extremity,8291,train
HAM_0000751,ISIC_0032003,nv,histo,30.0,female,lower extremity,8292,train
HAM_0000618,ISIC_0025840,nv,histo,30.0,female,lower extremity,8293,train
HAM_0000163,ISIC_0027338,nv,histo,60.0,male,back,8298,train
HAM_0000163,ISIC_0025534,nv,histo,60.0,male,back,8299,train
HAM_0001895,ISIC_0029938,nv,histo,25.0,male,chest,8303,train
HAM_0001895,ISIC_0024777,nv,histo,25.0,male,chest,8304,train
HAM_0001895,ISIC_0029196,nv,histo,25.0,male,chest,8305,train
HAM_0002547,ISIC_0024394,nv,histo,20.0,female,back,8306,train
HAM_0002547,ISIC_0029516,nv,histo,20.0,female,back,8307,train
HAM_0007340,ISIC_0028944,nv,histo,40.0,female,trunk,8309,train
HAM_0006608,ISIC_0027827,nv,histo,60.0,male,back,8310,train
HAM_0006608,ISIC_0025491,nv,histo,60.0,male,back,8311,train
HAM_0003742,ISIC_0031631,nv,histo,20.0,female,back,8312,train
HAM_0003742,ISIC_0027150,nv,histo,20.0,female,back,8313,train
HAM_0002979,ISIC_0030588,nv,histo,35.0,female,back,8314,train
HAM_0002979,ISIC_0025511,nv,histo,35.0,female,back,8315,train
HAM_0005284,ISIC_0029640,nv,histo,20.0,male,back,8316,train
HAM_0005284,ISIC_0029724,nv,histo,20.0,male,back,8317,train
HAM_0005284,ISIC_0027707,nv,histo,20.0,male,back,8318,train
HAM_0001157,ISIC_0027423,nv,histo,65.0,male,upper extremity,8319,train
HAM_0001157,ISIC_0030057,nv,histo,65.0,male,upper extremity,8320,train
HAM_0001157,ISIC_0028737,nv,histo,65.0,male,upper extremity,8321,train
HAM_0002645,ISIC_0024587,nv,histo,15.0,female,back,8325,train
HAM_0002645,ISIC_0029666,nv,histo,15.0,female,back,8326,train
HAM_0002645,ISIC_0027698,nv,histo,15.0,female,back,8327,train
HAM_0004007,ISIC_0031541,nv,histo,35.0,female,lower extremity,8331,train
HAM_0004007,ISIC_0027596,nv,histo,35.0,female,lower extremity,8332,train
HAM_0004007,ISIC_0028960,nv,histo,35.0,female,lower extremity,8333,train
HAM_0002348,ISIC_0025240,nv,histo,45.0,male,abdomen,8334,train
HAM_0002348,ISIC_0026933,nv,histo,45.0,male,abdomen,8335,train
HAM_0000025,ISIC_0024349,nv,histo,35.0,male,lower extremity,8336,train
HAM_0000025,ISIC_0026126,nv,histo,35.0,male,lower extremity,8337,train
HAM_0000025,ISIC_0028271,nv,histo,35.0,male,lower extremity,8338,train
HAM_0002216,ISIC_0026305,nv,histo,60.0,male,back,8339,train
HAM_0002216,ISIC_0028454,nv,histo,60.0,male,back,8340,train
HAM_0002628,ISIC_0030852,nv,histo,50.0,male,lower extremity,8341,train
HAM_0002628,ISIC_0030652,nv,histo,50.0,male,lower extremity,8342,train
HAM_0002628,ISIC_0031204,nv,histo,50.0,male,lower extremity,8343,train
HAM_0003284,ISIC_0030894,nv,histo,75.0,female,lower extremity,8347,train
HAM_0001130,ISIC_0030610,nv,histo,65.0,male,abdomen,8350,train
HAM_0001130,ISIC_0024694,nv,histo,65.0,male,abdomen,8351,train
HAM_0000996,ISIC_0027122,nv,histo,65.0,male,abdomen,8352,train
HAM_0000996,ISIC_0031340,nv,histo,65.0,male,abdomen,8353,train
HAM_0000996,ISIC_0024793,nv,histo,65.0,male,abdomen,8354,train
HAM_0000637,ISIC_0027514,nv,histo,75.0,male,trunk,8358,train
HAM_0000597,ISIC_0031621,nv,histo,35.0,female,abdomen,8365,train
HAM_0000597,ISIC_0031822,nv,histo,35.0,female,abdomen,8366,train
HAM_0000597,ISIC_0030654,nv,histo,35.0,female,abdomen,8367,train
HAM_0003113,ISIC_0025170,nv,histo,60.0,male,trunk,8368,train
HAM_0003113,ISIC_0031811,nv,histo,60.0,male,trunk,8369,train
HAM_0003113,ISIC_0024520,nv,histo,60.0,male,trunk,8370,train
HAM_0004443,ISIC_0030945,nv,histo,75.0,male,face,8373,train
HAM_0000188,ISIC_0027020,nv,histo,40.0,male,abdomen,8375,train
HAM_0000188,ISIC_0028390,nv,histo,40.0,male,abdomen,8376,train
HAM_0000188,ISIC_0029199,nv,histo,40.0,male,abdomen,8377,train
HAM_0002470,ISIC_0026611,nv,histo,30.0,female,chest,8378,train
HAM_0005770,ISIC_0026052,nv,histo,15.0,female,back,8379,train
HAM_0001699,ISIC_0029661,nv,histo,80.0,female,upper extremity,8381,train
HAM_0002470,ISIC_0029269,nv,histo,30.0,female,chest,8382,train
HAM_0004985,ISIC_0024518,nv,histo,35.0,female,back,8383,train
HAM_0005625,ISIC_0031623,nv,histo,35.0,female,back,8384,train
HAM_0002986,ISIC_0028706,nv,histo,70.0,female,foot,8386,train
HAM_0002150,ISIC_0027364,nv,histo,25.0,male,chest,8387,train
HAM_0000146,ISIC_0027667,nv,histo,55.0,male,lower extremity,8389,train
HAM_0006760,ISIC_0031559,nv,histo,35.0,female,abdomen,8391,train
HAM_0006456,ISIC_0032305,nv,histo,65.0,male,back,8397,train
HAM_0004054,ISIC_0031756,nv,histo,70.0,male,hand,8400,train
HAM_0006296,ISIC_0028999,nv,histo,70.0,male,trunk,8401,train
HAM_0007160,ISIC_0028723,nv,histo,30.0,female,trunk,8403,train
HAM_0000143,ISIC_0027751,nv,histo,15.0,female,trunk,8404,train
HAM_0007358,ISIC_0028030,nv,histo,35.0,male,upper extremity,8405,train
HAM_0000302,ISIC_0025942,nv,histo,50.0,female,upper extremity,8406,train
HAM_0004698,ISIC_0030127,nv,histo,60.0,male,upper extremity,8408,train
HAM_0004369,ISIC_0025969,nv,histo,40.0,male,trunk,8409,train
HAM_0006706,ISIC_0031725,nv,histo,,female,abdomen,8410,train
HAM_0004924,ISIC_0027040,nv,histo,,female,trunk,8411,train
HAM_0003580,ISIC_0026030,nv,histo,50.0,female,lower extremity,8413,train
HAM_0005614,ISIC_0030397,nv,histo,35.0,female,trunk,8414,train
HAM_0007545,ISIC_0027129,nv,histo,35.0,female,trunk,8415,train
HAM_0005818,ISIC_0032427,nv,histo,50.0,male,back,8416,train
HAM_0005888,ISIC_0032355,nv,histo,65.0,female,trunk,8417,train
HAM_0000923,ISIC_0024428,nv,histo,35.0,male,lower extremity,8418,train
HAM_0003164,ISIC_0027897,nv,histo,30.0,female,trunk,8420,train
HAM_0006492,ISIC_0031092,nv,histo,35.0,female,abdomen,8421,train
HAM_0005261,ISIC_0027390,nv,histo,35.0,female,abdomen,8422,train
HAM_0004443,ISIC_0028758,nv,histo,75.0,male,face,8424,train
HAM_0002746,ISIC_0031399,nv,histo,60.0,male,back,8429,train
HAM_0000904,ISIC_0025149,nv,histo,30.0,male,back,8430,train
HAM_0000904,ISIC_0025938,nv,histo,30.0,male,back,8431,train
HAM_0007385,ISIC_0029277,nv,histo,30.0,male,scalp,8432,train
HAM_0006116,ISIC_0028117,nv,histo,15.0,male,face,8433,train
HAM_0007049,ISIC_0028216,nv,histo,55.0,male,lower extremity,8434,train
HAM_0001101,ISIC_0030621,nv,histo,50.0,female,upper extremity,8435,train
HAM_0000525,ISIC_0031510,nv,histo,60.0,male,neck,8436,train
HAM_0002298,ISIC_0031483,nv,histo,25.0,male,lower extremity,8440,train
HAM_0006077,ISIC_0027323,nv,histo,50.0,male,lower extremity,8441,train
HAM_0006451,ISIC_0032274,nv,histo,50.0,female,back,8442,train
HAM_0001207,ISIC_0032436,nv,histo,50.0,female,back,8443,train
HAM_0001517,ISIC_0028825,nv,histo,30.0,female,back,8446,train
HAM_0001347,ISIC_0025181,nv,histo,80.0,male,unknown,8447,train
HAM_0005658,ISIC_0024996,nv,histo,15.0,male,back,8451,train
HAM_0006039,ISIC_0028092,nv,histo,60.0,male,back,8452,train
HAM_0006470,ISIC_0027978,nv,histo,60.0,male,back,8453,train
HAM_0005016,ISIC_0027045,nv,histo,60.0,male,back,8454,train
HAM_0002904,ISIC_0027213,nv,histo,65.0,male,trunk,8455,train
HAM_0001769,ISIC_0032176,nv,histo,75.0,male,unknown,8456,train
HAM_0000783,ISIC_0025633,nv,histo,60.0,male,back,8461,train
HAM_0005090,ISIC_0031564,nv,histo,50.0,female,back,8462,train
HAM_0003723,ISIC_0025742,nv,histo,60.0,female,ear,8464,train
HAM_0003723,ISIC_0032141,nv,histo,60.0,female,ear,8465,train
HAM_0005051,ISIC_0031798,nv,histo,20.0,male,back,8466,train
HAM_0007518,ISIC_0031015,nv,histo,60.0,male,back,8467,train
HAM_0002823,ISIC_0031354,nv,histo,35.0,female,face,8469,train
HAM_0004775,ISIC_0027293,nv,histo,15.0,female,face,8470,train
HAM_0006210,ISIC_0026454,nv,histo,50.0,male,back,8472,train
HAM_0001313,ISIC_0025562,nv,histo,70.0,male,lower extremity,8474,train
HAM_0006633,ISIC_0028598,nv,histo,40.0,female,trunk,8475,train
HAM_0001656,ISIC_0026759,nv,histo,70.0,female,lower extremity,8476,train
HAM_0006983,ISIC_0026147,nv,histo,30.0,female,upper extremity,8477,train
HAM_0006968,ISIC_0025340,nv,histo,70.0,male,abdomen,8479,train
HAM_0005881,ISIC_0030967,nv,histo,60.0,female,foot,8480,train
HAM_0003568,ISIC_0030675,nv,histo,55.0,female,foot,8481,train
HAM_0006302,ISIC_0030819,nv,histo,50.0,female,ear,8483,train
HAM_0006730,ISIC_0025657,nv,histo,50.0,female,back,8484,train
HAM_0002766,ISIC_0030532,nv,histo,60.0,female,back,8487,train
HAM_0003005,ISIC_0028304,nv,histo,60.0,female,back,8488,train
HAM_0002532,ISIC_0026615,nv,histo,85.0,male,scalp,8489,train
HAM_0006884,ISIC_0029459,nv,histo,50.0,female,upper extremity,8491,train
HAM_0002944,ISIC_0028135,nv,histo,45.0,female,back,8493,train
HAM_0002110,ISIC_0026782,nv,histo,30.0,female,lower extremity,8494,train
HAM_0002738,ISIC_0029438,nv,histo,65.0,female,face,8496,train
HAM_0002053,ISIC_0028715,nv,histo,60.0,female,chest,8497,train
HAM_0004030,ISIC_0029926,nv,histo,50.0,male,hand,8499,train
HAM_0002003,ISIC_0031934,nv,histo,20.0,male,back,8500,train
HAM_0000508,ISIC_0027495,nv,histo,75.0,male,chest,8502,train
HAM_0003585,ISIC_0029583,nv,histo,75.0,male,back,8503,train
HAM_0000168,ISIC_0031353,nv,histo,55.0,male,neck,8508,train
HAM_0002142,ISIC_0025960,nv,histo,75.0,male,ear,8509,train
HAM_0006408,ISIC_0025198,nv,histo,35.0,female,abdomen,8510,train
HAM_0002305,ISIC_0029693,nv,histo,55.0,male,back,8511,train
HAM_0005090,ISIC_0029162,nv,histo,50.0,female,back,8512,train
HAM_0005541,ISIC_0025410,nv,histo,50.0,male,lower extremity,8514,train
HAM_0007144,ISIC_0026599,nv,histo,70.0,female,back,8515,train
HAM_0004291,ISIC_0031932,nv,histo,25.0,male,abdomen,8516,train
HAM_0001846,ISIC_0031302,nv,histo,20.0,female,upper extremity,8522,train
HAM_0001846,ISIC_0029457,nv,histo,20.0,female,upper extremity,8523,train
HAM_0007004,ISIC_0030525,nv,histo,70.0,female,hand,8525,train
HAM_0001716,ISIC_0026901,nv,histo,50.0,male,back,8526,train
HAM_0004020,ISIC_0025245,nv,histo,35.0,female,back,8527,train
HAM_0005795,ISIC_0030296,nv,histo,60.0,male,back,8528,train
HAM_0005664,ISIC_0029001,nv,histo,45.0,male,abdomen,8530,train
HAM_0003088,ISIC_0030121,nv,histo,35.0,male,back,8536,train
HAM_0003434,ISIC_0031126,nv,histo,30.0,female,neck,8537,train
HAM_0003088,ISIC_0029736,nv,histo,35.0,male,back,8538,train
HAM_0000150,ISIC_0024343,nv,histo,50.0,male,back,8539,train
HAM_0000150,ISIC_0031311,nv,histo,50.0,male,back,8540,train
HAM_0002205,ISIC_0030816,nv,histo,35.0,male,back,8541,train
HAM_0001154,ISIC_0025013,nv,histo,45.0,male,back,8543,train
HAM_0001154,ISIC_0027724,nv,histo,45.0,male,back,8544,train
HAM_0001730,ISIC_0030790,nv,histo,65.0,female,back,8547,train
HAM_0002049,ISIC_0029169,nv,histo,45.0,female,upper extremity,8549,train
HAM_0006506,ISIC_0028408,nv,histo,55.0,male,back,8551,train
HAM_0003253,ISIC_0028998,nv,histo,35.0,male,back,8552,train
HAM_0004909,ISIC_0025118,nv,histo,30.0,male,back,8553,train
HAM_0003974,ISIC_0026512,nv,histo,30.0,male,back,8554,train
HAM_0006086,ISIC_0025563,nv,histo,35.0,female,hand,8562,train
HAM_0000794,ISIC_0026340,nv,histo,40.0,female,lower extremity,8563,train
HAM_0000763,ISIC_0028217,nv,histo,35.0,female,back,8565,train
HAM_0000667,ISIC_0028551,nv,histo,75.0,male,lower extremity,8568,train
HAM_0007240,ISIC_0027988,nv,histo,65.0,female,back,8569,train
HAM_0005620,ISIC_0024963,nv,histo,35.0,male,ear,8570,train
HAM_0005787,ISIC_0027114,nv,histo,40.0,female,lower extremity,8571,train
HAM_0006245,ISIC_0030733,nv,histo,60.0,male,back,8573,train
HAM_0000284,ISIC_0025597,nv,histo,50.0,female,lower extremity,8574,train
HAM_0000284,ISIC_0025225,nv,histo,50.0,female,lower extremity,8575,train
HAM_0005009,ISIC_0027569,nv,histo,20.0,male,back,8576,train
HAM_0003562,ISIC_0030544,nv,histo,60.0,female,face,8578,train
HAM_0003562,ISIC_0030962,nv,histo,60.0,female,face,8579,train
HAM_0006040,ISIC_0029978,nv,histo,40.0,female,chest,8581,train
HAM_0005854,ISIC_0025926,nv,histo,60.0,female,back,8582,train
HAM_0005987,ISIC_0029993,nv,histo,80.0,female,lower extremity,8585,train
HAM_0005987,ISIC_0026741,nv,histo,80.0,female,lower extremity,8586,train
HAM_0005925,ISIC_0026222,nv,histo,85.0,female,upper extremity,8587,train
HAM_0002657,ISIC_0031046,nv,histo,50.0,male,back,8590,train
HAM_0004170,ISIC_0029046,nv,histo,65.0,male,abdomen,8591,train
HAM_0003355,ISIC_0029138,nv,histo,20.0,female,back,8592,train
HAM_0000771,ISIC_0029349,nv,histo,25.0,female,back,8593,train
HAM_0000891,ISIC_0027963,nv,histo,30.0,female,lower extremity,8595,train
HAM_0006342,ISIC_0024425,nv,histo,40.0,female,face,8596,train
HAM_0005395,ISIC_0028557,nv,histo,75.0,female,lower extremity,8597,train
HAM_0005395,ISIC_0027471,nv,histo,75.0,female,lower extremity,8598,train
HAM_0004701,ISIC_0032243,nv,histo,65.0,male,lower extremity,8600,train
HAM_0003820,ISIC_0029109,nv,histo,20.0,female,back,8601,train
HAM_0001799,ISIC_0028675,nv,histo,40.0,female,foot,8602,train
HAM_0001334,ISIC_0030328,nv,histo,45.0,male,back,8603,train
HAM_0001361,ISIC_0030117,nv,histo,45.0,female,lower extremity,8604,train
HAM_0001334,ISIC_0031363,nv,histo,45.0,male,back,8605,train
HAM_0000591,ISIC_0026654,nv,histo,70.0,male,chest,8607,train
HAM_0000668,ISIC_0024808,nv,histo,45.0,male,back,8609,train
HAM_0001630,ISIC_0028297,nv,histo,70.0,female,back,8610,train
HAM_0004275,ISIC_0026921,nv,histo,70.0,female,back,8611,train
HAM_0003408,ISIC_0031942,nv,histo,65.0,male,back,8614,train
HAM_0004283,ISIC_0028357,nv,histo,50.0,female,back,8615,train
HAM_0005429,ISIC_0029452,nv,histo,60.0,female,upper extremity,8619,train
HAM_0003340,ISIC_0028507,nv,histo,70.0,female,back,8621,train
HAM_0003340,ISIC_0029773,nv,histo,70.0,female,back,8622,train
HAM_0005510,ISIC_0029203,nv,histo,30.0,female,lower extremity,8623,train
HAM_0003980,ISIC_0026712,nv,histo,65.0,female,back,8624,train
HAM_0001318,ISIC_0028305,nv,histo,50.0,female,lower extremity,8626,train
HAM_0003311,ISIC_0026452,nv,histo,55.0,female,back,8627,train
HAM_0003311,ISIC_0027007,nv,histo,55.0,female,back,8628,train
HAM_0000225,ISIC_0029645,nv,histo,40.0,male,back,8629,train
HAM_0007036,ISIC_0026655,nv,histo,60.0,male,neck,8631,train
HAM_0003944,ISIC_0026672,nv,histo,80.0,male,abdomen,8632,train
HAM_0000634,ISIC_0028186,nv,histo,65.0,female,back,8633,train
HAM_0000634,ISIC_0026099,nv,histo,65.0,female,back,8634,train
HAM_0002291,ISIC_0024836,nv,histo,45.0,male,back,8635,train
HAM_0003026,ISIC_0030416,nv,histo,60.0,female,face,8637,train
HAM_0000362,ISIC_0030180,nv,histo,30.0,male,lower extremity,8638,train
HAM_0000362,ISIC_0026043,nv,histo,30.0,male,lower extremity,8639,train
HAM_0006401,ISIC_0031451,nv,histo,45.0,female,foot,8640,train
HAM_0000851,ISIC_0025074,nv,histo,50.0,female,back,8641,train
HAM_0007013,ISIC_0029544,nv,histo,85.0,male,back,8642,train
HAM_0000336,ISIC_0028859,nv,histo,60.0,male,upper extremity,8643,train
HAM_0005873,ISIC_0031612,nv,histo,45.0,male,back,8644,train
HAM_0002171,ISIC_0028529,nv,histo,55.0,male,back,8646,train
HAM_0003822,ISIC_0030115,nv,histo,60.0,male,back,8648,train
HAM_0000777,ISIC_0028364,nv,histo,50.0,female,back,8650,train
HAM_0000482,ISIC_0026885,nv,histo,85.0,female,back,8653,train
HAM_0000063,ISIC_0031306,nv,histo,25.0,female,back,8658,train
HAM_0005966,ISIC_0025902,nv,histo,80.0,male,back,8659,train
HAM_0005966,ISIC_0030704,nv,histo,80.0,male,back,8660,train
HAM_0000338,ISIC_0028631,nv,histo,30.0,male,back,8661,train
HAM_0007133,ISIC_0027490,nv,histo,30.0,male,back,8662,train
HAM_0007133,ISIC_0029597,nv,histo,30.0,male,back,8663,train
HAM_0005631,ISIC_0024439,nv,histo,55.0,male,back,8665,train
HAM_0005631,ISIC_0025492,nv,histo,55.0,male,back,8666,train
HAM_0006398,ISIC_0027568,nv,histo,70.0,male,ear,8668,train
HAM_0001319,ISIC_0026053,nv,histo,70.0,male,back,8670,train
HAM_0001319,ISIC_0028599,nv,histo,70.0,male,back,8673,train
HAM_0003117,ISIC_0027917,nv,histo,35.0,male,upper extremity,8674,train
HAM_0003419,ISIC_0026097,nv,histo,5.0,male,upper extremity,8676,train
HAM_0003419,ISIC_0028767,nv,histo,5.0,male,upper extremity,8677,train
HAM_0001001,ISIC_0028378,nv,histo,40.0,female,back,8678,train
HAM_0001001,ISIC_0026852,nv,histo,40.0,female,back,8679,train
HAM_0002480,ISIC_0028589,nv,histo,75.0,male,foot,8680,train
HAM_0002480,ISIC_0029432,nv,histo,75.0,male,foot,8681,train
HAM_0003241,ISIC_0030079,nv,histo,40.0,male,back,8684,train
HAM_0003241,ISIC_0024908,nv,histo,40.0,male,back,8685,train
HAM_0000217,ISIC_0029881,nv,histo,40.0,male,chest,8687,train
HAM_0000217,ISIC_0031115,nv,histo,40.0,male,chest,8688,train
HAM_0005786,ISIC_0026491,nv,histo,50.0,female,upper extremity,8690,train
HAM_0001737,ISIC_0030039,nv,histo,85.0,male,upper extremity,8691,train
HAM_0001737,ISIC_0027883,nv,histo,85.0,male,upper extremity,8692,train
HAM_0001762,ISIC_0030535,nv,histo,60.0,male,lower extremity,8693,train
HAM_0004127,ISIC_0031700,nv,histo,55.0,male,back,8697,train
HAM_0000266,ISIC_0030209,nv,histo,45.0,female,lower extremity,8698,train
HAM_0004127,ISIC_0027073,nv,histo,55.0,male,back,8699,train
HAM_0007066,ISIC_0029959,nv,histo,40.0,female,back,8701,train
HAM_0000485,ISIC_0024959,nv,histo,45.0,male,chest,8702,train
HAM_0006110,ISIC_0025289,nv,histo,50.0,male,back,8704,train
HAM_0002537,ISIC_0028689,nv,histo,30.0,male,lower extremity,8705,train
HAM_0002107,ISIC_0028857,nv,histo,85.0,male,back,8707,train
HAM_0005183,ISIC_0029696,nv,histo,65.0,female,upper extremity,8710,train
HAM_0001552,ISIC_0030981,nv,histo,15.0,male,face,8716,train
HAM_0001552,ISIC_0025899,nv,histo,15.0,male,face,8717,train
HAM_0006052,ISIC_0025476,nv,histo,60.0,female,face,8721,train
HAM_0007510,ISIC_0027382,nv,histo,20.0,female,lower extremity,8723,train
HAM_0001022,ISIC_0026414,nv,histo,80.0,male,lower extremity,8725,train
HAM_0006367,ISIC_0024926,nv,histo,35.0,female,foot,8726,train
HAM_0006464,ISIC_0025424,nv,histo,40.0,female,foot,8727,train
HAM_0006464,ISIC_0027503,nv,histo,40.0,female,foot,8728,train
HAM_0006514,ISIC_0029160,nv,histo,60.0,female,lower extremity,8729,train
HAM_0006514,ISIC_0026559,nv,histo,60.0,female,lower extremity,8730,train
HAM_0000019,ISIC_0025396,nv,histo,50.0,female,back,8731,train
HAM_0002087,ISIC_0027949,nv,histo,60.0,female,back,8733,train
HAM_0003640,ISIC_0027181,nv,histo,75.0,female,foot,8735,train
HAM_0001764,ISIC_0032251,nv,histo,40.0,female,lower extremity,8738,train
HAM_0001764,ISIC_0032253,nv,histo,40.0,female,lower extremity,8739,train
HAM_0000347,ISIC_0029665,nv,histo,45.0,male,lower extremity,8740,train
HAM_0000689,ISIC_0024356,nv,histo,75.0,female,foot,8742,train
HAM_0000689,ISIC_0028307,nv,histo,75.0,female,foot,8744,train
HAM_0004802,ISIC_0026551,nv,histo,45.0,female,back,8745,train
HAM_0004802,ISIC_0024596,nv,histo,45.0,female,back,8746,train
HAM_0004802,ISIC_0030966,nv,histo,45.0,female,back,8747,train
HAM_0000896,ISIC_0026560,nv,histo,45.0,female,lower extremity,8748,train
HAM_0000896,ISIC_0025051,nv,histo,45.0,female,lower extremity,8749,train
HAM_0000039,ISIC_0026103,nv,histo,40.0,male,back,8750,train
HAM_0006684,ISIC_0029614,nv,histo,40.0,male,back,8751,train
HAM_0004174,ISIC_0032281,nv,histo,40.0,male,back,8753,train
HAM_0004946,ISIC_0030425,nv,histo,55.0,female,lower extremity,8754,train
HAM_0004225,ISIC_0026029,nv,histo,25.0,female,lower extremity,8755,train
HAM_0000913,ISIC_0028559,nv,histo,70.0,male,back,8757,train
HAM_0007116,ISIC_0028951,nv,histo,45.0,male,back,8760,train
HAM_0007268,ISIC_0028600,nv,histo,65.0,female,abdomen,8761,train
HAM_0005884,ISIC_0027469,nv,histo,30.0,male,back,8762,train
HAM_0007263,ISIC_0028130,nv,histo,50.0,female,lower extremity,8763,train
HAM_0007504,ISIC_0026359,nv,histo,60.0,male,back,8764,train
HAM_0004923,ISIC_0030973,nv,histo,20.0,male,back,8765,train
HAM_0004923,ISIC_0030444,nv,histo,20.0,male,back,8766,train
HAM_0003919,ISIC_0024781,nv,histo,35.0,male,hand,8767,train
HAM_0003685,ISIC_0032292,nv,histo,70.0,female,lower extremity,8769,train
HAM_0003313,ISIC_0032107,nv,histo,70.0,female,back,8770,train
HAM_0006118,ISIC_0028400,nv,histo,65.0,male,back,8772,train
HAM_0006094,ISIC_0026998,nv,histo,40.0,female,genital,8773,train
HAM_0006094,ISIC_0032218,nv,histo,40.0,female,genital,8774,train
HAM_0002518,ISIC_0032028,nv,histo,60.0,male,abdomen,8776,train
HAM_0005670,ISIC_0028648,nv,histo,20.0,female,upper extremity,8777,train
HAM_0005670,ISIC_0030253,nv,histo,20.0,female,upper extremity,8778,train
HAM_0006941,ISIC_0025684,nv,histo,45.0,female,back,8780,train
HAM_0001479,ISIC_0026329,nv,histo,50.0,female,upper extremity,8781,train
HAM_0001014,ISIC_0031278,nv,histo,70.0,male,back,8786,train
HAM_0005822,ISIC_0029054,nv,histo,45.0,male,upper extremity,8791,train
HAM_0002451,ISIC_0028150,nv,histo,45.0,male,back,8792,train
HAM_0004356,ISIC_0025214,nv,histo,45.0,male,back,8793,train
HAM_0004833,ISIC_0030069,nv,histo,75.0,male,back,8794,train
HAM_0004833,ISIC_0026133,nv,histo,75.0,male,back,8795,train
HAM_0004836,ISIC_0026674,nv,histo,35.0,male,lower extremity,8796,train
HAM_0002423,ISIC_0031924,nv,histo,30.0,female,abdomen,8797,train
HAM_0002423,ISIC_0028963,nv,histo,30.0,female,abdomen,8798,train
HAM_0002423,ISIC_0025088,nv,histo,30.0,female,abdomen,8799,train
HAM_0004372,ISIC_0026964,nv,histo,65.0,male,scalp,8800,train
HAM_0004372,ISIC_0030167,nv,histo,65.0,male,scalp,8802,train
HAM_0000302,ISIC_0032175,nv,histo,50.0,female,upper extremity,8803,train
HAM_0003874,ISIC_0026786,nv,histo,40.0,female,scalp,8805,train
HAM_0003874,ISIC_0028578,nv,histo,40.0,female,scalp,8806,train
HAM_0003874,ISIC_0024809,nv,histo,40.0,female,scalp,8807,train
HAM_0005017,ISIC_0027461,nv,histo,75.0,female,back,8808,train
HAM_0005017,ISIC_0025310,nv,histo,75.0,female,back,8809,train
HAM_0005017,ISIC_0026752,nv,histo,75.0,female,back,8810,train
HAM_0002490,ISIC_0027889,nv,histo,70.0,female,foot,8811,train
HAM_0001014,ISIC_0032423,nv,histo,70.0,male,back,8812,train
HAM_0005745,ISIC_0030873,nv,histo,45.0,male,abdomen,8813,train
HAM_0001361,ISIC_0026076,nv,histo,45.0,female,lower extremity,8814,train
HAM_0005666,ISIC_0028355,nv,histo,30.0,female,hand,8816,train
HAM_0005666,ISIC_0025171,nv,histo,30.0,female,hand,8817,train
HAM_0002552,ISIC_0032936,mel,histo,25.0,male,upper extremity,8820,train
HAM_0004058,ISIC_0030802,nv,histo,80.0,female,lower extremity,8822,train
HAM_0002025,ISIC_0025169,nv,histo,5.0,male,scalp,8823,train
HAM_0000603,ISIC_0030742,nv,histo,80.0,male,abdomen,8824,train
HAM_0000603,ISIC_0028441,nv,histo,80.0,male,abdomen,8825,train
HAM_0000603,ISIC_0031374,nv,histo,80.0,male,abdomen,8826,train
HAM_0005980,ISIC_0030422,nv,histo,45.0,female,abdomen,8827,train
HAM_0006069,ISIC_0031681,nv,histo,45.0,female,abdomen,8828,train
HAM_0003578,ISIC_0027242,nv,histo,45.0,female,scalp,8829,train
HAM_0003902,ISIC_0030313,nv,histo,30.0,male,lower extremity,8830,train
HAM_0007049,ISIC_0028179,nv,histo,55.0,male,lower extremity,8832,train
HAM_0007317,ISIC_0030008,nv,histo,30.0,male,back,8833,train
HAM_0002552,ISIC_0033232,mel,histo,25.0,male,upper extremity,8834,train
HAM_0001455,ISIC_0032405,nv,histo,35.0,female,upper extremity,8835,train
HAM_0001455,ISIC_0031933,nv,histo,35.0,female,upper extremity,8836,train
HAM_0005894,ISIC_0025579,nv,histo,45.0,female,back,8837,train
HAM_0006420,ISIC_0029905,nv,histo,50.0,female,upper extremity,8838,train
HAM_0006244,ISIC_0027197,nv,histo,45.0,female,lower extremity,8839,train
HAM_0006244,ISIC_0027627,nv,histo,45.0,female,lower extremity,8840,train
HAM_0006596,ISIC_0031081,nv,histo,35.0,male,back,8841,train
HAM_0006619,ISIC_0029983,nv,histo,80.0,male,back,8842,train
HAM_0002201,ISIC_0024514,nv,histo,50.0,male,back,8844,train
HAM_0007374,ISIC_0031583,nv,histo,30.0,male,back,8846,train
HAM_0004836,ISIC_0025533,nv,histo,35.0,male,lower extremity,8849,train
HAM_0001803,ISIC_0031742,nv,histo,70.0,male,back,8850,train
HAM_0003159,ISIC_0028183,nv,histo,30.0,female,back,8851,train
HAM_0003159,ISIC_0026108,nv,histo,30.0,female,back,8852,train
HAM_0005436,ISIC_0026658,nv,histo,65.0,male,abdomen,8857,train
HAM_0007374,ISIC_0025730,nv,histo,30.0,male,back,8858,train
HAM_0003987,ISIC_0031813,nv,histo,40.0,female,lower extremity,8860,train
HAM_0003987,ISIC_0030354,nv,histo,40.0,female,lower extremity,8861,train
HAM_0004170,ISIC_0031476,nv,histo,65.0,male,abdomen,8862,train
HAM_0005510,ISIC_0028166,nv,histo,30.0,female,lower extremity,8863,train
HAM_0005510,ISIC_0026406,nv,histo,30.0,female,lower extremity,8864,train
HAM_0001643,ISIC_0025000,nv,histo,45.0,female,foot,8865,train
HAM_0003940,ISIC_0031754,nv,histo,25.0,female,back,8866,train
HAM_0003940,ISIC_0029803,nv,histo,25.0,female,back,8867,train
HAM_0000273,ISIC_0027066,nv,histo,65.0,male,upper extremity,8868,train
HAM_0000273,ISIC_0025106,nv,histo,65.0,male,upper extremity,8869,train
HAM_0001617,ISIC_0027091,nv,histo,15.0,male,foot,8874,train
HAM_0006757,ISIC_0027271,nv,histo,55.0,male,lower extremity,8875,train
HAM_0006757,ISIC_0024497,nv,histo,55.0,male,lower extremity,8876,train
HAM_0003958,ISIC_0029855,nv,histo,40.0,male,chest,8878,train
HAM_0000267,ISIC_0029530,nv,histo,80.0,male,lower extremity,8879,train
HAM_0004518,ISIC_0025967,nv,histo,35.0,female,upper extremity,8880,train
HAM_0002025,ISIC_0028091,nv,histo,5.0,male,scalp,8881,train
HAM_0002025,ISIC_0028023,nv,histo,5.0,male,scalp,8882,train
HAM_0004518,ISIC_0031960,nv,histo,35.0,female,upper extremity,8883,train
HAM_0003958,ISIC_0027360,nv,histo,40.0,male,chest,8884,train
HAM_0003958,ISIC_0029554,nv,histo,40.0,male,chest,8885,train
HAM_0004518,ISIC_0024578,nv,histo,35.0,female,upper extremity,8886,train
HAM_0000014,ISIC_0025759,nv,histo,40.0,male,abdomen,8887,train
HAM_0000014,ISIC_0031366,nv,histo,40.0,male,abdomen,8888,train
HAM_0000014,ISIC_0025640,nv,histo,40.0,male,abdomen,8889,train
HAM_0005925,ISIC_0031644,nv,histo,85.0,female,upper extremity,8890,train
HAM_0005925,ISIC_0027036,nv,histo,85.0,female,upper extremity,8891,train
HAM_0006543,ISIC_0026096,nv,histo,35.0,male,back,8892,train
HAM_0003836,ISIC_0031802,nv,histo,55.0,male,unknown,8894,train
HAM_0000204,ISIC_0026825,nv,histo,55.0,male,back,8895,train
HAM_0004288,ISIC_0026445,nv,histo,35.0,male,chest,8896,train
HAM_0007342,ISIC_0030625,nv,histo,35.0,male,back,8897,train
HAM_0002905,ISIC_0029026,nv,histo,40.0,male,neck,8898,train
HAM_0000693,ISIC_0028310,nv,histo,40.0,male,neck,8899,train
HAM_0002481,ISIC_0024684,nv,histo,20.0,male,chest,8900,train
HAM_0000815,ISIC_0026023,nv,histo,30.0,female,hand,8902,train
HAM_0006174,ISIC_0032233,nv,histo,75.0,male,back,8904,train
HAM_0006174,ISIC_0028116,nv,histo,75.0,male,back,8905,train
HAM_0001803,ISIC_0026330,nv,histo,70.0,male,back,8908,train
HAM_0001989,ISIC_0030251,nv,histo,65.0,male,lower extremity,8909,train
HAM_0001891,ISIC_0030598,nv,histo,50.0,male,scalp,8911,train
HAM_0002319,ISIC_0030740,nv,histo,30.0,female,face,8912,train
HAM_0002319,ISIC_0026600,nv,histo,30.0,female,face,8913,train
HAM_0000311,ISIC_0028205,nv,histo,45.0,male,back,8914,train
HAM_0007284,ISIC_0027255,nv,histo,60.0,female,back,8919,train
HAM_0000850,ISIC_0028588,nv,histo,70.0,male,scalp,8920,train
HAM_0006581,ISIC_0026231,nv,histo,35.0,male,back,8923,train
HAM_0006702,ISIC_0030580,nv,histo,55.0,male,neck,8928,train
HAM_0001702,ISIC_0028874,nv,histo,20.0,male,lower extremity,8931,train
HAM_0001702,ISIC_0028592,nv,histo,20.0,male,lower extremity,8932,train
HAM_0006596,ISIC_0027005,nv,histo,35.0,male,back,8933,train
HAM_0006225,ISIC_0031871,nv,histo,45.0,female,abdomen,8934,train
HAM_0006225,ISIC_0029075,nv,histo,45.0,female,abdomen,8935,train
HAM_0006225,ISIC_0028887,nv,histo,45.0,female,abdomen,8936,train
HAM_0001803,ISIC_0031567,nv,histo,70.0,male,back,8937,train
HAM_0001318,ISIC_0028358,nv,histo,50.0,female,lower extremity,8938,train
HAM_0001609,ISIC_0027766,nv,histo,65.0,male,back,8939,train
HAM_0001609,ISIC_0030809,nv,histo,65.0,male,back,8940,train
HAM_0007385,ISIC_0030920,nv,histo,30.0,male,scalp,8942,train
HAM_0006725,ISIC_0031107,nv,histo,45.0,female,foot,8948,train
HAM_0006725,ISIC_0026022,nv,histo,45.0,female,foot,8949,train
HAM_0000204,ISIC_0027639,nv,histo,55.0,male,back,8951,train
HAM_0000204,ISIC_0031314,nv,histo,55.0,male,back,8952,train
HAM_0006905,ISIC_0030451,nv,histo,85.0,male,foot,8956,train
HAM_0000922,ISIC_0031301,nv,histo,55.0,male,upper extremity,8957,train
HAM_0000922,ISIC_0031111,nv,histo,55.0,male,upper extremity,8958,train
HAM_0000961,ISIC_0024882,nv,histo,70.0,male,lower extremity,8959,train
HAM_0000762,ISIC_0025667,nv,histo,30.0,female,back,8960,train
HAM_0000762,ISIC_0028982,nv,histo,30.0,female,back,8961,train
HAM_0000762,ISIC_0027137,nv,histo,30.0,female,back,8963,train
HAM_0000976,ISIC_0030833,nv,histo,40.0,male,chest,8964,train
HAM_0000277,ISIC_0029182,nv,histo,60.0,male,chest,8965,train
HAM_0004337,ISIC_0032140,nv,histo,40.0,male,chest,8966,train
HAM_0003142,ISIC_0026956,nv,histo,60.0,female,back,8967,train
HAM_0002345,ISIC_0031982,nv,histo,35.0,male,upper extremity,8968,train
HAM_0006664,ISIC_0029833,nv,histo,25.0,female,back,8969,train
HAM_0003142,ISIC_0031806,nv,histo,60.0,female,back,8970,train
HAM_0003640,ISIC_0030635,nv,histo,75.0,female,foot,8971,train
HAM_0007108,ISIC_0031991,nv,histo,55.0,male,back,8973,train
HAM_0000073,ISIC_0030817,nv,histo,50.0,male,back,8974,train
HAM_0000073,ISIC_0029470,nv,histo,50.0,male,back,8975,train
HAM_0006905,ISIC_0030674,nv,histo,85.0,male,foot,8977,train
HAM_0002271,ISIC_0027840,nv,histo,65.0,female,back,8979,train
HAM_0007429,ISIC_0024447,nv,histo,45.0,male,back,8980,train
HAM_0001962,ISIC_0029749,nv,histo,75.0,male,lower extremity,8982,train
HAM_0000266,ISIC_0024933,nv,histo,45.0,female,lower extremity,8985,train
HAM_0006932,ISIC_0031192,nv,histo,55.0,female,upper extremity,8986,train
HAM_0007014,ISIC_0027498,nv,histo,45.0,female,abdomen,8987,train
HAM_0005387,ISIC_0026488,nv,histo,30.0,male,neck,8989,train
HAM_0005828,ISIC_0026554,nv,histo,75.0,male,back,8990,train
HAM_0006420,ISIC_0031074,nv,histo,50.0,female,upper extremity,8991,train
HAM_0006921,ISIC_0030603,nv,histo,75.0,female,upper extremity,8992,train
HAM_0005828,ISIC_0031085,nv,histo,75.0,male,back,8993,train
HAM_0006458,ISIC_0029221,nv,histo,80.0,male,back,8994,train
HAM_0001936,ISIC_0027688,nv,histo,80.0,female,lower extremity,8995,train
HAM_0001936,ISIC_0024704,nv,histo,80.0,female,lower extremity,8996,train
HAM_0006821,ISIC_0030260,nv,histo,75.0,male,upper extremity,8997,train
HAM_0002861,ISIC_0031462,nv,histo,55.0,male,upper extremity,8998,train
HAM_0004337,ISIC_0031981,nv,histo,40.0,male,chest,9001,train
HAM_0004991,ISIC_0032279,nv,histo,65.0,male,back,9002,train
HAM_0007178,ISIC_0027922,nv,histo,70.0,female,abdomen,9003,train
HAM_0007178,ISIC_0025184,nv,histo,70.0,female,abdomen,9004,train
HAM_0003451,ISIC_0027298,nv,histo,70.0,male,back,9005,train
HAM_0005429,ISIC_0028261,nv,histo,60.0,female,upper extremity,9007,train
HAM_0006821,ISIC_0027535,nv,histo,75.0,male,upper extremity,9009,train
HAM_0003451,ISIC_0027098,nv,histo,70.0,male,back,9010,train
HAM_0001190,ISIC_0026071,nv,histo,70.0,female,upper extremity,9011,train
HAM_0002556,ISIC_0028243,nv,histo,55.0,male,back,9015,train
HAM_0002556,ISIC_0025436,nv,histo,55.0,male,back,9016,train
HAM_0003033,ISIC_0025989,nv,histo,60.0,female,lower extremity,9017,train
HAM_0001881,ISIC_0032340,nv,histo,20.0,female,lower extremity,9019,train
HAM_0001881,ISIC_0024620,nv,histo,20.0,female,lower extremity,9020,train
HAM_0002205,ISIC_0026217,nv,histo,35.0,male,back,9021,train
HAM_0005745,ISIC_0028447,nv,histo,45.0,male,abdomen,9022,train
HAM_0004479,ISIC_0025027,nv,histo,45.0,female,ear,9023,train
HAM_0004479,ISIC_0032090,nv,histo,45.0,female,ear,9024,train
HAM_0002888,ISIC_0029079,nv,histo,50.0,male,trunk,9025,train
HAM_0002888,ISIC_0025571,nv,histo,50.0,male,trunk,9026,train
HAM_0002234,ISIC_0032412,nv,histo,75.0,male,back,9032,train
HAM_0002271,ISIC_0026048,nv,histo,65.0,female,back,9033,train
HAM_0002271,ISIC_0031930,nv,histo,65.0,female,back,9034,train
HAM_0004443,ISIC_0031131,nv,histo,75.0,male,face,9035,train
HAM_0004443,ISIC_0031473,nv,histo,75.0,male,face,9036,train
HAM_0003919,ISIC_0031011,nv,histo,35.0,male,hand,9039,train
HAM_0001190,ISIC_0028873,nv,histo,70.0,female,upper extremity,9041,train
HAM_0000486,ISIC_0028882,nv,histo,35.0,male,upper extremity,9046,train
HAM_0001891,ISIC_0024466,nv,histo,50.0,male,scalp,9047,train
HAM_0002754,ISIC_0025892,nv,histo,40.0,female,lower extremity,9048,train
HAM_0002754,ISIC_0026866,nv,histo,40.0,female,lower extremity,9049,train
HAM_0002293,ISIC_0027351,nv,histo,40.0,female,lower extremity,9050,train
HAM_0002295,ISIC_0025488,nv,histo,40.0,male,back,9051,train
HAM_0002295,ISIC_0027999,nv,histo,40.0,male,back,9052,train
HAM_0000836,ISIC_0030061,nv,histo,45.0,female,back,9053,train
HAM_0000836,ISIC_0030960,nv,histo,45.0,female,back,9054,train
HAM_0000836,ISIC_0030311,nv,histo,45.0,female,back,9055,train
HAM_0000836,ISIC_0025505,nv,histo,45.0,female,back,9056,train
HAM_0004008,ISIC_0027997,nv,histo,70.0,female,back,9059,train
HAM_0001479,ISIC_0024784,nv,histo,50.0,female,upper extremity,9060,train
HAM_0003305,ISIC_0027756,nv,histo,25.0,female,lower extremity,9066,train
HAM_0003305,ISIC_0032125,nv,histo,25.0,female,lower extremity,9067,train
HAM_0003305,ISIC_0025172,nv,histo,25.0,female,lower extremity,9068,train
HAM_0006458,ISIC_0027578,nv,histo,80.0,male,back,9070,train
HAM_0000521,ISIC_0032148,nv,histo,55.0,male,chest,9071,train
HAM_0000521,ISIC_0031889,nv,histo,55.0,male,chest,9072,train
HAM_0005848,ISIC_0025517,nv,histo,50.0,male,abdomen,9073,train
HAM_0005848,ISIC_0030553,nv,histo,50.0,male,abdomen,9074,train
HAM_0001230,ISIC_0025295,nv,histo,80.0,male,back,9075,train
HAM_0006273,ISIC_0028571,nv,histo,75.0,male,back,9077,train
HAM_0006273,ISIC_0031573,nv,histo,75.0,male,back,9078,train
HAM_0001126,ISIC_0025123,nv,histo,20.0,female,back,9079,train
HAM_0001126,ISIC_0028276,nv,histo,20.0,female,back,9080,train
HAM_0004656,ISIC_0029771,nv,histo,45.0,female,abdomen,9088,train
HAM_0004656,ISIC_0027475,nv,histo,45.0,female,abdomen,9089,train
HAM_0000798,ISIC_0031064,nv,histo,65.0,male,foot,9090,train
HAM_0000798,ISIC_0027538,nv,histo,65.0,male,foot,9091,train
HAM_0000798,ISIC_0026751,nv,histo,65.0,male,foot,9092,train
HAM_0000798,ISIC_0029332,nv,histo,65.0,male,foot,9093,train
HAM_0001730,ISIC_0030856,nv,histo,65.0,female,back,9096,train
HAM_0004991,ISIC_0028809,nv,histo,65.0,male,back,9098,train
HAM_0005664,ISIC_0028016,nv,histo,45.0,male,abdomen,9099,train
HAM_0000194,ISIC_0030456,nv,histo,50.0,female,lower extremity,9100,train
HAM_0000194,ISIC_0030942,nv,histo,50.0,female,lower extremity,9101,train
HAM_0000976,ISIC_0031880,nv,histo,40.0,male,chest,9103,train
HAM_0004638,ISIC_0029344,nv,histo,45.0,female,back,9104,train
HAM_0000815,ISIC_0030639,nv,histo,30.0,female,hand,9107,train
HAM_0003033,ISIC_0025165,nv,histo,60.0,female,lower extremity,9108,train
HAM_0003033,ISIC_0028698,nv,histo,60.0,female,lower extremity,9109,train
HAM_0002490,ISIC_0030694,nv,histo,70.0,female,foot,9110,train
HAM_0004600,ISIC_0028865,nv,histo,45.0,male,back,9111,train
HAM_0004600,ISIC_0028464,nv,histo,45.0,male,back,9112,train
HAM_0001701,ISIC_0025237,nv,histo,65.0,male,lower extremity,9113,train
HAM_0001701,ISIC_0029390,nv,histo,65.0,male,lower extremity,9114,train
HAM_0000500,ISIC_0029145,nv,histo,45.0,male,lower extremity,9115,train
HAM_0000500,ISIC_0029441,nv,histo,45.0,male,lower extremity,9116,train
HAM_0000866,ISIC_0024480,nv,histo,60.0,male,back,9117,train
HAM_0007014,ISIC_0027798,nv,histo,45.0,female,abdomen,9118,train
HAM_0007014,ISIC_0028141,nv,histo,45.0,female,abdomen,9119,train
HAM_0007014,ISIC_0032310,nv,histo,45.0,female,abdomen,9120,train
HAM_0006104,ISIC_0026323,nv,histo,30.0,male,back,9121,train
HAM_0006104,ISIC_0030663,nv,histo,30.0,male,back,9122,train
HAM_0004553,ISIC_0028673,nv,histo,45.0,female,lower extremity,9123,train
HAM_0004614,ISIC_0030151,nv,histo,65.0,female,upper extremity,9124,train
HAM_0003919,ISIC_0032344,nv,histo,35.0,male,hand,9128,train
HAM_0003423,ISIC_0031866,nv,histo,65.0,male,upper extremity,9129,train
HAM_0003423,ISIC_0028344,nv,histo,65.0,male,upper extremity,9130,train
HAM_0002572,ISIC_0025422,nv,histo,30.0,male,upper extremity,9131,train
HAM_0002572,ISIC_0030033,nv,histo,30.0,male,upper extremity,9132,train
HAM_0000961,ISIC_0028468,nv,histo,70.0,male,lower extremity,9139,train
HAM_0003434,ISIC_0028608,nv,histo,30.0,female,neck,9140,train
HAM_0000562,ISIC_0026166,nv,histo,55.0,male,upper extremity,9144,train
HAM_0003790,ISIC_0028131,nv,histo,65.0,male,chest,9145,train
HAM_0002088,ISIC_0024377,nv,histo,45.0,female,lower extremity,9146,train
HAM_0007413,ISIC_0027984,nv,histo,50.0,male,back,9147,train
HAM_0004956,ISIC_0030810,nv,histo,55.0,female,upper extremity,9148,train
HAM_0007030,ISIC_0026711,nv,histo,50.0,male,chest,9151,train
HAM_0004680,ISIC_0024876,nv,histo,40.0,female,abdomen,9152,train
HAM_0006910,ISIC_0028504,nv,histo,40.0,female,lower extremity,9154,train
HAM_0006910,ISIC_0029862,nv,histo,40.0,female,lower extremity,9155,train
HAM_0007514,ISIC_0028118,nv,histo,80.0,male,back,9156,train
HAM_0002685,ISIC_0030593,nv,histo,30.0,male,chest,9157,train
HAM_0007083,ISIC_0027959,nv,histo,85.0,male,lower extremity,9158,train
HAM_0000267,ISIC_0026809,nv,histo,80.0,male,lower extremity,9161,train
HAM_0006241,ISIC_0031379,nv,histo,40.0,male,back,9163,train
HAM_0005057,ISIC_0027711,nv,histo,40.0,male,back,9164,train
HAM_0007508,ISIC_0025763,nv,histo,50.0,male,chest,9165,train
HAM_0002486,ISIC_0028947,nv,histo,35.0,male,abdomen,9167,train
HAM_0004095,ISIC_0029252,nv,histo,65.0,male,back,9168,train
HAM_0004095,ISIC_0026017,nv,histo,65.0,male,back,9169,train
HAM_0003263,ISIC_0031599,nv,histo,25.0,male,lower extremity,9170,train
HAM_0003263,ISIC_0028226,nv,histo,25.0,male,lower extremity,9171,train
HAM_0007208,ISIC_0030159,nv,histo,75.0,female,upper extremity,9178,train
HAM_0004738,ISIC_0027512,nv,histo,85.0,male,chest,9179,train
HAM_0005153,ISIC_0030847,nv,histo,65.0,male,lower extremity,9180,train
HAM_0000353,ISIC_0032157,nv,histo,25.0,female,upper extremity,9182,train
HAM_0005733,ISIC_0030434,nv,histo,25.0,female,back,9183,train
HAM_0000000,ISIC_0028498,nv,histo,60.0,male,back,9187,train
HAM_0000000,ISIC_0025346,nv,histo,60.0,male,back,9188,train
HAM_0005329,ISIC_0028686,nv,histo,45.0,female,chest,9190,train
HAM_0006129,ISIC_0029560,nv,histo,45.0,male,lower extremity,9191,train
HAM_0006129,ISIC_0027849,nv,histo,45.0,male,lower extremity,9192,train
HAM_0003650,ISIC_0024995,nv,histo,65.0,male,back,9196,train
HAM_0000187,ISIC_0026260,nv,histo,55.0,male,back,9197,train
HAM_0001679,ISIC_0027783,nv,histo,50.0,female,abdomen,9198,train
HAM_0003672,ISIC_0030263,nv,histo,55.0,male,back,9200,train
HAM_0005173,ISIC_0030937,nv,histo,85.0,male,back,9202,train
HAM_0005173,ISIC_0025400,nv,histo,85.0,male,back,9203,train
HAM_0003491,ISIC_0026123,nv,histo,40.0,female,chest,9204,train
HAM_0003946,ISIC_0026991,nv,histo,45.0,female,foot,9205,train
HAM_0000604,ISIC_0029208,nv,histo,35.0,male,ear,9207,train
HAM_0005479,ISIC_0028009,nv,histo,10.0,female,hand,9208,train
HAM_0006600,ISIC_0028891,nv,consensus,25.0,female,lower extremity,9209,train
HAM_0006600,ISIC_0032018,nv,consensus,25.0,female,lower extremity,9210,train
HAM_0003322,ISIC_0028596,nv,consensus,50.0,female,face,9213,train
HAM_0000505,ISIC_0024902,nv,consensus,25.0,male,face,9214,train
HAM_0000505,ISIC_0027415,nv,consensus,25.0,male,face,9215,train
HAM_0007543,ISIC_0024519,nv,consensus,55.0,female,lower extremity,9216,train
HAM_0007543,ISIC_0026676,nv,consensus,55.0,female,lower extremity,9217,train
HAM_0001689,ISIC_0025166,nv,consensus,0.0,female,upper extremity,9218,train
HAM_0001689,ISIC_0028938,nv,consensus,0.0,female,upper extremity,9219,train
HAM_0006469,ISIC_0024479,nv,consensus,5.0,male,upper extremity,9220,train
HAM_0006469,ISIC_0032328,nv,consensus,5.0,male,upper extremity,9221,train
HAM_0006469,ISIC_0026358,nv,consensus,5.0,male,upper extremity,9222,train
HAM_0006469,ISIC_0025193,nv,consensus,5.0,male,upper extremity,9223,train
HAM_0001541,ISIC_0026218,nv,consensus,30.0,male,trunk,9228,train
HAM_0001541,ISIC_0028766,nv,consensus,30.0,male,trunk,9229,train
HAM_0006358,ISIC_0027549,nv,consensus,0.0,male,foot,9232,train
HAM_0006358,ISIC_0025581,nv,consensus,0.0,male,foot,9233,train
HAM_0001498,ISIC_0027523,nv,consensus,30.0,female,abdomen,9238,train
HAM_0001498,ISIC_0028531,nv,consensus,30.0,female,abdomen,9239,train
HAM_0005273,ISIC_0025065,nv,consensus,30.0,female,abdomen,9240,train
HAM_0005273,ISIC_0027319,nv,consensus,30.0,female,abdomen,9241,train
HAM_0001356,ISIC_0029498,nv,consensus,60.0,female,chest,9246,train
HAM_0001356,ISIC_0026333,nv,consensus,60.0,female,chest,9247,train
HAM_0006936,ISIC_0031829,nv,consensus,15.0,female,chest,9248,train
HAM_0006936,ISIC_0027729,nv,consensus,15.0,female,chest,9249,train
HAM_0002364,ISIC_0029838,nv,consensus,5.0,female,hand,9254,train
HAM_0002364,ISIC_0025446,nv,consensus,5.0,female,hand,9255,train
HAM_0002364,ISIC_0024712,nv,consensus,5.0,female,hand,9256,train
HAM_0000690,ISIC_0028586,nv,consensus,30.0,female,back,9257,train
HAM_0000690,ISIC_0030182,nv,consensus,30.0,female,back,9258,train
HAM_0001265,ISIC_0026182,nv,consensus,45.0,female,foot,9259,train
HAM_0001265,ISIC_0025061,nv,consensus,45.0,female,foot,9260,train
HAM_0005531,ISIC_0028477,nv,consensus,45.0,male,lower extremity,9261,train
HAM_0005531,ISIC_0024577,nv,consensus,45.0,male,lower extremity,9262,train
HAM_0002798,ISIC_0025647,nv,consensus,60.0,female,abdomen,9265,train
HAM_0002798,ISIC_0025323,nv,consensus,60.0,female,abdomen,9266,train
HAM_0004360,ISIC_0026371,nv,consensus,30.0,male,foot,9267,train
HAM_0004360,ISIC_0024857,nv,consensus,30.0,male,foot,9268,train
HAM_0006967,ISIC_0026295,nv,consensus,60.0,female,back,9269,train
HAM_0006967,ISIC_0030019,nv,consensus,60.0,female,back,9270,train
HAM_0003579,ISIC_0028042,nv,consensus,60.0,male,back,9271,train
HAM_0003579,ISIC_0030229,nv,consensus,60.0,male,back,9272,train
HAM_0002587,ISIC_0030485,nv,consensus,60.0,female,abdomen,9275,train
HAM_0002587,ISIC_0031803,nv,consensus,60.0,female,abdomen,9276,train
HAM_0002795,ISIC_0025278,nv,consensus,30.0,female,back,9277,train
HAM_0002795,ISIC_0032312,nv,consensus,30.0,female,back,9278,train
HAM_0002768,ISIC_0026657,nv,consensus,60.0,female,abdomen,9281,train
HAM_0002768,ISIC_0028067,nv,consensus,60.0,female,abdomen,9282,train
HAM_0006645,ISIC_0024818,nv,consensus,40.0,male,back,9285,train
HAM_0006645,ISIC_0031595,nv,consensus,40.0,male,back,9286,train
HAM_0001172,ISIC_0024821,nv,consensus,65.0,male,back,9292,train
HAM_0003430,ISIC_0027266,nv,consensus,65.0,male,back,9293,train
HAM_0003430,ISIC_0025271,nv,consensus,65.0,male,back,9294,train
HAM_0003430,ISIC_0027867,nv,consensus,65.0,male,back,9295,train
HAM_0001765,ISIC_0026788,nv,consensus,65.0,female,lower extremity,9296,train
HAM_0001765,ISIC_0029759,nv,consensus,65.0,female,lower extremity,9297,train
HAM_0002364,ISIC_0030348,nv,consensus,5.0,female,hand,9298,train
HAM_0002364,ISIC_0032042,nv,consensus,5.0,female,hand,9299,train
HAM_0006913,ISIC_0031602,nv,consensus,65.0,male,upper extremity,9300,train
HAM_0006913,ISIC_0024683,nv,consensus,65.0,male,upper extremity,9301,train
HAM_0003035,ISIC_0025168,nv,consensus,10.0,female,upper extremity,9304,train
HAM_0003035,ISIC_0024617,nv,consensus,10.0,female,upper extremity,9305,train
HAM_0002416,ISIC_0026816,nv,consensus,20.0,female,foot,9306,train
HAM_0002416,ISIC_0028635,nv,consensus,20.0,female,foot,9307,train
HAM_0003619,ISIC_0028562,nv,consensus,65.0,female,face,9311,train
HAM_0003619,ISIC_0025553,nv,consensus,65.0,female,face,9312,train
HAM_0004475,ISIC_0029920,nv,consensus,85.0,female,back,9313,train
HAM_0004475,ISIC_0031188,nv,consensus,85.0,female,back,9314,train
HAM_0005829,ISIC_0030589,nv,consensus,50.0,female,scalp,9315,train
HAM_0005829,ISIC_0030091,nv,consensus,50.0,female,scalp,9316,train
HAM_0002589,ISIC_0028720,nv,consensus,5.0,male,lower extremity,9317,train
HAM_0002589,ISIC_0026318,nv,consensus,5.0,male,lower extremity,9318,train
HAM_0005193,ISIC_0026742,nv,consensus,50.0,female,ear,9319,train
HAM_0005193,ISIC_0028665,nv,consensus,50.0,female,ear,9320,train
HAM_0001902,ISIC_0026480,nv,consensus,5.0,female,lower extremity,9321,train
HAM_0001902,ISIC_0029668,nv,consensus,5.0,female,lower extremity,9322,train
HAM_0007484,ISIC_0031750,nv,consensus,15.0,female,lower extremity,9325,train
HAM_0007484,ISIC_0030710,nv,consensus,15.0,female,lower extremity,9326,train
HAM_0005720,ISIC_0027714,nv,consensus,50.0,female,back,9327,train
HAM_0005720,ISIC_0030585,nv,consensus,50.0,female,back,9328,train
HAM_0003609,ISIC_0030567,nv,consensus,30.0,male,foot,9330,train
HAM_0003609,ISIC_0025729,nv,consensus,30.0,male,foot,9331,train
HAM_0004646,ISIC_0029140,nv,consensus,25.0,male,back,9332,train
HAM_0004646,ISIC_0030557,nv,consensus,25.0,male,back,9333,train
HAM_0005160,ISIC_0025865,nv,consensus,65.0,male,upper extremity,9334,train
HAM_0005160,ISIC_0024935,nv,consensus,65.0,male,upper extremity,9335,train
HAM_0002832,ISIC_0029091,nv,consensus,5.0,male,trunk,9336,train
HAM_0002832,ISIC_0032026,nv,consensus,5.0,male,trunk,9337,train
HAM_0002833,ISIC_0026889,nv,consensus,5.0,male,trunk,9338,train
HAM_0002833,ISIC_0030963,nv,consensus,5.0,male,trunk,9339,train
HAM_0006551,ISIC_0030336,nv,consensus,25.0,male,lower extremity,9340,train
HAM_0006551,ISIC_0027970,nv,consensus,25.0,male,lower extremity,9341,train
HAM_0006411,ISIC_0027140,nv,consensus,15.0,female,lower extremity,9342,train
HAM_0006411,ISIC_0031322,nv,consensus,15.0,female,lower extremity,9343,train
HAM_0000406,ISIC_0031985,nv,consensus,20.0,female,back,9344,train
HAM_0000406,ISIC_0030890,nv,consensus,20.0,female,back,9345,train
HAM_0002084,ISIC_0030404,nv,consensus,0.0,male,face,9346,train
HAM_0002084,ISIC_0027311,nv,consensus,0.0,male,face,9347,train
HAM_0000741,ISIC_0025956,nv,consensus,35.0,male,back,9352,train
HAM_0000741,ISIC_0027607,nv,consensus,35.0,male,back,9353,train
HAM_0002726,ISIC_0025860,nv,consensus,5.0,male,foot,9354,train
HAM_0002726,ISIC_0025473,nv,consensus,5.0,male,foot,9355,train
HAM_0007058,ISIC_0029786,nv,consensus,50.0,male,back,9358,train
HAM_0007058,ISIC_0027642,nv,consensus,50.0,male,back,9359,train
HAM_0000159,ISIC_0024540,nv,consensus,25.0,female,trunk,9360,train
HAM_0000159,ISIC_0027948,nv,consensus,25.0,female,trunk,9361,train
HAM_0004667,ISIC_0032008,nv,consensus,55.0,male,neck,9362,train
HAM_0004667,ISIC_0031317,nv,consensus,55.0,male,neck,9363,train
HAM_0007445,ISIC_0024734,nv,consensus,25.0,male,foot,9364,train
HAM_0007445,ISIC_0027012,nv,consensus,25.0,male,foot,9365,train
HAM_0006756,ISIC_0029592,nv,consensus,30.0,female,chest,9366,train
HAM_0006756,ISIC_0026037,nv,consensus,30.0,female,chest,9367,train
HAM_0004777,ISIC_0026749,nv,consensus,25.0,female,foot,9373,train
HAM_0004777,ISIC_0029895,nv,consensus,25.0,female,foot,9374,train
HAM_0005246,ISIC_0030059,nv,consensus,0.0,male,scalp,9375,train
HAM_0004703,ISIC_0028658,nv,consensus,10.0,male,abdomen,9376,train
HAM_0007437,ISIC_0032020,nv,consensus,0.0,female,lower extremity,9377,train
HAM_0007437,ISIC_0024745,nv,consensus,0.0,female,lower extremity,9378,train
HAM_0002571,ISIC_0026190,nv,consensus,70.0,male,foot,9379,train
HAM_0002571,ISIC_0025881,nv,consensus,70.0,male,foot,9380,train
HAM_0005960,ISIC_0030358,nv,consensus,60.0,male,neck,9383,train
HAM_0005960,ISIC_0028632,nv,consensus,60.0,male,neck,9384,train
HAM_0000698,ISIC_0031668,nv,consensus,,male,foot,9386,train
HAM_0000698,ISIC_0027431,nv,consensus,,male,foot,9387,train
HAM_0002284,ISIC_0030300,nv,consensus,15.0,male,back,9390,train
HAM_0007239,ISIC_0025252,nv,consensus,25.0,male,neck,9391,train
HAM_0007239,ISIC_0027143,nv,consensus,25.0,male,neck,9392,train
HAM_0000229,ISIC_0030086,nv,consensus,35.0,female,face,9393,train
HAM_0005122,ISIC_0034265,nv,consensus,70.0,male,trunk,9395,train
HAM_0006459,ISIC_0033011,nv,consensus,70.0,male,trunk,9396,train
HAM_0000765,ISIC_0033445,nv,consensus,70.0,male,trunk,9398,train
HAM_0002027,ISIC_0032697,nv,consensus,70.0,male,trunk,9399,train
HAM_0006218,ISIC_0032589,nv,consensus,70.0,male,trunk,9400,train
HAM_0002553,ISIC_0032931,nv,consensus,70.0,male,trunk,9401,train
HAM_0003362,ISIC_0033313,nv,consensus,45.0,female,unknown,9403,train
HAM_0003361,ISIC_0033234,nv,consensus,45.0,female,unknown,9404,train
HAM_0003367,ISIC_0033903,nv,consensus,45.0,female,unknown,9406,train
HAM_0003365,ISIC_0033682,nv,consensus,45.0,female,unknown,9408,train
HAM_0003356,ISIC_0033105,nv,consensus,45.0,female,unknown,9409,train
HAM_0003359,ISIC_0032979,nv,consensus,45.0,female,unknown,9410,train
HAM_0003365,ISIC_0033890,nv,consensus,45.0,female,unknown,9411,train
HAM_0003363,ISIC_0033381,nv,consensus,45.0,female,unknown,9412,train
HAM_0003356,ISIC_0032572,nv,consensus,45.0,female,unknown,9415,train
HAM_0003357,ISIC_0032912,nv,consensus,45.0,female,unknown,9416,train
HAM_0003539,ISIC_0025897,nv,consensus,75.0,male,back,9418,train
HAM_0001259,ISIC_0028252,nv,consensus,40.0,female,abdomen,9419,train
HAM_0003040,ISIC_0028170,nv,consensus,55.0,female,back,9420,train
HAM_0007206,ISIC_0031524,nv,consensus,60.0,female,lower extremity,9421,train
HAM_0001017,ISIC_0024507,nv,consensus,30.0,female,abdomen,9422,train
HAM_0006625,ISIC_0034043,nv,consensus,75.0,female,foot,9423,train
HAM_0001009,ISIC_0029401,nv,consensus,35.0,male,foot,9424,train
HAM_0006925,ISIC_0033589,nv,consensus,50.0,female,chest,9428,train
HAM_0006925,ISIC_0033888,nv,consensus,50.0,female,chest,9429,train
HAM_0006925,ISIC_0033338,nv,consensus,50.0,female,chest,9430,train
HAM_0001930,ISIC_0032880,nv,consensus,50.0,female,back,9431,train
HAM_0001930,ISIC_0032600,nv,consensus,50.0,female,back,9432,train
HAM_0001930,ISIC_0032791,nv,consensus,50.0,female,back,9433,train
HAM_0001916,ISIC_0032721,nv,consensus,20.0,male,back,9434,train
HAM_0001916,ISIC_0033537,nv,consensus,20.0,male,back,9435,train
HAM_0007596,ISIC_0033223,nv,consensus,20.0,male,back,9438,train
HAM_0007596,ISIC_0032764,nv,consensus,20.0,male,back,9439,train
HAM_0003681,ISIC_0032907,nv,consensus,20.0,male,back,9440,train
HAM_0003681,ISIC_0033760,nv,consensus,20.0,male,back,9441,train
HAM_0005313,ISIC_0033335,nv,consensus,20.0,male,back,9442,train
HAM_0001442,ISIC_0034053,nv,consensus,40.0,male,back,9443,train
HAM_0000488,ISIC_0032930,nv,consensus,40.0,male,back,9444,train
HAM_0007184,ISIC_0033436,nv,consensus,40.0,male,unknown,9447,train
HAM_0003208,ISIC_0033572,nv,consensus,35.0,male,unknown,9448,train
HAM_0003208,ISIC_0033596,nv,consensus,35.0,male,unknown,9449,train
HAM_0005316,ISIC_0033907,nv,consensus,35.0,male,unknown,9452,train
HAM_0005316,ISIC_0033139,nv,consensus,35.0,male,unknown,9453,train
HAM_0001106,ISIC_0033225,nv,consensus,35.0,male,chest,9454,train
HAM_0001106,ISIC_0033615,nv,consensus,35.0,male,chest,9455,train
HAM_0000675,ISIC_0033418,nv,consensus,35.0,male,abdomen,9456,train
HAM_0000675,ISIC_0034054,nv,consensus,35.0,male,abdomen,9457,train
HAM_0004387,ISIC_0033132,nv,consensus,55.0,female,trunk,9465,train
HAM_0004387,ISIC_0033821,nv,consensus,55.0,female,trunk,9466,train
HAM_0005434,ISIC_0033457,nv,consensus,55.0,female,trunk,9467,train
HAM_0005641,ISIC_0033916,nv,consensus,85.0,male,unknown,9470,train
HAM_0005641,ISIC_0032554,nv,consensus,85.0,male,unknown,9471,train
HAM_0006353,ISIC_0033997,nv,consensus,40.0,female,lower extremity,9475,train
HAM_0006353,ISIC_0032712,nv,consensus,40.0,female,lower extremity,9476,train
HAM_0006353,ISIC_0033164,nv,consensus,40.0,female,lower extremity,9477,train
HAM_0002712,ISIC_0034238,nv,consensus,30.0,male,back,9484,train
HAM_0002413,ISIC_0032543,nv,consensus,30.0,male,back,9485,train
HAM_0001490,ISIC_0033176,nv,consensus,30.0,male,back,9486,train
HAM_0005717,ISIC_0032658,nv,consensus,30.0,male,back,9487,train
HAM_0000007,ISIC_0033879,nv,consensus,30.0,male,back,9492,train
HAM_0005062,ISIC_0033211,nv,consensus,70.0,female,back,9493,train
HAM_0005062,ISIC_0033617,nv,consensus,70.0,female,back,9494,train
HAM_0005062,ISIC_0033889,nv,consensus,70.0,female,back,9495,train
HAM_0003777,ISIC_0033584,nv,consensus,30.0,female,back,9503,train
HAM_0003777,ISIC_0033118,nv,consensus,30.0,female,back,9504,train
HAM_0002755,ISIC_0032523,nv,consensus,65.0,male,abdomen,9505,train
HAM_0002755,ISIC_0033159,nv,consensus,65.0,male,abdomen,9506,train
HAM_0001613,ISIC_0033542,nv,consensus,65.0,male,abdomen,9507,train
HAM_0001613,ISIC_0032748,nv,consensus,65.0,male,abdomen,9508,train
HAM_0005059,ISIC_0034027,nv,consensus,70.0,male,upper extremity,9510,train
HAM_0002724,ISIC_0032580,nv,consensus,70.0,male,upper extremity,9511,train
HAM_0002724,ISIC_0033692,nv,consensus,70.0,male,upper extremity,9512,train
HAM_0005115,ISIC_0033766,nv,consensus,35.0,male,upper extremity,9515,train
HAM_0005115,ISIC_0033008,nv,consensus,35.0,male,upper extremity,9516,train
HAM_0005353,ISIC_0033842,nv,consensus,30.0,male,back,9519,train
HAM_0005353,ISIC_0032923,nv,consensus,30.0,male,back,9520,train
HAM_0005689,ISIC_0034229,nv,consensus,20.0,male,back,9522,train
HAM_0005689,ISIC_0028066,nv,consensus,20.0,male,back,9523,train
HAM_0000650,ISIC_0033464,nv,consensus,20.0,male,back,9525,train
HAM_0004346,ISIC_0033577,nv,consensus,40.0,female,unknown,9526,train
HAM_0004348,ISIC_0033895,nv,consensus,40.0,female,unknown,9527,train
HAM_0004344,ISIC_0032678,nv,consensus,40.0,female,unknown,9528,train
HAM_0004350,ISIC_0033970,nv,consensus,40.0,female,unknown,9529,train
HAM_0004347,ISIC_0033690,nv,consensus,40.0,female,unknown,9532,train
HAM_0004345,ISIC_0033208,nv,consensus,40.0,female,unknown,9534,train
HAM_0003810,ISIC_0034309,nv,consensus,40.0,male,unknown,9536,train
HAM_0003811,ISIC_0032900,nv,consensus,40.0,male,unknown,9537,train
HAM_0003812,ISIC_0033898,nv,consensus,40.0,male,unknown,9538,train
HAM_0003813,ISIC_0033173,nv,consensus,40.0,male,unknown,9539,train
HAM_0003814,ISIC_0032647,nv,consensus,40.0,male,unknown,9540,train
HAM_0003815,ISIC_0024715,nv,consensus,40.0,male,unknown,9541,train
HAM_0003817,ISIC_0032800,nv,consensus,40.0,male,unknown,9543,train
HAM_0006233,ISIC_0033290,nv,consensus,60.0,male,unknown,9547,train
HAM_0006239,ISIC_0034177,nv,consensus,60.0,male,unknown,9549,train
HAM_0006234,ISIC_0033341,nv,consensus,60.0,male,unknown,9552,train
HAM_0006232,ISIC_0033043,nv,consensus,60.0,male,unknown,9554,train
HAM_0006230,ISIC_0032632,nv,consensus,60.0,male,unknown,9555,train
HAM_0004215,ISIC_0034302,nv,consensus,40.0,female,unknown,9556,train
HAM_0004185,ISIC_0032635,nv,consensus,40.0,female,unknown,9557,train
HAM_0004212,ISIC_0034114,nv,consensus,40.0,female,unknown,9558,train
HAM_0004191,ISIC_0032562,nv,consensus,40.0,female,unknown,9559,train
HAM_0004206,ISIC_0033826,nv,consensus,40.0,female,unknown,9560,train
HAM_0004196,ISIC_0033421,nv,consensus,40.0,female,unknown,9561,train
HAM_0004201,ISIC_0033602,nv,consensus,40.0,female,unknown,9562,train
HAM_0004214,ISIC_0034248,nv,consensus,40.0,female,unknown,9563,train
HAM_0004205,ISIC_0033797,nv,consensus,40.0,female,unknown,9565,train
HAM_0004190,ISIC_0033039,nv,consensus,40.0,female,unknown,9567,train
HAM_0004182,ISIC_0032591,nv,consensus,40.0,female,unknown,9569,train
HAM_0004213,ISIC_0034228,nv,consensus,40.0,female,unknown,9570,train
HAM_0004199,ISIC_0033556,nv,consensus,40.0,female,unknown,9571,train
HAM_0004194,ISIC_0033101,nv,consensus,40.0,female,unknown,9574,train
HAM_0004202,ISIC_0033623,nv,consensus,40.0,female,unknown,9575,train
HAM_0004209,ISIC_0034075,nv,consensus,40.0,female,unknown,9576,train
HAM_0004183,ISIC_0032606,nv,consensus,40.0,female,unknown,9577,train
HAM_0004207,ISIC_0033858,nv,consensus,40.0,female,unknown,9580,train
HAM_0004193,ISIC_0033072,nv,consensus,40.0,female,unknown,9582,train
HAM_0004184,ISIC_0032634,nv,consensus,40.0,female,unknown,9585,train
HAM_0004211,ISIC_0034082,nv,consensus,40.0,female,unknown,9588,train
HAM_0004200,ISIC_0033567,nv,consensus,40.0,female,unknown,9589,train
HAM_0004216,ISIC_0034312,nv,consensus,40.0,female,unknown,9590,train
HAM_0003236,ISIC_0033025,nv,consensus,30.0,female,upper extremity,9591,train
HAM_0003236,ISIC_0033053,nv,consensus,30.0,female,upper extremity,9592,train
HAM_0006766,ISIC_0033374,nv,consensus,,unknown,unknown,9593,train
HAM_0004237,ISIC_0033877,nv,consensus,,unknown,unknown,9594,train
HAM_0007460,ISIC_0032578,nv,consensus,,unknown,unknown,9595,train
HAM_0000822,ISIC_0033841,nv,consensus,,unknown,unknown,9596,train
HAM_0006644,ISIC_0033882,nv,consensus,,unknown,unknown,9597,train
HAM_0004120,ISIC_0034266,nv,consensus,,unknown,unknown,9598,train
HAM_0005257,ISIC_0033751,nv,consensus,,unknown,unknown,9599,train
HAM_0001619,ISIC_0033065,nv,consensus,,unknown,unknown,9600,train
HAM_0001147,ISIC_0033375,nv,consensus,,unknown,unknown,9601,train
HAM_0002037,ISIC_0033733,nv,consensus,,unknown,unknown,9603,train
HAM_0007191,ISIC_0032738,nv,consensus,,unknown,unknown,9604,train
HAM_0001000,ISIC_0033353,nv,consensus,,unknown,unknown,9605,train
HAM_0000627,ISIC_0034019,nv,consensus,,unknown,unknown,9606,train
HAM_0002164,ISIC_0032852,nv,consensus,,unknown,unknown,9607,train
HAM_0000421,ISIC_0034080,nv,consensus,,unknown,unknown,9608,train
HAM_0001118,ISIC_0033332,nv,consensus,,unknown,unknown,9613,train
HAM_0003696,ISIC_0032945,nv,consensus,,unknown,unknown,9615,train
HAM_0005439,ISIC_0033597,nv,consensus,,unknown,unknown,9616,train
HAM_0002282,ISIC_0034045,nv,consensus,,unknown,unknown,9617,train
HAM_0003998,ISIC_0033809,nv,consensus,,unknown,unknown,9619,train
HAM_0003034,ISIC_0033187,nv,consensus,,unknown,unknown,9620,train
HAM_0001366,ISIC_0032814,nv,consensus,,unknown,unknown,9621,train
HAM_0004670,ISIC_0033190,nv,consensus,,unknown,unknown,9622,train
HAM_0005156,ISIC_0033330,nv,consensus,,unknown,unknown,9624,train
HAM_0001433,ISIC_0033735,nv,consensus,,unknown,unknown,9627,train
HAM_0003300,ISIC_0034195,nv,consensus,,unknown,unknown,9629,train
HAM_0006720,ISIC_0024725,nv,consensus,0.0,female,lower extremity,9633,train
HAM_0006720,ISIC_0031259,nv,consensus,0.0,female,lower extremity,9634,train
HAM_0003642,ISIC_0027492,nv,consensus,50.0,female,chest,9637,train
HAM_0003642,ISIC_0027528,nv,consensus,50.0,female,chest,9638,train
HAM_0000057,ISIC_0026391,nv,consensus,30.0,male,unknown,9639,train
HAM_0000057,ISIC_0025122,nv,consensus,30.0,male,unknown,9640,train
HAM_0007122,ISIC_0025816,nv,consensus,75.0,male,lower extremity,9643,train
HAM_0005696,ISIC_0028014,nv,consensus,30.0,male,back,9645,train
HAM_0005696,ISIC_0025499,nv,consensus,30.0,male,back,9646,train
HAM_0002566,ISIC_0024437,nv,consensus,55.0,female,chest,9651,train
HAM_0002566,ISIC_0031105,nv,consensus,55.0,female,chest,9652,train
HAM_0001393,ISIC_0027418,nv,consensus,55.0,female,back,9653,train
HAM_0001393,ISIC_0029030,nv,consensus,55.0,female,back,9654,train
HAM_0002408,ISIC_0031359,nv,consensus,65.0,male,neck,9655,train
HAM_0002408,ISIC_0031454,nv,consensus,65.0,male,neck,9656,train
HAM_0001956,ISIC_0024955,nv,consensus,30.0,female,back,9657,train
HAM_0001956,ISIC_0030038,nv,consensus,30.0,female,back,9658,train
HAM_0000258,ISIC_0030909,nv,consensus,30.0,female,scalp,9659,train
HAM_0000258,ISIC_0031323,nv,consensus,30.0,female,scalp,9660,train
HAM_0004742,ISIC_0031791,nv,consensus,50.0,female,back,9661,train
HAM_0004742,ISIC_0028338,nv,consensus,50.0,female,back,9662,train
HAM_0005018,ISIC_0028008,nv,consensus,55.0,male,upper extremity,9667,train
HAM_0005018,ISIC_0026440,nv,consensus,55.0,male,upper extremity,9668,train
HAM_0007122,ISIC_0028399,nv,consensus,75.0,male,lower extremity,9669,train
HAM_0001410,ISIC_0029143,nv,consensus,15.0,female,chest,9670,train
HAM_0003965,ISIC_0025652,nv,consensus,15.0,female,back,9671,train
HAM_0002554,ISIC_0028585,nv,consensus,30.0,male,back,9672,train
HAM_0002554,ISIC_0032102,nv,consensus,30.0,male,back,9676,train
HAM_0006283,ISIC_0032273,nv,consensus,20.0,male,chest,9677,train
HAM_0001410,ISIC_0024830,nv,consensus,15.0,female,chest,9680,train
HAM_0003965,ISIC_0028380,nv,consensus,15.0,female,back,9681,train
HAM_0006283,ISIC_0027924,nv,consensus,20.0,male,chest,9682,train
HAM_0000102,ISIC_0031547,nv,consensus,20.0,male,back,9683,train
HAM_0000102,ISIC_0032221,nv,consensus,20.0,male,back,9684,train
HAM_0005314,ISIC_0030693,nv,consensus,40.0,male,neck,9685,train
HAM_0003322,ISIC_0031649,nv,consensus,50.0,female,face,9686,train
HAM_0002644,ISIC_0029417,akiec,histo,80.0,female,neck,9687,train
HAM_0006002,ISIC_0029915,akiec,histo,50.0,female,face,9688,train
HAM_0000549,ISIC_0029360,akiec,histo,70.0,male,upper extremity,9689,train
HAM_0000549,ISIC_0026152,akiec,histo,70.0,male,upper extremity,9690,train
HAM_0000673,ISIC_0029659,akiec,histo,70.0,female,face,9691,train
HAM_0006875,ISIC_0026575,akiec,histo,80.0,male,face,9692,train
HAM_0006875,ISIC_0030586,akiec,histo,80.0,male,face,9693,train
HAM_0001499,ISIC_0031929,akiec,histo,65.0,male,lower extremity,9698,train
HAM_0001694,ISIC_0032173,akiec,histo,80.0,female,upper extremity,9699,train
HAM_0002615,ISIC_0033456,akiec,histo,70.0,male,scalp,9700,train
HAM_0001495,ISIC_0024913,akiec,histo,85.0,male,back,9703,train
HAM_0005027,ISIC_0032329,akiec,histo,85.0,female,back,9704,train
HAM_0003422,ISIC_0031198,akiec,histo,55.0,female,neck,9705,train
HAM_0006746,ISIC_0026872,akiec,histo,85.0,male,lower extremity,9706,train
HAM_0005931,ISIC_0031191,akiec,histo,60.0,male,lower extremity,9707,train
HAM_0002672,ISIC_0025948,akiec,histo,75.0,male,face,9708,train
HAM_0004243,ISIC_0031119,akiec,histo,80.0,male,face,9710,train
HAM_0002745,ISIC_0024562,akiec,histo,75.0,male,chest,9711,train
HAM_0005301,ISIC_0026362,akiec,histo,60.0,female,upper extremity,9712,train
HAM_0001621,ISIC_0030297,akiec,histo,70.0,female,face,9713,train
HAM_0006893,ISIC_0027084,akiec,histo,65.0,female,lower extremity,9714,train
HAM_0003989,ISIC_0030714,akiec,histo,70.0,female,face,9715,train
HAM_0003688,ISIC_0028231,akiec,histo,80.0,male,upper extremity,9717,train
HAM_0004846,ISIC_0026411,akiec,histo,70.0,female,hand,9718,train
HAM_0003971,ISIC_0029634,akiec,histo,60.0,male,face,9719,train
HAM_0004012,ISIC_0030803,akiec,histo,65.0,female,face,9721,train
HAM_0004012,ISIC_0025831,akiec,histo,65.0,female,face,9722,train
HAM_0005310,ISIC_0027231,akiec,histo,85.0,male,back,9723,train
HAM_0007601,ISIC_0032437,akiec,histo,65.0,male,upper extremity,9729,train
HAM_0001383,ISIC_0027700,akiec,histo,80.0,male,upper extremity,9731,train
HAM_0000718,ISIC_0025130,akiec,histo,80.0,female,face,9733,train
HAM_0007085,ISIC_0030076,akiec,histo,85.0,female,upper extremity,9734,train
HAM_0003123,ISIC_0028816,akiec,histo,60.0,male,face,9735,train
HAM_0003123,ISIC_0028232,akiec,histo,60.0,male,face,9736,train
HAM_0003501,ISIC_0026927,akiec,histo,75.0,male,lower extremity,9738,train
HAM_0003161,ISIC_0030191,akiec,histo,60.0,female,lower extremity,9740,train
HAM_0002472,ISIC_0025696,akiec,histo,60.0,male,face,9744,train
HAM_0001337,ISIC_0032455,akiec,histo,80.0,male,upper extremity,9745,train
HAM_0002185,ISIC_0030794,akiec,histo,65.0,male,lower extremity,9746,train
HAM_0005766,ISIC_0031738,akiec,histo,85.0,male,upper extremity,9747,train
HAM_0005889,ISIC_0029930,akiec,histo,70.0,female,face,9748,train
HAM_0002012,ISIC_0026327,akiec,histo,55.0,female,upper extremity,9749,train
HAM_0005438,ISIC_0027708,akiec,histo,50.0,female,face,9753,train
HAM_0001453,ISIC_0030991,akiec,histo,45.0,male,face,9755,train
HAM_0001234,ISIC_0031940,akiec,histo,55.0,female,lower extremity,9760,train
HAM_0003501,ISIC_0029582,akiec,histo,75.0,male,lower extremity,9761,train
HAM_0006560,ISIC_0026729,akiec,histo,50.0,male,face,9762,train
HAM_0006482,ISIC_0028372,akiec,histo,55.0,female,hand,9763,train
HAM_0006482,ISIC_0027506,akiec,histo,55.0,female,hand,9764,train
HAM_0005354,ISIC_0026625,akiec,histo,60.0,male,face,9765,train
HAM_0005356,ISIC_0028854,akiec,histo,60.0,male,face,9766,train
HAM_0005117,ISIC_0025712,akiec,histo,70.0,female,chest,9768,train
HAM_0004441,ISIC_0031852,akiec,histo,85.0,female,upper extremity,9770,train
HAM_0004363,ISIC_0031609,akiec,histo,55.0,male,face,9771,train
HAM_0004384,ISIC_0032422,akiec,histo,70.0,male,face,9772,train
HAM_0004384,ISIC_0030826,akiec,histo,70.0,male,face,9773,train
HAM_0005389,ISIC_0031012,akiec,histo,70.0,male,lower extremity,9774,train
HAM_0005389,ISIC_0029533,akiec,histo,70.0,male,lower extremity,9775,train
HAM_0005389,ISIC_0024372,akiec,histo,70.0,male,lower extremity,9776,train
HAM_0005448,ISIC_0024707,akiec,histo,60.0,male,face,9777,train
HAM_0003146,ISIC_0026992,akiec,histo,85.0,male,upper extremity,9778,train
HAM_0003146,ISIC_0029563,akiec,histo,85.0,male,upper extremity,9779,train
HAM_0002441,ISIC_0030491,akiec,histo,80.0,male,scalp,9780,train
HAM_0000859,ISIC_0029715,akiec,histo,70.0,male,lower extremity,9781,train
HAM_0002648,ISIC_0027650,akiec,histo,40.0,male,neck,9783,train
HAM_0001894,ISIC_0024517,akiec,histo,65.0,male,back,9785,train
HAM_0002232,ISIC_0025825,akiec,histo,80.0,female,face,9786,train
HAM_0003136,ISIC_0026645,akiec,histo,65.0,male,back,9789,train
HAM_0004609,ISIC_0024710,akiec,histo,75.0,male,back,9790,train
HAM_0003157,ISIC_0029811,akiec,histo,65.0,male,upper extremity,9792,train
HAM_0006301,ISIC_0024771,akiec,histo,75.0,male,neck,9796,train
HAM_0007037,ISIC_0030375,akiec,histo,65.0,male,face,9801,train
HAM_0003051,ISIC_0030175,akiec,histo,85.0,female,upper extremity,9802,train
HAM_0005954,ISIC_0032203,akiec,histo,60.0,female,lower extremity,9806,train
HAM_0002705,ISIC_0025089,akiec,histo,65.0,male,scalp,9807,train
HAM_0002705,ISIC_0027178,akiec,histo,65.0,male,scalp,9808,train
HAM_0002734,ISIC_0028190,akiec,histo,45.0,male,face,9809,train
HAM_0006434,ISIC_0028314,akiec,histo,60.0,male,lower extremity,9810,train
HAM_0005027,ISIC_0026138,akiec,histo,85.0,female,back,9811,train
HAM_0005264,ISIC_0029371,akiec,histo,45.0,male,back,9812,train
HAM_0005264,ISIC_0031659,akiec,histo,45.0,male,back,9813,train
HAM_0005264,ISIC_0024946,akiec,histo,45.0,male,back,9814,train
HAM_0001890,ISIC_0030707,akiec,histo,80.0,female,upper extremity,9815,train
HAM_0005924,ISIC_0030953,akiec,histo,80.0,female,upper extremity,9818,train
HAM_0005924,ISIC_0025196,akiec,histo,80.0,female,upper extremity,9819,train
HAM_0006604,ISIC_0030821,akiec,histo,75.0,male,neck,9820,train
HAM_0007008,ISIC_0031292,akiec,histo,60.0,male,hand,9821,train
HAM_0002771,ISIC_0029059,akiec,histo,80.0,female,lower extremity,9823,train
HAM_0006213,ISIC_0025182,akiec,histo,60.0,female,hand,9824,train
HAM_0002070,ISIC_0028659,akiec,histo,70.0,female,upper extremity,9825,train
HAM_0001178,ISIC_0031570,akiec,histo,70.0,female,back,9826,train
HAM_0003380,ISIC_0024418,akiec,histo,75.0,female,lower extremity,9827,train
HAM_0003380,ISIC_0027343,akiec,histo,75.0,female,lower extremity,9828,train
HAM_0003939,ISIC_0027172,akiec,histo,75.0,male,face,9829,train
HAM_0001460,ISIC_0025637,akiec,histo,75.0,male,face,9831,train
HAM_0001624,ISIC_0032277,akiec,histo,85.0,male,scalp,9832,train
HAM_0002461,ISIC_0025953,akiec,histo,65.0,male,face,9833,train
HAM_0002615,ISIC_0033494,akiec,histo,70.0,male,scalp,9836,train
HAM_0003262,ISIC_0026212,akiec,histo,45.0,male,face,9837,train
HAM_0002882,ISIC_0026014,akiec,histo,85.0,male,lower extremity,9838,train
HAM_0002615,ISIC_0033413,akiec,histo,70.0,male,scalp,9841,train
HAM_0004609,ISIC_0030785,akiec,histo,75.0,male,back,9842,train
HAM_0004809,ISIC_0029840,akiec,histo,60.0,male,face,9843,train
HAM_0001786,ISIC_0027047,akiec,histo,70.0,male,upper extremity,9844,train
HAM_0000954,ISIC_0026100,akiec,histo,70.0,male,lower extremity,9850,train
HAM_0000954,ISIC_0029567,akiec,histo,70.0,male,lower extremity,9851,train
HAM_0005650,ISIC_0024522,akiec,histo,65.0,male,lower extremity,9852,train
HAM_0005650,ISIC_0030387,akiec,histo,65.0,male,lower extremity,9853,train
HAM_0002441,ISIC_0031381,akiec,histo,80.0,male,scalp,9854,train
HAM_0000769,ISIC_0029851,akiec,histo,80.0,male,lower extremity,9855,train
HAM_0000769,ISIC_0029279,akiec,histo,80.0,male,lower extremity,9856,train
HAM_0002646,ISIC_0028558,akiec,histo,75.0,male,face,9857,train
HAM_0004568,ISIC_0027529,akiec,histo,50.0,male,upper extremity,9858,train
HAM_0004568,ISIC_0024463,akiec,histo,50.0,male,upper extremity,9859,train
HAM_0004568,ISIC_0028795,akiec,histo,50.0,male,upper extremity,9860,train
HAM_0006879,ISIC_0029573,akiec,histo,70.0,male,lower extremity,9861,train
HAM_0005701,ISIC_0025350,akiec,histo,70.0,male,lower extremity,9862,train
HAM_0003157,ISIC_0031578,akiec,histo,65.0,male,upper extremity,9864,train
HAM_0005480,ISIC_0026149,akiec,histo,65.0,male,face,9873,train
HAM_0005480,ISIC_0025992,akiec,histo,65.0,male,face,9874,train
HAM_0002646,ISIC_0029781,akiec,histo,75.0,male,face,9878,train
HAM_0001048,ISIC_0026525,akiec,histo,45.0,male,face,9879,train
HAM_0001565,ISIC_0026709,akiec,histo,60.0,female,face,9880,train
HAM_0000462,ISIC_0032897,akiec,histo,60.0,female,lower extremity,9882,train
HAM_0007601,ISIC_0027447,akiec,histo,65.0,male,upper extremity,9896,train
HAM_0007601,ISIC_0027536,akiec,histo,65.0,male,upper extremity,9897,train
HAM_0003105,ISIC_0025029,akiec,histo,75.0,female,upper extremity,9902,train
HAM_0003105,ISIC_0026388,akiec,histo,75.0,female,upper extremity,9903,train
HAM_0004992,ISIC_0026132,akiec,histo,70.0,male,chest,9904,train
HAM_0001004,ISIC_0025790,akiec,histo,75.0,female,lower extremity,9905,train
HAM_0001004,ISIC_0024923,akiec,histo,75.0,female,lower extremity,9906,train
HAM_0005020,ISIC_0026626,akiec,histo,65.0,female,face,9907,train
HAM_0005648,ISIC_0027580,akiec,histo,75.0,male,upper extremity,9909,train
HAM_0005024,ISIC_0025803,akiec,histo,80.0,male,face,9910,train
HAM_0000909,ISIC_0026981,akiec,histo,55.0,male,lower extremity,9911,train
HAM_0000909,ISIC_0031286,akiec,histo,55.0,male,lower extremity,9912,train
HAM_0005551,ISIC_0029900,akiec,histo,60.0,male,face,9914,train
HAM_0005718,ISIC_0029549,akiec,histo,70.0,male,back,9915,train
HAM_0006180,ISIC_0026905,akiec,histo,70.0,male,upper extremity,9916,train
HAM_0006252,ISIC_0024646,akiec,histo,70.0,female,face,9918,train
HAM_0006442,ISIC_0033000,akiec,histo,70.0,male,hand,9919,train
HAM_0006442,ISIC_0033295,akiec,histo,70.0,male,hand,9920,train
HAM_0006524,ISIC_0031228,akiec,histo,65.0,male,ear,9921,train
HAM_0006524,ISIC_0024763,akiec,histo,65.0,male,ear,9922,train
HAM_0006434,ISIC_0028076,akiec,histo,60.0,male,lower extremity,9923,train
HAM_0006434,ISIC_0030142,akiec,histo,60.0,male,lower extremity,9924,train
HAM_0006301,ISIC_0024468,akiec,histo,75.0,male,neck,9925,train
HAM_0006301,ISIC_0031823,akiec,histo,75.0,male,neck,9927,train
HAM_0006560,ISIC_0028063,akiec,histo,50.0,male,face,9928,train
HAM_0006560,ISIC_0027802,akiec,histo,50.0,male,face,9930,train
HAM_0002954,ISIC_0024329,akiec,histo,75.0,female,lower extremity,9931,train
HAM_0006592,ISIC_0024925,akiec,histo,75.0,male,abdomen,9932,train
HAM_0000545,ISIC_0029460,akiec,histo,70.0,male,face,9933,train
HAM_0003107,ISIC_0030844,akiec,histo,80.0,female,upper extremity,9934,train
HAM_0006887,ISIC_0031993,akiec,histo,45.0,male,face,9935,train
HAM_0006887,ISIC_0029500,akiec,histo,45.0,male,face,9936,train
HAM_0007038,ISIC_0032404,akiec,histo,70.0,male,face,9937,train
HAM_0007047,ISIC_0025957,akiec,histo,60.0,female,lower extremity,9938,train
HAM_0007047,ISIC_0025605,akiec,histo,60.0,female,lower extremity,9941,train
HAM_0007088,ISIC_0024800,akiec,histo,50.0,male,back,9942,train
HAM_0007623,ISIC_0025264,akiec,histo,75.0,male,back,9944,train
HAM_0007622,ISIC_0027562,akiec,histo,60.0,female,face,9948,train
HAM_0000832,ISIC_0028763,akiec,histo,85.0,male,upper extremity,9950,train
HAM_0000918,ISIC_0029133,akiec,histo,65.0,female,face,9951,train
HAM_0003934,ISIC_0027767,akiec,histo,85.0,male,back,9952,train
HAM_0001520,ISIC_0027294,akiec,histo,75.0,female,lower extremity,9953,train
HAM_0001386,ISIC_0027668,akiec,histo,60.0,male,scalp,9954,train
HAM_0001416,ISIC_0025427,akiec,histo,85.0,male,upper extremity,9955,train
HAM_0003144,ISIC_0032135,akiec,histo,65.0,female,face,9956,train
HAM_0001593,ISIC_0028941,akiec,histo,70.0,female,face,9958,train
HAM_0002699,ISIC_0029827,akiec,histo,60.0,male,back,9960,train
HAM_0005228,ISIC_0026702,akiec,histo,80.0,female,face,9962,train
HAM_0004033,ISIC_0027452,akiec,histo,70.0,male,upper extremity,9963,train
HAM_0001903,ISIC_0026984,akiec,histo,50.0,male,face,9964,train
HAM_0001302,ISIC_0032206,akiec,histo,50.0,male,neck,9965,train
HAM_0000361,ISIC_0032199,akiec,histo,60.0,female,face,9966,train
HAM_0000462,ISIC_0033869,akiec,histo,60.0,female,lower extremity,9967,train
HAM_0004363,ISIC_0026857,akiec,histo,55.0,male,face,9968,train
HAM_0006036,ISIC_0029713,akiec,histo,85.0,male,back,9970,train
HAM_0000239,ISIC_0033866,akiec,histo,80.0,male,face,9972,train
HAM_0007008,ISIC_0030036,akiec,histo,60.0,male,hand,9973,train
HAM_0004034,ISIC_0027829,akiec,histo,55.0,female,face,9976,train
HAM_0006902,ISIC_0031506,akiec,histo,70.0,male,hand,9977,train
HAM_0004472,ISIC_0025368,akiec,histo,40.0,female,face,9979,train
HAM_0006252,ISIC_0026040,akiec,histo,70.0,female,face,9983,train
HAM_0006024,ISIC_0029830,akiec,histo,60.0,male,face,9984,train
HAM_0006024,ISIC_0027884,akiec,histo,60.0,male,face,9985,train
HAM_0004809,ISIC_0031108,akiec,histo,60.0,male,face,9987,train
HAM_0004384,ISIC_0029025,akiec,histo,70.0,male,face,9989,train
HAM_0004462,ISIC_0027334,akiec,histo,45.0,male,trunk,9990,train
HAM_0001152,ISIC_0030133,akiec,histo,65.0,male,face,9991,train
HAM_0004282,ISIC_0033811,akiec,histo,65.0,female,face,9992,train
HAM_0000545,ISIC_0026650,akiec,histo,70.0,male,face,9993,train
HAM_0000193,ISIC_0030877,akiec,histo,60.0,female,face,9994,train
HAM_0000193,ISIC_0027950,akiec,histo,60.0,female,face,9995,train
HAM_0006180,ISIC_0027615,akiec,histo,70.0,male,upper extremity,9996,train
HAM_0006180,ISIC_0028990,akiec,histo,70.0,male,upper extremity,9997,train
HAM_0004282,ISIC_0033358,akiec,histo,65.0,female,face,9998,train
HAM_0004282,ISIC_0033151,akiec,histo,65.0,female,face,10000,train
HAM_0000020,ISIC_0031922,akiec,histo,60.0,female,face,10001,train
HAM_0006442,ISIC_0032947,akiec,histo,70.0,male,hand,10002,train
HAM_0005579,ISIC_0029309,akiec,histo,80.0,male,face,10004,train
HAM_0005579,ISIC_0028393,akiec,histo,80.0,male,face,10005,train
HAM_0004034,ISIC_0024948,akiec,histo,55.0,female,face,10006,train
HAM_0001565,ISIC_0028619,akiec,histo,60.0,female,face,10007,train
HAM_0002867,ISIC_0033084,akiec,histo,40.0,male,abdomen,10010,train
HAM_0002867,ISIC_0033550,akiec,histo,40.0,male,abdomen,10011,train
HAM_0002867,ISIC_0033536,akiec,histo,40.0,male,abdomen,10012,train
HAM_0000239,ISIC_0032854,akiec,histo,80.0,male,face,10013,train
HAM_0003521,ISIC_0032258,mel,histo,70.0,female,back,10014,train
